event_id,policy_no,event_date,event_type,reason_failed
AP1,T1000000001,2025-04-16,attempt_success,
AP2,T1000000001,2025-10-15,attempt_success,
AP3,T1000000001,2026-04-15,attempt_failed,insufficient_funds
AP4,T1000000001,2026-04-18,attempt_success,
AP5,T1000000003,2025-08-03,attempt_success,
AP6,T1000000003,2026-02-01,attempt_success,
AP7,T1000000006,2025-09-12,attempt_success,
AP8,T1000000006,2025-12-12,attempt_failed,card_expired
AP9,T1000000006,2025-12-15,attempt_success,
AP10,T1000000006,2026-03-13,attempt_success,
AP11,T1000000006,2026-06-12,attempt_failed,insufficient_funds
AP12,T1000000006,2026-06-15,attempt_success,
AP13,T1000000008,2025-09-09,attempt_success,
AP14,T1000000008,2025-10-09,attempt_success,
AP15,T1000000008,2025-11-08,attempt_failed,insufficient_funds
AP16,T1000000008,2025-11-11,attempt_success,
AP17,T1000000008,2025-12-08,attempt_success,
AP18,T1000000008,2026-01-07,attempt_success,
AP19,T1000000008,2026-02-06,attempt_success,
AP20,T1000000008,2026-03-08,attempt_success,
AP21,T1000000008,2026-04-07,attempt_success,
AP22,T1000000008,2026-05-07,attempt_success,
AP23,T1000000008,2026-06-06,attempt_success,
AP24,T1000000010,2025-09-27,attempt_success,
AP25,T1000000010,2025-10-27,attempt_failed,insufficient_funds
AP26,T1000000010,2025-10-30,attempt_success,
AP27,T1000000010,2025-11-26,attempt_success,
AP28,T1000000010,2025-12-26,attempt_failed,bank_declined
AP29,T1000000010,2025-12-29,attempt_success,
AP30,T1000000010,2026-01-25,attempt_success,
AP31,T1000000010,2026-02-24,attempt_success,
AP32,T1000000010,2026-03-26,attempt_success,
AP33,T1000000010,2026-04-25,attempt_success,
AP34,T1000000010,2026-05-25,attempt_success,
AP35,T1000000010,2026-06-24,attempt_success,
AP36,T1000000011,2025-01-07,attempt_success,
AP37,T1000000011,2026-01-07,attempt_success,
AP38,T1000000013,2025-06-17,attempt_success,
AP39,T1000000013,2025-12-16,attempt_success,
AP40,T1000000013,2026-06-16,attempt_success,
AP41,T1000000014,2024-11-23,attempt_success,
AP42,T1000000014,2025-11-23,attempt_success,
AP43,T1000000017,2025-08-04,attempt_success,
AP44,T1000000017,2026-02-02,attempt_success,
AP45,T1000000019,2024-12-22,attempt_success,
AP46,T1000000019,2025-12-22,attempt_success,
AP47,T1000000020,2025-09-13,attempt_success,
AP48,T1000000020,2025-10-13,attempt_success,
AP49,T1000000020,2025-11-12,attempt_success,
AP50,T1000000020,2025-12-12,attempt_success,
AP51,T1000000020,2026-01-11,attempt_success,
AP52,T1000000020,2026-02-10,attempt_success,
AP53,T1000000020,2026-03-12,attempt_success,
AP54,T1000000020,2026-04-11,attempt_success,
AP55,T1000000020,2026-05-11,attempt_success,
AP56,T1000000020,2026-06-10,attempt_success,
AP57,T1000000021,2025-06-17,attempt_success,
AP58,T1000000021,2026-06-17,attempt_success,
AP59,T1000000023,2025-09-20,attempt_success,
AP60,T1000000023,2025-10-20,attempt_success,
AP61,T1000000023,2025-11-19,attempt_success,
AP62,T1000000023,2025-12-19,attempt_success,
AP63,T1000000023,2026-01-18,attempt_success,
AP64,T1000000023,2026-02-17,attempt_success,
AP65,T1000000023,2026-03-19,attempt_failed,insufficient_funds
AP66,T1000000023,2026-03-22,attempt_success,
AP67,T1000000023,2026-04-18,attempt_success,
AP68,T1000000023,2026-05-18,attempt_success,
AP69,T1000000023,2026-06-17,attempt_success,
AP70,T1000000025,2025-09-10,attempt_success,
AP71,T1000000025,2025-10-10,attempt_success,
AP72,T1000000025,2025-11-09,attempt_success,
AP73,T1000000025,2025-12-09,attempt_success,
AP74,T1000000025,2026-01-08,attempt_failed,bank_declined
AP75,T1000000025,2026-01-11,attempt_success,
AP76,T1000000025,2026-02-07,attempt_success,
AP77,T1000000025,2026-03-09,attempt_success,
AP78,T1000000025,2026-04-08,attempt_success,
AP79,T1000000025,2026-05-08,attempt_success,
AP80,T1000000025,2026-06-07,attempt_failed,insufficient_funds
AP81,T1000000025,2026-06-10,attempt_success,
AP82,T1000000026,2025-09-25,attempt_success,
AP83,T1000000026,2025-10-25,attempt_success,
AP84,T1000000026,2025-11-24,attempt_success,
AP85,T1000000026,2025-12-24,attempt_failed,card_expired
AP86,T1000000026,2025-12-27,attempt_success,
AP87,T1000000026,2026-01-23,attempt_success,
AP88,T1000000026,2026-02-22,attempt_success,
AP89,T1000000026,2026-03-24,attempt_success,
AP90,T1000000026,2026-04-23,attempt_success,
AP91,T1000000026,2026-05-23,attempt_success,
AP92,T1000000026,2026-06-22,attempt_success,
AP93,T1000000027,2024-12-03,attempt_success,
AP94,T1000000027,2025-12-03,attempt_failed,card_expired
AP95,T1000000027,2025-12-06,attempt_success,
AP96,T1000000028,2025-07-11,attempt_failed,insufficient_funds
AP97,T1000000028,2025-07-14,attempt_success,
AP98,T1000000028,2025-10-10,attempt_success,
AP99,T1000000028,2026-01-09,attempt_success,
AP100,T1000000028,2026-04-10,attempt_success,
AP101,T1000000029,2025-09-17,attempt_success,
AP102,T1000000030,2025-07-20,attempt_success,
AP103,T1000000030,2025-10-19,attempt_success,
AP104,T1000000030,2026-01-18,attempt_success,
AP105,T1000000030,2026-04-19,attempt_success,
AP106,T1000000036,2025-04-19,attempt_success,
AP107,T1000000036,2026-04-19,attempt_success,
AP108,T1000000037,2025-09-19,attempt_success,
AP109,T1000000037,2025-12-19,attempt_failed,bank_declined
AP110,T1000000037,2025-12-22,attempt_success,
AP111,T1000000037,2026-03-20,attempt_success,
AP112,T1000000037,2026-06-19,attempt_failed,card_expired
AP113,T1000000037,2026-06-22,attempt_failed,card_expired
AP114,T1000000040,2025-09-24,attempt_success,
AP115,T1000000040,2025-10-24,attempt_success,
AP116,T1000000040,2025-11-23,attempt_success,
AP117,T1000000040,2025-12-23,attempt_success,
AP118,T1000000040,2026-01-22,attempt_success,
AP119,T1000000040,2026-02-21,attempt_success,
AP120,T1000000040,2026-03-23,attempt_success,
AP121,T1000000040,2026-04-22,attempt_success,
AP122,T1000000040,2026-05-22,attempt_success,
AP123,T1000000040,2026-06-21,attempt_success,
AP124,T1000000041,2025-07-29,attempt_success,
AP125,T1000000042,2025-09-24,attempt_success,
AP126,T1000000042,2025-10-24,attempt_success,
AP127,T1000000042,2025-11-23,attempt_success,
AP128,T1000000042,2025-12-23,attempt_success,
AP129,T1000000042,2026-01-22,attempt_success,
AP130,T1000000042,2026-02-21,attempt_success,
AP131,T1000000042,2026-03-23,attempt_success,
AP132,T1000000042,2026-04-22,attempt_success,
AP133,T1000000042,2026-05-22,attempt_success,
AP134,T1000000042,2026-06-21,attempt_success,
AP135,T1000000043,2025-07-17,attempt_success,
AP136,T1000000047,2025-07-04,attempt_success,
AP137,T1000000047,2026-01-02,attempt_success,
AP138,T1000000050,2025-02-11,attempt_success,
AP139,T1000000050,2026-02-11,attempt_success,
AP140,T1000000054,2025-07-23,attempt_failed,card_expired
AP141,T1000000054,2025-07-26,attempt_success,
AP142,T1000000054,2025-10-22,attempt_success,
AP143,T1000000054,2026-01-21,attempt_success,
AP144,T1000000054,2026-04-22,attempt_failed,card_expired
AP145,T1000000054,2026-04-25,attempt_success,
AP146,T1000000057,2025-01-09,attempt_success,
AP147,T1000000057,2026-01-09,attempt_success,
AP148,T1000000058,2025-08-31,attempt_success,
AP149,T1000000058,2025-09-30,attempt_failed,insufficient_funds
AP150,T1000000058,2025-10-03,attempt_failed,insufficient_funds
AP151,T1000000058,2025-10-30,attempt_success,
AP152,T1000000058,2025-11-29,attempt_success,
AP153,T1000000058,2025-12-29,attempt_success,
AP154,T1000000058,2026-01-28,attempt_success,
AP155,T1000000058,2026-02-27,attempt_success,
AP156,T1000000058,2026-03-29,attempt_success,
AP157,T1000000058,2026-04-28,attempt_success,
AP158,T1000000058,2026-05-28,attempt_failed,insufficient_funds
AP159,T1000000058,2026-05-31,attempt_failed,insufficient_funds
AP160,T1000000058,2026-06-27,attempt_success,
AP161,T1000000060,2025-04-09,attempt_failed,bank_declined
AP162,T1000000060,2025-04-12,attempt_success,
AP163,T1000000060,2025-10-08,attempt_success,
AP164,T1000000060,2026-04-08,attempt_failed,card_expired
AP165,T1000000060,2026-04-11,attempt_success,
AP166,T1000000061,2025-04-16,attempt_failed,card_expired
AP167,T1000000061,2025-04-19,attempt_failed,card_expired
AP168,T1000000061,2025-10-15,attempt_success,
AP169,T1000000061,2026-04-15,attempt_success,
AP170,T1000000063,2025-03-05,attempt_success,
AP171,T1000000063,2026-03-05,attempt_success,
AP172,T1000000064,2025-09-01,attempt_success,
AP173,T1000000064,2025-10-01,attempt_success,
AP174,T1000000064,2025-10-31,attempt_success,
AP175,T1000000064,2025-11-30,attempt_success,
AP176,T1000000064,2025-12-30,attempt_success,
AP177,T1000000064,2026-01-29,attempt_success,
AP178,T1000000064,2026-02-28,attempt_success,
AP179,T1000000064,2026-03-30,attempt_success,
AP180,T1000000064,2026-04-29,attempt_success,
AP181,T1000000064,2026-05-29,attempt_success,
AP182,T1000000064,2026-06-28,attempt_success,
AP183,T1000000065,2025-02-25,attempt_success,
AP184,T1000000065,2026-02-25,attempt_success,
AP185,T1000000067,2025-09-08,attempt_success,
AP186,T1000000067,2025-10-08,attempt_success,
AP187,T1000000067,2025-11-07,attempt_success,
AP188,T1000000067,2025-12-07,attempt_success,
AP189,T1000000067,2026-01-06,attempt_success,
AP190,T1000000067,2026-02-05,attempt_success,
AP191,T1000000067,2026-03-07,attempt_failed,insufficient_funds
AP192,T1000000067,2026-03-10,attempt_failed,insufficient_funds
AP193,T1000000067,2026-04-06,attempt_failed,card_expired
AP194,T1000000067,2026-04-09,attempt_success,
AP195,T1000000067,2026-05-06,attempt_success,
AP196,T1000000067,2026-06-05,attempt_success,
AP197,T1000000069,2025-08-19,attempt_success,
AP198,T1000000069,2025-11-18,attempt_success,
AP199,T1000000069,2026-02-17,attempt_success,
AP200,T1000000069,2026-05-19,attempt_success,
AP201,T1000000070,2025-08-06,attempt_success,
AP202,T1000000070,2025-11-05,attempt_success,
AP203,T1000000070,2026-02-04,attempt_success,
AP204,T1000000070,2026-05-06,attempt_success,
AP205,T1000000071,2025-09-01,attempt_success,
AP206,T1000000071,2025-10-01,attempt_success,
AP207,T1000000071,2025-10-31,attempt_success,
AP208,T1000000071,2025-11-30,attempt_success,
AP209,T1000000071,2025-12-30,attempt_success,
AP210,T1000000071,2026-01-29,attempt_success,
AP211,T1000000071,2026-02-28,attempt_success,
AP212,T1000000071,2026-03-30,attempt_success,
AP213,T1000000071,2026-04-29,attempt_success,
AP214,T1000000071,2026-05-29,attempt_success,
AP215,T1000000071,2026-06-28,attempt_success,
AP216,T1000000073,2025-09-29,attempt_success,
AP217,T1000000073,2025-10-29,attempt_success,
AP218,T1000000073,2025-11-28,attempt_success,
AP219,T1000000073,2025-12-28,attempt_success,
AP220,T1000000073,2026-01-27,attempt_success,
AP221,T1000000073,2026-02-26,attempt_success,
AP222,T1000000073,2026-03-28,attempt_success,
AP223,T1000000073,2026-04-27,attempt_success,
AP224,T1000000073,2026-05-27,attempt_success,
AP225,T1000000073,2026-06-26,attempt_success,
AP226,T1000000075,2025-08-10,attempt_success,
AP227,T1000000076,2025-08-25,attempt_success,
AP228,T1000000076,2026-02-23,attempt_success,
AP229,T1000000077,2025-09-14,attempt_failed,bank_declined
AP230,T1000000077,2025-09-17,attempt_success,
AP231,T1000000077,2025-12-14,attempt_success,
AP232,T1000000077,2026-03-15,attempt_success,
AP233,T1000000077,2026-06-14,attempt_success,
AP234,T1000000080,2025-04-12,attempt_success,
AP235,T1000000080,2026-04-12,attempt_success,
AP236,T1000000081,2025-07-15,attempt_failed,bank_declined
AP237,T1000000081,2025-07-18,attempt_success,
AP238,T1000000083,2025-09-25,attempt_success,
AP239,T1000000083,2025-10-25,attempt_success,
AP240,T1000000083,2025-11-24,attempt_success,
AP241,T1000000083,2025-12-24,attempt_success,
AP242,T1000000083,2026-01-23,attempt_success,
AP243,T1000000083,2026-02-22,attempt_success,
AP244,T1000000083,2026-03-24,attempt_success,
AP245,T1000000083,2026-04-23,attempt_success,
AP246,T1000000083,2026-05-23,attempt_failed,insufficient_funds
AP247,T1000000083,2026-05-26,attempt_success,
AP248,T1000000083,2026-06-22,attempt_failed,insufficient_funds
AP249,T1000000083,2026-06-25,attempt_failed,insufficient_funds
AP250,T1000000088,2025-05-12,attempt_success,
AP251,T1000000088,2026-05-12,attempt_failed,insufficient_funds
AP252,T1000000088,2026-05-15,attempt_failed,insufficient_funds
AP253,T1000000089,2025-03-08,attempt_success,
AP254,T1000000089,2026-03-08,attempt_success,
AP255,T1000000092,2025-07-24,attempt_success,
AP256,T1000000093,2025-07-05,attempt_success,
AP257,T1000000093,2026-01-03,attempt_success,
AP258,T1000000094,2025-07-19,attempt_success,
AP259,T1000000094,2025-10-18,attempt_success,
AP260,T1000000094,2026-01-17,attempt_success,
AP261,T1000000094,2026-04-18,attempt_success,
AP262,T1000000096,2025-05-02,attempt_success,
AP263,T1000000096,2025-10-31,attempt_failed,card_expired
AP264,T1000000096,2025-11-03,attempt_failed,card_expired
AP265,T1000000096,2026-05-01,attempt_success,
AP266,T1000000097,2025-08-02,attempt_failed,bank_declined
AP267,T1000000097,2025-08-05,attempt_success,
AP268,T1000000097,2026-01-31,attempt_success,
AP269,T1000000098,2025-09-12,attempt_failed,card_expired
AP270,T1000000098,2025-09-15,attempt_success,
AP271,T1000000098,2025-10-12,attempt_success,
AP272,T1000000098,2025-11-11,attempt_success,
AP273,T1000000098,2025-12-11,attempt_success,
AP274,T1000000098,2026-01-10,attempt_success,
AP275,T1000000098,2026-02-09,attempt_success,
AP276,T1000000098,2026-03-11,attempt_success,
AP277,T1000000098,2026-04-10,attempt_success,
AP278,T1000000098,2026-05-10,attempt_failed,insufficient_funds
AP279,T1000000098,2026-05-13,attempt_failed,insufficient_funds
AP280,T1000000098,2026-06-09,attempt_success,
AP281,T1000000100,2025-01-12,attempt_failed,card_expired
AP282,T1000000100,2025-01-15,attempt_success,
AP283,T1000000100,2026-01-12,attempt_success,
AP284,T1000000103,2025-02-19,attempt_failed,insufficient_funds
AP285,T1000000103,2025-02-22,attempt_success,
AP286,T1000000103,2026-02-19,attempt_failed,card_expired
AP287,T1000000103,2026-02-22,attempt_success,
AP288,T1000000107,2025-08-07,attempt_success,
AP289,T1000000107,2025-11-06,attempt_success,
AP290,T1000000107,2026-02-05,attempt_success,
AP291,T1000000107,2026-05-07,attempt_failed,insufficient_funds
AP292,T1000000107,2026-05-10,attempt_success,
AP293,T1000000109,2025-07-13,attempt_failed,card_expired
AP294,T1000000109,2025-07-16,attempt_success,
AP295,T1000000109,2026-01-11,attempt_success,
AP296,T1000000110,2025-09-09,attempt_success,
AP297,T1000000110,2025-10-09,attempt_success,
AP298,T1000000110,2025-11-08,attempt_success,
AP299,T1000000110,2025-12-08,attempt_success,
AP300,T1000000110,2026-01-07,attempt_success,
AP301,T1000000110,2026-02-06,attempt_success,
AP302,T1000000110,2026-03-08,attempt_success,
AP303,T1000000110,2026-04-07,attempt_success,
AP304,T1000000110,2026-05-07,attempt_success,
AP305,T1000000110,2026-06-06,attempt_success,
AP306,T1000000111,2025-09-29,attempt_success,
AP307,T1000000111,2025-10-29,attempt_failed,card_expired
AP308,T1000000111,2025-11-01,attempt_success,
AP309,T1000000111,2025-11-28,attempt_success,
AP310,T1000000111,2025-12-28,attempt_success,
AP311,T1000000111,2026-01-27,attempt_success,
AP312,T1000000111,2026-02-26,attempt_success,
AP313,T1000000111,2026-03-28,attempt_success,
AP314,T1000000111,2026-04-27,attempt_success,
AP315,T1000000111,2026-05-27,attempt_success,
AP316,T1000000111,2026-06-26,attempt_success,
AP317,T1000000112,2025-09-29,attempt_success,
AP318,T1000000112,2025-10-29,attempt_success,
AP319,T1000000112,2025-11-28,attempt_success,
AP320,T1000000112,2025-12-28,attempt_success,
AP321,T1000000112,2026-01-27,attempt_success,
AP322,T1000000112,2026-02-26,attempt_success,
AP323,T1000000112,2026-03-28,attempt_success,
AP324,T1000000112,2026-04-27,attempt_success,
AP325,T1000000112,2026-05-27,attempt_success,
AP326,T1000000112,2026-06-26,attempt_success,
AP327,T1000000113,2025-11-29,attempt_success,
AP328,T1000000113,2026-05-30,attempt_failed,insufficient_funds
AP329,T1000000113,2026-06-02,attempt_success,
AP330,T1000000117,2025-03-21,attempt_success,
AP331,T1000000117,2026-03-21,attempt_success,
AP332,T1000000119,2025-11-05,attempt_success,
AP333,T1000000119,2026-05-06,attempt_failed,card_expired
AP334,T1000000119,2026-05-09,attempt_failed,card_expired
AP335,T1000000122,2024-12-08,attempt_success,
AP336,T1000000122,2025-12-08,attempt_success,
AP337,T1000000125,2025-07-10,attempt_failed,insufficient_funds
AP338,T1000000125,2025-07-13,attempt_failed,insufficient_funds
AP339,T1000000125,2025-10-09,attempt_success,
AP340,T1000000125,2026-01-08,attempt_success,
AP341,T1000000125,2026-04-09,attempt_success,
AP342,T1000000126,2025-09-03,attempt_success,
AP343,T1000000126,2025-10-03,attempt_failed,insufficient_funds
AP344,T1000000126,2025-10-06,attempt_success,
AP345,T1000000126,2025-11-02,attempt_success,
AP346,T1000000126,2025-12-02,attempt_success,
AP347,T1000000126,2026-01-01,attempt_success,
AP348,T1000000126,2026-01-31,attempt_success,
AP349,T1000000126,2026-03-02,attempt_success,
AP350,T1000000126,2026-04-01,attempt_success,
AP351,T1000000126,2026-05-01,attempt_success,
AP352,T1000000126,2026-05-31,attempt_failed,card_expired
AP353,T1000000126,2026-06-03,attempt_success,
AP354,T1000000126,2026-06-30,attempt_success,
AP355,T1000000128,2025-09-23,attempt_success,
AP356,T1000000128,2026-03-24,attempt_success,
AP357,T1000000130,2025-08-10,attempt_success,
AP358,T1000000130,2025-11-09,attempt_success,
AP359,T1000000130,2026-02-08,attempt_success,
AP360,T1000000130,2026-05-10,attempt_failed,insufficient_funds
AP361,T1000000130,2026-05-13,attempt_success,
AP362,T1000000133,2025-07-04,attempt_success,
AP363,T1000000133,2026-01-02,attempt_success,
AP364,T1000000134,2025-04-27,attempt_success,
AP365,T1000000134,2026-04-27,attempt_success,
AP366,T1000000135,2025-09-22,attempt_success,
AP367,T1000000135,2025-10-22,attempt_failed,card_expired
AP368,T1000000135,2025-10-25,attempt_success,
AP369,T1000000135,2025-11-21,attempt_success,
AP370,T1000000135,2025-12-21,attempt_success,
AP371,T1000000135,2026-01-20,attempt_success,
AP372,T1000000135,2026-02-19,attempt_success,
AP373,T1000000135,2026-03-21,attempt_success,
AP374,T1000000135,2026-04-20,attempt_success,
AP375,T1000000135,2026-05-20,attempt_success,
AP376,T1000000135,2026-06-19,attempt_success,
AP377,T1000000137,2025-06-20,attempt_success,
AP378,T1000000137,2026-06-20,attempt_success,
AP379,T1000000138,2025-09-28,attempt_success,
AP380,T1000000138,2025-10-28,attempt_success,
AP381,T1000000138,2025-11-27,attempt_success,
AP382,T1000000138,2025-12-27,attempt_success,
AP383,T1000000138,2026-01-26,attempt_success,
AP384,T1000000138,2026-02-25,attempt_success,
AP385,T1000000138,2026-03-27,attempt_success,
AP386,T1000000138,2026-04-26,attempt_success,
AP387,T1000000138,2026-05-26,attempt_success,
AP388,T1000000138,2026-06-25,attempt_failed,card_expired
AP389,T1000000138,2026-06-28,attempt_success,
AP390,T1000000139,2025-07-18,attempt_success,
AP391,T1000000139,2025-10-17,attempt_success,
AP392,T1000000139,2026-01-16,attempt_success,
AP393,T1000000139,2026-04-17,attempt_success,
AP394,T1000000143,2024-12-23,attempt_success,
AP395,T1000000143,2025-12-23,attempt_success,
AP396,T1000000144,2025-09-14,attempt_success,
AP397,T1000000144,2025-12-14,attempt_success,
AP398,T1000000144,2026-03-15,attempt_success,
AP399,T1000000144,2026-06-14,attempt_success,
AP400,T1000000145,2025-06-19,attempt_success,
AP401,T1000000145,2025-12-18,attempt_failed,insufficient_funds
AP402,T1000000145,2025-12-21,attempt_success,
AP403,T1000000145,2026-06-18,attempt_success,
AP404,T1000000146,2025-09-15,attempt_success,
AP405,T1000000146,2025-10-15,attempt_success,
AP406,T1000000146,2025-11-14,attempt_success,
AP407,T1000000146,2025-12-14,attempt_success,
AP408,T1000000146,2026-01-13,attempt_success,
AP409,T1000000146,2026-02-12,attempt_success,
AP410,T1000000146,2026-03-14,attempt_success,
AP411,T1000000146,2026-04-13,attempt_success,
AP412,T1000000146,2026-05-13,attempt_success,
AP413,T1000000146,2026-06-12,attempt_success,
AP414,T1000000148,2025-08-05,attempt_success,
AP415,T1000000148,2025-11-04,attempt_success,
AP416,T1000000148,2026-02-03,attempt_success,
AP417,T1000000148,2026-05-05,attempt_success,
AP418,T1000000149,2025-09-17,attempt_success,
AP419,T1000000149,2025-10-17,attempt_success,
AP420,T1000000149,2025-11-16,attempt_success,
AP421,T1000000149,2025-12-16,attempt_success,
AP422,T1000000149,2026-01-15,attempt_success,
AP423,T1000000149,2026-02-14,attempt_success,
AP424,T1000000149,2026-03-16,attempt_success,
AP425,T1000000149,2026-04-15,attempt_success,
AP426,T1000000149,2026-05-15,attempt_success,
AP427,T1000000149,2026-06-14,attempt_success,
AP428,T1000000152,2025-07-15,attempt_success,
AP429,T1000000152,2026-01-13,attempt_success,
AP430,T1000000153,2025-07-25,attempt_success,
AP431,T1000000153,2026-01-23,attempt_success,
AP432,T1000000154,2025-07-02,attempt_success,
AP433,T1000000154,2025-12-31,attempt_success,
AP434,T1000000156,2025-07-06,attempt_success,
AP435,T1000000159,2025-06-24,attempt_success,
AP436,T1000000159,2026-06-24,attempt_success,
AP437,T1000000161,2025-07-10,attempt_success,
AP438,T1000000161,2025-10-09,attempt_success,
AP439,T1000000161,2026-01-08,attempt_success,
AP440,T1000000161,2026-04-09,attempt_success,
AP441,T1000000165,2025-10-13,attempt_failed,card_expired
AP442,T1000000165,2025-10-16,attempt_success,
AP443,T1000000168,2025-08-25,attempt_success,
AP444,T1000000168,2025-11-24,attempt_success,
AP445,T1000000168,2026-02-23,attempt_failed,insufficient_funds
AP446,T1000000168,2026-02-26,attempt_success,
AP447,T1000000168,2026-05-25,attempt_success,
AP448,T1000000170,2025-07-26,attempt_success,
AP449,T1000000170,2025-10-25,attempt_success,
AP450,T1000000170,2026-01-24,attempt_failed,bank_declined
AP451,T1000000170,2026-01-27,attempt_success,
AP452,T1000000170,2026-04-25,attempt_success,
AP453,T1000000173,2025-04-17,attempt_success,
AP454,T1000000173,2026-04-17,attempt_success,
AP455,T1000000174,2025-09-28,attempt_failed,bank_declined
AP456,T1000000174,2025-10-01,attempt_success,
AP457,T1000000174,2025-10-28,attempt_success,
AP458,T1000000174,2025-11-27,attempt_success,
AP459,T1000000174,2025-12-27,attempt_success,
AP460,T1000000174,2026-01-26,attempt_success,
AP461,T1000000174,2026-02-25,attempt_success,
AP462,T1000000174,2026-03-27,attempt_success,
AP463,T1000000174,2026-04-26,attempt_success,
AP464,T1000000174,2026-05-26,attempt_success,
AP465,T1000000174,2026-06-25,attempt_success,
AP466,T1000000179,2025-09-17,attempt_success,
AP467,T1000000179,2025-10-17,attempt_success,
AP468,T1000000179,2025-11-16,attempt_success,
AP469,T1000000179,2025-12-16,attempt_success,
AP470,T1000000179,2026-01-15,attempt_success,
AP471,T1000000179,2026-02-14,attempt_success,
AP472,T1000000179,2026-03-16,attempt_success,
AP473,T1000000179,2026-04-15,attempt_success,
AP474,T1000000179,2026-05-15,attempt_success,
AP475,T1000000179,2026-06-14,attempt_success,
AP476,T1000000181,2025-01-02,attempt_success,
AP477,T1000000181,2026-01-02,attempt_failed,bank_declined
AP478,T1000000181,2026-01-05,attempt_success,
AP479,T1000000184,2025-02-04,attempt_success,
AP480,T1000000184,2026-02-04,attempt_failed,bank_declined
AP481,T1000000184,2026-02-07,attempt_success,
AP482,T1000000186,2025-09-09,attempt_success,
AP483,T1000000190,2025-08-31,attempt_success,
AP484,T1000000190,2025-09-30,attempt_success,
AP485,T1000000190,2025-10-30,attempt_success,
AP486,T1000000190,2025-11-29,attempt_success,
AP487,T1000000190,2025-12-29,attempt_success,
AP488,T1000000190,2026-01-28,attempt_success,
AP489,T1000000190,2026-02-27,attempt_success,
AP490,T1000000190,2026-03-29,attempt_success,
AP491,T1000000190,2026-04-28,attempt_success,
AP492,T1000000190,2026-05-28,attempt_success,
AP493,T1000000190,2026-06-27,attempt_success,
AP494,T1000000191,2025-09-21,attempt_success,
AP495,T1000000191,2025-10-21,attempt_success,
AP496,T1000000191,2025-11-20,attempt_success,
AP497,T1000000191,2025-12-20,attempt_success,
AP498,T1000000191,2026-01-19,attempt_success,
AP499,T1000000191,2026-02-18,attempt_success,
AP500,T1000000191,2026-03-20,attempt_success,
AP501,T1000000191,2026-04-19,attempt_success,
AP502,T1000000191,2026-05-19,attempt_success,
AP503,T1000000191,2026-06-18,attempt_success,
AP504,T1000000194,2025-08-26,attempt_success,
AP505,T1000000194,2025-11-25,attempt_failed,insufficient_funds
AP506,T1000000194,2025-11-28,attempt_success,
AP507,T1000000194,2026-02-24,attempt_success,
AP508,T1000000194,2026-05-26,attempt_success,
AP509,T1000000195,2025-07-07,attempt_success,
AP510,T1000000195,2026-01-05,attempt_success,
AP511,T1000000196,2025-06-18,attempt_success,
AP512,T1000000196,2025-12-17,attempt_success,
AP513,T1000000196,2026-06-17,attempt_success,
AP514,T1000000197,2025-09-15,attempt_success,
AP515,T1000000197,2025-10-15,attempt_failed,insufficient_funds
AP516,T1000000197,2025-10-18,attempt_failed,insufficient_funds
AP517,T1000000197,2025-11-14,attempt_success,
AP518,T1000000197,2025-12-14,attempt_success,
AP519,T1000000197,2026-01-13,attempt_success,
AP520,T1000000197,2026-02-12,attempt_failed,card_expired
AP521,T1000000197,2026-02-15,attempt_success,
AP522,T1000000197,2026-03-14,attempt_success,
AP523,T1000000197,2026-04-13,attempt_success,
AP524,T1000000197,2026-05-13,attempt_success,
AP525,T1000000197,2026-06-12,attempt_success,
AP526,T1000000198,2025-09-21,attempt_success,
AP527,T1000000198,2025-10-21,attempt_success,
AP528,T1000000198,2025-11-20,attempt_success,
AP529,T1000000198,2025-12-20,attempt_success,
AP530,T1000000198,2026-01-19,attempt_success,
AP531,T1000000198,2026-02-18,attempt_success,
AP532,T1000000198,2026-03-20,attempt_success,
AP533,T1000000198,2026-04-19,attempt_failed,insufficient_funds
AP534,T1000000198,2026-04-22,attempt_failed,insufficient_funds
AP535,T1000000198,2026-05-19,attempt_failed,insufficient_funds
AP536,T1000000198,2026-05-22,attempt_success,
AP537,T1000000198,2026-06-18,attempt_success,
AP538,T1000000199,2025-09-24,attempt_failed,insufficient_funds
AP539,T1000000199,2025-09-27,attempt_failed,insufficient_funds
AP540,T1000000199,2026-03-25,attempt_success,
AP541,T1000000219,2025-09-24,attempt_success,
AP542,T1000000219,2025-10-24,attempt_success,
AP543,T1000000219,2025-11-23,attempt_success,
AP544,T1000000219,2025-12-23,attempt_success,
AP545,T1000000219,2026-01-22,attempt_success,
AP546,T1000000219,2026-02-21,attempt_success,
AP547,T1000000219,2026-03-23,attempt_success,
AP548,T1000000219,2026-04-22,attempt_failed,card_expired
AP549,T1000000219,2026-04-25,attempt_success,
AP550,T1000000219,2026-05-22,attempt_success,
AP551,T1000000219,2026-06-21,attempt_success,
AP552,T1000000221,2025-08-16,attempt_success,
AP553,T1000000221,2025-11-15,attempt_success,
AP554,T1000000221,2026-02-14,attempt_success,
AP555,T1000000221,2026-05-16,attempt_failed,insufficient_funds
AP556,T1000000221,2026-05-19,attempt_failed,insufficient_funds
AP557,T1000000222,2025-09-23,attempt_success,
AP558,T1000000222,2026-03-24,attempt_failed,bank_declined
AP559,T1000000222,2026-03-27,attempt_failed,bank_declined
AP560,T1000000227,2025-08-31,attempt_success,
AP561,T1000000227,2025-09-30,attempt_success,
AP562,T1000000227,2025-10-30,attempt_success,
AP563,T1000000227,2025-11-29,attempt_failed,insufficient_funds
AP564,T1000000227,2025-12-02,attempt_success,
AP565,T1000000227,2025-12-29,attempt_success,
AP566,T1000000227,2026-01-28,attempt_success,
AP567,T1000000227,2026-02-27,attempt_success,
AP568,T1000000227,2026-03-29,attempt_success,
AP569,T1000000227,2026-04-28,attempt_failed,insufficient_funds
AP570,T1000000227,2026-05-01,attempt_success,
AP571,T1000000227,2026-05-28,attempt_success,
AP572,T1000000227,2026-06-27,attempt_success,
AP573,T1000000228,2025-01-10,attempt_success,
AP574,T1000000228,2026-01-10,attempt_success,
AP575,T1000000233,2025-09-27,attempt_success,
AP576,T1000000233,2025-10-27,attempt_success,
AP577,T1000000233,2025-11-26,attempt_success,
AP578,T1000000233,2025-12-26,attempt_success,
AP579,T1000000233,2026-01-25,attempt_failed,insufficient_funds
AP580,T1000000233,2026-01-28,attempt_success,
AP581,T1000000233,2026-02-24,attempt_success,
AP582,T1000000233,2026-03-26,attempt_success,
AP583,T1000000233,2026-04-25,attempt_success,
AP584,T1000000233,2026-05-25,attempt_success,
AP585,T1000000233,2026-06-24,attempt_success,
AP586,T1000000236,2024-10-23,attempt_success,
AP587,T1000000236,2025-10-23,attempt_success,
AP588,T1000000244,2025-10-10,attempt_success,
AP589,T1000000244,2026-04-10,attempt_success,
AP590,T1000000245,2025-10-07,attempt_success,
AP591,T1000000245,2026-04-07,attempt_failed,bank_declined
AP592,T1000000245,2026-04-10,attempt_failed,bank_declined
AP593,T1000000247,2025-09-22,attempt_success,
AP594,T1000000247,2025-10-22,attempt_success,
AP595,T1000000247,2025-11-21,attempt_success,
AP596,T1000000247,2025-12-21,attempt_failed,insufficient_funds
AP597,T1000000247,2025-12-24,attempt_success,
AP598,T1000000247,2026-01-20,attempt_success,
AP599,T1000000247,2026-02-19,attempt_success,
AP600,T1000000247,2026-03-21,attempt_success,
AP601,T1000000247,2026-04-20,attempt_success,
AP602,T1000000247,2026-05-20,attempt_failed,insufficient_funds
AP603,T1000000247,2026-05-23,attempt_success,
AP604,T1000000247,2026-06-19,attempt_success,
AP605,T1000000251,2025-07-26,attempt_success,
AP606,T1000000251,2025-10-25,attempt_success,
AP607,T1000000251,2026-01-24,attempt_success,
AP608,T1000000251,2026-04-25,attempt_failed,card_expired
AP609,T1000000251,2026-04-28,attempt_success,
AP610,T1000000253,2025-07-11,attempt_success,
AP611,T1000000253,2025-10-10,attempt_success,
AP612,T1000000253,2026-01-09,attempt_failed,card_expired
AP613,T1000000253,2026-01-12,attempt_success,
AP614,T1000000253,2026-04-10,attempt_success,
AP615,T1000000257,2025-12-09,attempt_success,
AP616,T1000000257,2026-03-10,attempt_success,
AP617,T1000000257,2026-06-09,attempt_success,
AP618,T1000000258,2025-04-21,attempt_failed,insufficient_funds
AP619,T1000000258,2025-04-24,attempt_success,
AP620,T1000000258,2025-10-20,attempt_failed,card_expired
AP621,T1000000258,2025-10-23,attempt_failed,card_expired
AP622,T1000000258,2026-04-20,attempt_success,
AP623,T1000000264,2025-01-03,attempt_success,
AP624,T1000000264,2026-01-03,attempt_success,
AP625,T1000000266,2025-08-01,attempt_success,
AP626,T1000000266,2026-01-30,attempt_success,
AP627,T1000000267,2025-05-23,attempt_success,
AP628,T1000000267,2025-11-21,attempt_success,
AP629,T1000000267,2026-05-22,attempt_success,
AP630,T1000000269,2024-10-12,attempt_success,
AP631,T1000000269,2025-10-12,attempt_success,
AP632,T1000000270,2025-08-21,attempt_success,
AP633,T1000000270,2025-11-20,attempt_success,
AP634,T1000000270,2026-02-19,attempt_success,
AP635,T1000000270,2026-05-21,attempt_success,
AP636,T1000000272,2025-08-31,attempt_failed,card_expired
AP637,T1000000272,2025-09-03,attempt_failed,card_expired
AP638,T1000000272,2025-09-30,attempt_success,
AP639,T1000000272,2025-10-30,attempt_success,
AP640,T1000000272,2025-11-29,attempt_success,
AP641,T1000000272,2025-12-29,attempt_success,
AP642,T1000000272,2026-01-28,attempt_success,
AP643,T1000000272,2026-02-27,attempt_success,
AP644,T1000000272,2026-03-29,attempt_success,
AP645,T1000000272,2026-04-28,attempt_success,
AP646,T1000000272,2026-05-28,attempt_success,
AP647,T1000000272,2026-06-27,attempt_success,
AP648,T1000000273,2025-09-22,attempt_success,
AP649,T1000000273,2025-10-22,attempt_success,
AP650,T1000000273,2025-11-21,attempt_success,
AP651,T1000000273,2025-12-21,attempt_success,
AP652,T1000000273,2026-01-20,attempt_success,
AP653,T1000000273,2026-02-19,attempt_success,
AP654,T1000000273,2026-03-21,attempt_success,
AP655,T1000000273,2026-04-20,attempt_success,
AP656,T1000000273,2026-05-20,attempt_success,
AP657,T1000000273,2026-06-19,attempt_success,
AP658,T1000000275,2025-07-22,attempt_success,
AP659,T1000000275,2025-10-21,attempt_success,
AP660,T1000000275,2026-01-20,attempt_success,
AP661,T1000000275,2026-04-21,attempt_success,
AP662,T1000000278,2025-07-27,attempt_failed,insufficient_funds
AP663,T1000000278,2025-07-30,attempt_failed,insufficient_funds
AP664,T1000000279,2024-10-12,attempt_success,
AP665,T1000000279,2025-10-12,attempt_success,
AP666,T1000000280,2025-09-11,attempt_success,
AP667,T1000000280,2025-10-11,attempt_success,
AP668,T1000000280,2025-11-10,attempt_success,
AP669,T1000000280,2025-12-10,attempt_success,
AP670,T1000000280,2026-01-09,attempt_success,
AP671,T1000000280,2026-02-08,attempt_success,
AP672,T1000000280,2026-03-10,attempt_success,
AP673,T1000000280,2026-04-09,attempt_success,
AP674,T1000000280,2026-05-09,attempt_success,
AP675,T1000000280,2026-06-08,attempt_success,
AP676,T1000000284,2025-09-21,attempt_success,
AP677,T1000000284,2025-10-21,attempt_success,
AP678,T1000000284,2025-11-20,attempt_success,
AP679,T1000000284,2025-12-20,attempt_success,
AP680,T1000000284,2026-01-19,attempt_failed,insufficient_funds
AP681,T1000000284,2026-01-22,attempt_success,
AP682,T1000000284,2026-02-18,attempt_failed,card_expired
AP683,T1000000284,2026-02-21,attempt_success,
AP684,T1000000284,2026-03-20,attempt_failed,card_expired
AP685,T1000000284,2026-03-23,attempt_success,
AP686,T1000000284,2026-04-19,attempt_success,
AP687,T1000000284,2026-05-19,attempt_success,
AP688,T1000000284,2026-06-18,attempt_success,
AP689,T1000000285,2025-09-11,attempt_success,
AP690,T1000000288,2025-09-14,attempt_success,
AP691,T1000000288,2026-03-15,attempt_success,
AP692,T1000000289,2024-11-12,attempt_success,
AP693,T1000000289,2025-11-12,attempt_success,
AP694,T1000000294,2025-05-10,attempt_success,
AP695,T1000000294,2026-05-10,attempt_success,
AP696,T1000000295,2025-09-07,attempt_success,
AP697,T1000000295,2025-10-07,attempt_success,
AP698,T1000000295,2025-11-06,attempt_success,
AP699,T1000000295,2025-12-06,attempt_success,
AP700,T1000000295,2026-01-05,attempt_success,
AP701,T1000000295,2026-02-04,attempt_success,
AP702,T1000000295,2026-03-06,attempt_success,
AP703,T1000000295,2026-04-05,attempt_success,
AP704,T1000000295,2026-05-05,attempt_failed,insufficient_funds
AP705,T1000000295,2026-05-08,attempt_success,
AP706,T1000000295,2026-06-04,attempt_failed,card_expired
AP707,T1000000295,2026-06-07,attempt_success,
AP708,T1000000296,2025-09-19,attempt_success,
AP709,T1000000296,2025-10-19,attempt_success,
AP710,T1000000296,2025-11-18,attempt_success,
AP711,T1000000296,2025-12-18,attempt_success,
AP712,T1000000296,2026-01-17,attempt_success,
AP713,T1000000296,2026-02-16,attempt_success,
AP714,T1000000296,2026-03-18,attempt_success,
AP715,T1000000296,2026-04-17,attempt_success,
AP716,T1000000296,2026-05-17,attempt_success,
AP717,T1000000296,2026-06-16,attempt_success,
AP718,T1000000313,2025-09-19,attempt_success,
AP719,T1000000313,2025-12-19,attempt_success,
AP720,T1000000313,2026-03-20,attempt_success,
AP721,T1000000313,2026-06-19,attempt_success,
AP722,T1000000316,2025-09-19,attempt_success,
AP723,T1000000316,2026-03-20,attempt_failed,insufficient_funds
AP724,T1000000316,2026-03-23,attempt_failed,insufficient_funds
AP725,T1000000317,2025-09-18,attempt_success,
AP726,T1000000317,2025-10-18,attempt_success,
AP727,T1000000317,2025-11-17,attempt_success,
AP728,T1000000317,2025-12-17,attempt_failed,insufficient_funds
AP729,T1000000317,2025-12-20,attempt_success,
AP730,T1000000317,2026-01-16,attempt_success,
AP731,T1000000317,2026-02-15,attempt_success,
AP732,T1000000317,2026-03-17,attempt_success,
AP733,T1000000317,2026-04-16,attempt_success,
AP734,T1000000317,2026-05-16,attempt_success,
AP735,T1000000317,2026-06-15,attempt_success,
AP736,T1000000321,2025-04-01,attempt_success,
AP737,T1000000321,2025-09-30,attempt_success,
AP738,T1000000321,2026-03-31,attempt_success,
AP739,T1000000322,2025-07-14,attempt_success,
AP740,T1000000322,2025-10-13,attempt_success,
AP741,T1000000322,2026-01-12,attempt_success,
AP742,T1000000322,2026-04-13,attempt_success,
AP743,T1000000324,2025-07-19,attempt_success,
AP744,T1000000330,2025-08-30,attempt_success,
AP745,T1000000330,2025-11-29,attempt_success,
AP746,T1000000330,2026-02-28,attempt_success,
AP747,T1000000330,2026-05-30,attempt_success,
AP748,T1000000331,2025-09-05,attempt_success,
AP749,T1000000331,2025-12-05,attempt_success,
AP750,T1000000331,2026-03-06,attempt_success,
AP751,T1000000331,2026-06-05,attempt_success,
AP752,T1000000332,2025-07-24,attempt_success,
AP753,T1000000332,2025-10-23,attempt_success,
AP754,T1000000332,2026-01-22,attempt_success,
AP755,T1000000332,2026-04-23,attempt_success,
AP756,T1000000333,2025-09-03,attempt_success,
AP757,T1000000333,2025-10-03,attempt_success,
AP758,T1000000333,2025-11-02,attempt_success,
AP759,T1000000333,2025-12-02,attempt_success,
AP760,T1000000333,2026-01-01,attempt_success,
AP761,T1000000333,2026-01-31,attempt_success,
AP762,T1000000333,2026-03-02,attempt_success,
AP763,T1000000333,2026-04-01,attempt_failed,card_expired
AP764,T1000000333,2026-04-04,attempt_success,
AP765,T1000000333,2026-05-01,attempt_success,
AP766,T1000000333,2026-05-31,attempt_success,
AP767,T1000000333,2026-06-30,attempt_success,
AP768,T1000000334,2025-07-28,attempt_success,
AP769,T1000000334,2025-10-27,attempt_success,
AP770,T1000000334,2026-01-26,attempt_failed,card_expired
AP771,T1000000334,2026-01-29,attempt_failed,card_expired
AP772,T1000000334,2026-04-27,attempt_success,
AP773,T1000000335,2024-11-09,attempt_failed,insufficient_funds
AP774,T1000000335,2024-11-12,attempt_success,
AP775,T1000000335,2025-11-09,attempt_success,
AP776,T1000000338,2025-09-02,attempt_success,
AP777,T1000000338,2025-10-02,attempt_success,
AP778,T1000000338,2025-11-01,attempt_success,
AP779,T1000000338,2025-12-01,attempt_success,
AP780,T1000000338,2025-12-31,attempt_success,
AP781,T1000000338,2026-01-30,attempt_success,
AP782,T1000000338,2026-03-01,attempt_success,
AP783,T1000000338,2026-03-31,attempt_success,
AP784,T1000000338,2026-04-30,attempt_success,
AP785,T1000000338,2026-05-30,attempt_success,
AP786,T1000000338,2026-06-29,attempt_success,
AP787,T1000000340,2025-09-29,attempt_success,
AP788,T1000000340,2025-10-29,attempt_success,
AP789,T1000000340,2025-11-28,attempt_success,
AP790,T1000000340,2025-12-28,attempt_success,
AP791,T1000000340,2026-01-27,attempt_success,
AP792,T1000000340,2026-02-26,attempt_failed,insufficient_funds
AP793,T1000000340,2026-03-01,attempt_success,
AP794,T1000000340,2026-03-28,attempt_failed,card_expired
AP795,T1000000340,2026-03-31,attempt_success,
AP796,T1000000340,2026-04-27,attempt_success,
AP797,T1000000340,2026-05-27,attempt_success,
AP798,T1000000340,2026-06-26,attempt_success,
AP799,T1000000341,2025-09-28,attempt_success,
AP800,T1000000341,2025-12-28,attempt_success,
AP801,T1000000341,2026-03-29,attempt_success,
AP802,T1000000341,2026-06-28,attempt_failed,card_expired
AP803,T1000000341,2026-07-01,attempt_failed,card_expired
AP804,T1000000347,2025-03-28,attempt_failed,card_expired
AP805,T1000000347,2025-03-31,attempt_failed,card_expired
AP806,T1000000347,2026-03-28,attempt_success,
AP807,T1000000353,2025-06-12,attempt_failed,insufficient_funds
AP808,T1000000353,2025-06-15,attempt_success,
AP809,T1000000353,2026-06-12,attempt_success,
AP810,T1000000354,2025-09-12,attempt_success,
AP811,T1000000354,2025-12-12,attempt_success,
AP812,T1000000354,2026-03-13,attempt_success,
AP813,T1000000354,2026-06-12,attempt_failed,insufficient_funds
AP814,T1000000354,2026-06-15,attempt_failed,insufficient_funds
AP815,T1000000355,2025-08-13,attempt_success,
AP816,T1000000355,2025-11-12,attempt_success,
AP817,T1000000355,2026-02-11,attempt_success,
AP818,T1000000355,2026-05-13,attempt_success,
AP819,T1000000359,2025-09-01,attempt_failed,insufficient_funds
AP820,T1000000359,2025-09-04,attempt_success,
AP821,T1000000359,2025-10-01,attempt_success,
AP822,T1000000359,2025-10-31,attempt_success,
AP823,T1000000359,2025-11-30,attempt_success,
AP824,T1000000359,2025-12-30,attempt_success,
AP825,T1000000359,2026-01-29,attempt_success,
AP826,T1000000359,2026-02-28,attempt_success,
AP827,T1000000359,2026-03-30,attempt_failed,insufficient_funds
AP828,T1000000359,2026-04-02,attempt_success,
AP829,T1000000359,2026-04-29,attempt_success,
AP830,T1000000359,2026-05-29,attempt_success,
AP831,T1000000359,2026-06-28,attempt_success,
AP832,T1000000361,2024-11-12,attempt_success,
AP833,T1000000361,2025-11-12,attempt_success,
AP834,T1000000362,2025-08-28,attempt_success,
AP835,T1000000362,2025-11-27,attempt_success,
AP836,T1000000362,2026-02-26,attempt_success,
AP837,T1000000362,2026-05-28,attempt_success,
AP838,T1000000364,2025-09-14,attempt_success,
AP839,T1000000364,2025-10-14,attempt_success,
AP840,T1000000364,2025-11-13,attempt_success,
AP841,T1000000364,2025-12-13,attempt_success,
AP842,T1000000364,2026-01-12,attempt_success,
AP843,T1000000364,2026-02-11,attempt_failed,bank_declined
AP844,T1000000364,2026-02-14,attempt_failed,bank_declined
AP845,T1000000364,2026-03-13,attempt_success,
AP846,T1000000364,2026-04-12,attempt_success,
AP847,T1000000364,2026-05-12,attempt_success,
AP848,T1000000364,2026-06-11,attempt_success,
AP849,T1000000366,2025-09-04,attempt_success,
AP850,T1000000366,2025-10-04,attempt_success,
AP851,T1000000366,2025-11-03,attempt_success,
AP852,T1000000366,2025-12-03,attempt_success,
AP853,T1000000366,2026-01-02,attempt_failed,insufficient_funds
AP854,T1000000366,2026-01-05,attempt_success,
AP855,T1000000366,2026-02-01,attempt_success,
AP856,T1000000366,2026-03-03,attempt_success,
AP857,T1000000366,2026-04-02,attempt_failed,card_expired
AP858,T1000000366,2026-04-05,attempt_success,
AP859,T1000000366,2026-05-02,attempt_failed,insufficient_funds
AP860,T1000000366,2026-05-05,attempt_success,
AP861,T1000000366,2026-06-01,attempt_failed,insufficient_funds
AP862,T1000000366,2026-06-04,attempt_failed,insufficient_funds
AP863,T1000000367,2025-09-16,attempt_success,
AP864,T1000000367,2025-10-16,attempt_failed,insufficient_funds
AP865,T1000000367,2025-10-19,attempt_success,
AP866,T1000000367,2025-11-15,attempt_failed,card_expired
AP867,T1000000367,2025-11-18,attempt_failed,card_expired
AP868,T1000000367,2025-12-15,attempt_success,
AP869,T1000000367,2026-01-14,attempt_success,
AP870,T1000000367,2026-02-13,attempt_success,
AP871,T1000000367,2026-03-15,attempt_success,
AP872,T1000000367,2026-04-14,attempt_success,
AP873,T1000000367,2026-05-14,attempt_success,
AP874,T1000000367,2026-06-13,attempt_success,
AP875,T1000000368,2025-09-05,attempt_success,
AP876,T1000000368,2025-12-05,attempt_success,
AP877,T1000000368,2026-03-06,attempt_success,
AP878,T1000000368,2026-06-05,attempt_success,
AP879,T1000000370,2025-08-10,attempt_success,
AP880,T1000000370,2026-02-08,attempt_success,
AP881,T1000000371,2025-03-06,attempt_success,
AP882,T1000000371,2026-03-06,attempt_success,
AP883,T1000000372,2025-09-18,attempt_success,
AP884,T1000000372,2025-10-18,attempt_success,
AP885,T1000000372,2025-11-17,attempt_success,
AP886,T1000000372,2025-12-17,attempt_success,
AP887,T1000000372,2026-01-16,attempt_success,
AP888,T1000000372,2026-02-15,attempt_success,
AP889,T1000000372,2026-03-17,attempt_success,
AP890,T1000000372,2026-04-16,attempt_success,
AP891,T1000000372,2026-05-16,attempt_success,
AP892,T1000000372,2026-06-15,attempt_failed,insufficient_funds
AP893,T1000000372,2026-06-18,attempt_success,
AP894,T1000000379,2025-09-15,attempt_success,
AP895,T1000000379,2025-10-15,attempt_success,
AP896,T1000000379,2025-11-14,attempt_success,
AP897,T1000000379,2025-12-14,attempt_failed,insufficient_funds
AP898,T1000000379,2025-12-17,attempt_success,
AP899,T1000000379,2026-01-13,attempt_success,
AP900,T1000000379,2026-02-12,attempt_success,
AP901,T1000000379,2026-03-14,attempt_success,
AP902,T1000000379,2026-04-13,attempt_success,
AP903,T1000000379,2026-05-13,attempt_failed,bank_declined
AP904,T1000000379,2026-05-16,attempt_failed,bank_declined
AP905,T1000000379,2026-06-12,attempt_success,
AP906,T1000000382,2025-09-07,attempt_failed,card_expired
AP907,T1000000382,2025-09-10,attempt_success,
AP908,T1000000382,2025-10-07,attempt_failed,bank_declined
AP909,T1000000382,2025-10-10,attempt_failed,bank_declined
AP910,T1000000382,2025-11-06,attempt_success,
AP911,T1000000382,2025-12-06,attempt_success,
AP912,T1000000382,2026-01-05,attempt_success,
AP913,T1000000382,2026-02-04,attempt_success,
AP914,T1000000382,2026-03-06,attempt_success,
AP915,T1000000382,2026-04-05,attempt_success,
AP916,T1000000382,2026-05-05,attempt_success,
AP917,T1000000382,2026-06-04,attempt_success,
AP918,T1000000384,2025-09-13,attempt_failed,insufficient_funds
AP919,T1000000384,2025-09-16,attempt_success,
AP920,T1000000384,2025-10-13,attempt_success,
AP921,T1000000384,2025-11-12,attempt_success,
AP922,T1000000384,2025-12-12,attempt_success,
AP923,T1000000384,2026-01-11,attempt_success,
AP924,T1000000384,2026-02-10,attempt_success,
AP925,T1000000384,2026-03-12,attempt_success,
AP926,T1000000384,2026-04-11,attempt_success,
AP927,T1000000384,2026-05-11,attempt_success,
AP928,T1000000384,2026-06-10,attempt_success,
AP929,T1000000387,2025-05-21,attempt_success,
AP930,T1000000387,2026-05-21,attempt_success,
AP931,T1000000388,2025-09-29,attempt_success,
AP932,T1000000388,2025-10-29,attempt_failed,bank_declined
AP933,T1000000388,2025-11-01,attempt_success,
AP934,T1000000388,2025-11-28,attempt_failed,insufficient_funds
AP935,T1000000388,2025-12-01,attempt_success,
AP936,T1000000388,2025-12-28,attempt_success,
AP937,T1000000388,2026-01-27,attempt_success,
AP938,T1000000388,2026-02-26,attempt_success,
AP939,T1000000388,2026-03-28,attempt_failed,bank_declined
AP940,T1000000388,2026-03-31,attempt_success,
AP941,T1000000388,2026-04-27,attempt_success,
AP942,T1000000388,2026-05-27,attempt_success,
AP943,T1000000388,2026-06-26,attempt_success,
AP944,T1000000389,2025-08-07,attempt_success,
AP945,T1000000389,2025-11-06,attempt_success,
AP946,T1000000389,2026-02-05,attempt_success,
AP947,T1000000389,2026-05-07,attempt_success,
AP948,T1000000390,2025-04-11,attempt_failed,insufficient_funds
AP949,T1000000390,2025-04-14,attempt_success,
AP950,T1000000390,2026-04-11,attempt_success,
AP951,T1000000391,2025-09-19,attempt_failed,insufficient_funds
AP952,T1000000391,2025-09-22,attempt_success,
AP953,T1000000391,2025-10-19,attempt_failed,insufficient_funds
AP954,T1000000391,2025-10-22,attempt_success,
AP955,T1000000391,2025-11-18,attempt_success,
AP956,T1000000391,2025-12-18,attempt_success,
AP957,T1000000391,2026-01-17,attempt_success,
AP958,T1000000391,2026-02-16,attempt_failed,insufficient_funds
AP959,T1000000391,2026-02-19,attempt_success,
AP960,T1000000391,2026-03-18,attempt_success,
AP961,T1000000391,2026-04-17,attempt_success,
AP962,T1000000391,2026-05-17,attempt_success,
AP963,T1000000391,2026-06-16,attempt_success,
AP964,T1000000393,2025-09-29,attempt_success,
AP965,T1000000393,2025-10-29,attempt_success,
AP966,T1000000393,2025-11-28,attempt_success,
AP967,T1000000393,2025-12-28,attempt_success,
AP968,T1000000393,2026-01-27,attempt_success,
AP969,T1000000393,2026-02-26,attempt_success,
AP970,T1000000393,2026-03-28,attempt_success,
AP971,T1000000393,2026-04-27,attempt_success,
AP972,T1000000393,2026-05-27,attempt_success,
AP973,T1000000393,2026-06-26,attempt_success,
AP974,T1000000395,2025-09-16,attempt_success,
AP975,T1000000395,2025-10-16,attempt_success,
AP976,T1000000395,2025-11-15,attempt_success,
AP977,T1000000395,2025-12-15,attempt_success,
AP978,T1000000395,2026-01-14,attempt_success,
AP979,T1000000395,2026-02-13,attempt_success,
AP980,T1000000395,2026-03-15,attempt_success,
AP981,T1000000395,2026-04-14,attempt_success,
AP982,T1000000395,2026-05-14,attempt_success,
AP983,T1000000395,2026-06-13,attempt_success,
AP984,T1000000400,2025-08-04,attempt_success,
AP985,T1000000400,2025-11-03,attempt_success,
AP986,T1000000400,2026-02-02,attempt_success,
AP987,T1000000400,2026-05-04,attempt_success,
AP988,T1000000402,2025-08-31,attempt_success,
AP989,T1000000402,2025-09-30,attempt_success,
AP990,T1000000402,2025-10-30,attempt_success,
AP991,T1000000402,2025-11-29,attempt_success,
AP992,T1000000402,2025-12-29,attempt_success,
AP993,T1000000402,2026-01-28,attempt_success,
AP994,T1000000402,2026-02-27,attempt_success,
AP995,T1000000402,2026-03-29,attempt_success,
AP996,T1000000402,2026-04-28,attempt_success,
AP997,T1000000402,2026-05-28,attempt_success,
AP998,T1000000402,2026-06-27,attempt_success,
AP999,T1000000403,2025-09-05,attempt_success,
AP1000,T1000000403,2025-10-05,attempt_success,
AP1001,T1000000403,2025-11-04,attempt_failed,card_expired
AP1002,T1000000403,2025-11-07,attempt_failed,card_expired
AP1003,T1000000403,2025-12-04,attempt_success,
AP1004,T1000000403,2026-01-03,attempt_success,
AP1005,T1000000403,2026-02-02,attempt_success,
AP1006,T1000000403,2026-03-04,attempt_success,
AP1007,T1000000403,2026-04-03,attempt_success,
AP1008,T1000000403,2026-05-03,attempt_success,
AP1009,T1000000403,2026-06-02,attempt_success,
AP1010,T1000000404,2025-08-05,attempt_success,
AP1011,T1000000404,2026-02-03,attempt_success,
AP1012,T1000000405,2025-09-15,attempt_success,
AP1013,T1000000405,2025-12-15,attempt_success,
AP1014,T1000000405,2026-03-16,attempt_success,
AP1015,T1000000405,2026-06-15,attempt_failed,bank_declined
AP1016,T1000000405,2026-06-18,attempt_success,
AP1017,T1000000411,2025-09-02,attempt_success,
AP1018,T1000000411,2025-10-02,attempt_success,
AP1019,T1000000411,2025-11-01,attempt_success,
AP1020,T1000000411,2025-12-01,attempt_success,
AP1021,T1000000411,2025-12-31,attempt_failed,insufficient_funds
AP1022,T1000000411,2026-01-03,attempt_success,
AP1023,T1000000411,2026-01-30,attempt_success,
AP1024,T1000000411,2026-03-01,attempt_failed,card_expired
AP1025,T1000000411,2026-03-04,attempt_success,
AP1026,T1000000411,2026-03-31,attempt_success,
AP1027,T1000000411,2026-04-30,attempt_success,
AP1028,T1000000411,2026-05-30,attempt_success,
AP1029,T1000000411,2026-06-29,attempt_success,
AP1030,T1000000413,2025-09-15,attempt_success,
AP1031,T1000000413,2025-10-15,attempt_failed,card_expired
AP1032,T1000000413,2025-10-18,attempt_failed,card_expired
AP1033,T1000000413,2025-11-14,attempt_success,
AP1034,T1000000413,2025-12-14,attempt_success,
AP1035,T1000000413,2026-01-13,attempt_success,
AP1036,T1000000413,2026-02-12,attempt_success,
AP1037,T1000000413,2026-03-14,attempt_success,
AP1038,T1000000413,2026-04-13,attempt_success,
AP1039,T1000000413,2026-05-13,attempt_success,
AP1040,T1000000413,2026-06-12,attempt_success,
AP1041,T1000000414,2025-08-15,attempt_success,
AP1042,T1000000415,2025-04-19,attempt_success,
AP1043,T1000000415,2026-04-19,attempt_success,
AP1044,T1000000420,2025-11-11,attempt_success,
AP1045,T1000000420,2025-12-11,attempt_success,
AP1046,T1000000420,2026-01-10,attempt_success,
AP1047,T1000000420,2026-02-09,attempt_success,
AP1048,T1000000420,2026-03-11,attempt_success,
AP1049,T1000000420,2026-04-10,attempt_success,
AP1050,T1000000420,2026-05-10,attempt_success,
AP1051,T1000000420,2026-06-09,attempt_success,
AP1052,T1000000421,2025-09-28,attempt_success,
AP1053,T1000000421,2025-10-28,attempt_success,
AP1054,T1000000421,2025-11-27,attempt_success,
AP1055,T1000000421,2025-12-27,attempt_failed,card_expired
AP1056,T1000000421,2025-12-30,attempt_success,
AP1057,T1000000421,2026-01-26,attempt_failed,insufficient_funds
AP1058,T1000000421,2026-01-29,attempt_success,
AP1059,T1000000421,2026-02-25,attempt_success,
AP1060,T1000000421,2026-03-27,attempt_success,
AP1061,T1000000421,2026-04-26,attempt_success,
AP1062,T1000000421,2026-05-26,attempt_failed,insufficient_funds
AP1063,T1000000421,2026-05-29,attempt_failed,insufficient_funds
AP1064,T1000000421,2026-06-25,attempt_success,
AP1065,T1000000426,2025-09-03,attempt_success,
AP1066,T1000000426,2025-10-03,attempt_success,
AP1067,T1000000426,2025-11-02,attempt_success,
AP1068,T1000000426,2025-12-02,attempt_success,
AP1069,T1000000426,2026-01-01,attempt_success,
AP1070,T1000000426,2026-01-31,attempt_success,
AP1071,T1000000426,2026-03-02,attempt_success,
AP1072,T1000000426,2026-04-01,attempt_success,
AP1073,T1000000426,2026-05-01,attempt_success,
AP1074,T1000000426,2026-05-31,attempt_success,
AP1075,T1000000426,2026-06-30,attempt_success,
AP1076,T1000000429,2025-09-08,attempt_success,
AP1077,T1000000429,2025-10-08,attempt_success,
AP1078,T1000000429,2025-11-07,attempt_failed,card_expired
AP1079,T1000000429,2025-11-10,attempt_success,
AP1080,T1000000429,2025-12-07,attempt_success,
AP1081,T1000000429,2026-01-06,attempt_success,
AP1082,T1000000429,2026-02-05,attempt_success,
AP1083,T1000000429,2026-03-07,attempt_success,
AP1084,T1000000429,2026-04-06,attempt_failed,card_expired
AP1085,T1000000429,2026-04-09,attempt_success,
AP1086,T1000000429,2026-05-06,attempt_success,
AP1087,T1000000429,2026-06-05,attempt_success,
AP1088,T1000000431,2024-09-30,attempt_failed,insufficient_funds
AP1089,T1000000431,2024-10-03,attempt_success,
AP1090,T1000000431,2025-09-30,attempt_success,
AP1091,T1000000432,2025-05-24,attempt_success,
AP1092,T1000000432,2026-05-24,attempt_failed,card_expired
AP1093,T1000000432,2026-05-27,attempt_failed,card_expired
AP1094,T1000000433,2025-09-08,attempt_success,
AP1095,T1000000433,2025-10-08,attempt_success,
AP1096,T1000000433,2025-11-07,attempt_failed,insufficient_funds
AP1097,T1000000433,2025-11-10,attempt_success,
AP1098,T1000000433,2025-12-07,attempt_success,
AP1099,T1000000433,2026-01-06,attempt_failed,insufficient_funds
AP1100,T1000000433,2026-01-09,attempt_failed,insufficient_funds
AP1101,T1000000433,2026-02-05,attempt_success,
AP1102,T1000000433,2026-03-07,attempt_success,
AP1103,T1000000433,2026-04-06,attempt_success,
AP1104,T1000000433,2026-05-06,attempt_success,
AP1105,T1000000433,2026-06-05,attempt_success,
AP1106,T1000000436,2025-09-28,attempt_failed,insufficient_funds
AP1107,T1000000436,2025-10-01,attempt_failed,insufficient_funds
AP1108,T1000000436,2025-10-28,attempt_success,
AP1109,T1000000436,2025-11-27,attempt_success,
AP1110,T1000000436,2025-12-27,attempt_success,
AP1111,T1000000436,2026-01-26,attempt_success,
AP1112,T1000000436,2026-02-25,attempt_success,
AP1113,T1000000436,2026-03-27,attempt_success,
AP1114,T1000000436,2026-04-26,attempt_success,
AP1115,T1000000436,2026-05-26,attempt_success,
AP1116,T1000000436,2026-06-25,attempt_success,
AP1117,T1000000442,2025-04-19,attempt_success,
AP1118,T1000000442,2025-10-18,attempt_failed,insufficient_funds
AP1119,T1000000442,2025-10-21,attempt_failed,insufficient_funds
AP1120,T1000000442,2026-04-18,attempt_failed,insufficient_funds
AP1121,T1000000442,2026-04-21,attempt_success,
AP1122,T1000000448,2025-01-11,attempt_success,
AP1123,T1000000448,2026-01-11,attempt_success,
AP1124,T1000000449,2025-09-28,attempt_success,
AP1125,T1000000449,2025-10-28,attempt_success,
AP1126,T1000000449,2025-11-27,attempt_success,
AP1127,T1000000449,2025-12-27,attempt_success,
AP1128,T1000000449,2026-01-26,attempt_success,
AP1129,T1000000449,2026-02-25,attempt_success,
AP1130,T1000000449,2026-03-27,attempt_failed,insufficient_funds
AP1131,T1000000449,2026-03-30,attempt_success,
AP1132,T1000000449,2026-04-26,attempt_success,
AP1133,T1000000449,2026-05-26,attempt_success,
AP1134,T1000000449,2026-06-25,attempt_failed,bank_declined
AP1135,T1000000449,2026-06-28,attempt_success,
AP1136,T1000000450,2025-08-29,attempt_success,
AP1137,T1000000450,2025-11-28,attempt_failed,insufficient_funds
AP1138,T1000000450,2025-12-01,attempt_success,
AP1139,T1000000450,2026-02-27,attempt_success,
AP1140,T1000000450,2026-05-29,attempt_success,
AP1141,T1000000454,2025-07-01,attempt_success,
AP1142,T1000000454,2025-09-30,attempt_failed,card_expired
AP1143,T1000000454,2025-10-03,attempt_success,
AP1144,T1000000454,2025-12-30,attempt_success,
AP1145,T1000000454,2026-03-31,attempt_success,
AP1146,T1000000454,2026-06-30,attempt_success,
AP1147,T1000000456,2025-10-04,attempt_success,
AP1148,T1000000456,2026-04-04,attempt_success,
AP1149,T1000000457,2025-07-02,attempt_success,
AP1150,T1000000457,2025-10-01,attempt_success,
AP1151,T1000000457,2025-12-31,attempt_success,
AP1152,T1000000457,2026-04-01,attempt_success,
AP1153,T1000000458,2025-07-03,attempt_success,
AP1154,T1000000458,2025-10-02,attempt_success,
AP1155,T1000000458,2026-01-01,attempt_failed,card_expired
AP1156,T1000000458,2026-01-04,attempt_failed,card_expired
AP1157,T1000000458,2026-04-02,attempt_success,
AP1158,T1000000462,2025-08-18,attempt_success,
AP1159,T1000000462,2026-02-16,attempt_success,
AP1160,T1000000463,2025-02-08,attempt_failed,insufficient_funds
AP1161,T1000000463,2025-02-11,attempt_success,
AP1162,T1000000463,2026-02-08,attempt_success,
AP1163,T1000000465,2025-07-08,attempt_success,
AP1164,T1000000465,2025-10-07,attempt_success,
AP1165,T1000000465,2026-01-06,attempt_success,
AP1166,T1000000465,2026-04-07,attempt_failed,bank_declined
AP1167,T1000000465,2026-04-10,attempt_failed,bank_declined
AP1168,T1000000467,2025-09-05,attempt_success,
AP1169,T1000000467,2025-10-05,attempt_success,
AP1170,T1000000467,2025-11-04,attempt_success,
AP1171,T1000000467,2025-12-04,attempt_success,
AP1172,T1000000467,2026-01-03,attempt_success,
AP1173,T1000000467,2026-02-02,attempt_success,
AP1174,T1000000467,2026-03-04,attempt_success,
AP1175,T1000000467,2026-04-03,attempt_success,
AP1176,T1000000467,2026-05-03,attempt_success,
AP1177,T1000000467,2026-06-02,attempt_failed,insufficient_funds
AP1178,T1000000467,2026-06-05,attempt_failed,insufficient_funds
AP1179,T1000000468,2025-02-14,attempt_success,
AP1180,T1000000468,2026-02-14,attempt_failed,insufficient_funds
AP1181,T1000000468,2026-02-17,attempt_failed,insufficient_funds
AP1182,T1000000469,2025-01-02,attempt_success,
AP1183,T1000000469,2026-01-02,attempt_success,
AP1184,T1000000473,2025-07-15,attempt_success,
AP1185,T1000000473,2025-10-14,attempt_failed,card_expired
AP1186,T1000000473,2025-10-17,attempt_success,
AP1187,T1000000473,2026-01-13,attempt_success,
AP1188,T1000000473,2026-04-14,attempt_success,
AP1189,T1000000474,2025-09-15,attempt_success,
AP1190,T1000000474,2025-10-15,attempt_failed,card_expired
AP1191,T1000000474,2025-10-18,attempt_success,
AP1192,T1000000474,2025-11-14,attempt_failed,insufficient_funds
AP1193,T1000000474,2025-11-17,attempt_success,
AP1194,T1000000474,2025-12-14,attempt_success,
AP1195,T1000000474,2026-01-13,attempt_success,
AP1196,T1000000474,2026-02-12,attempt_failed,bank_declined
AP1197,T1000000474,2026-02-15,attempt_success,
AP1198,T1000000474,2026-03-14,attempt_success,
AP1199,T1000000474,2026-04-13,attempt_success,
AP1200,T1000000474,2026-05-13,attempt_success,
AP1201,T1000000474,2026-06-12,attempt_failed,bank_declined
AP1202,T1000000474,2026-06-15,attempt_success,
AP1203,T1000000477,2025-08-20,attempt_success,
AP1204,T1000000477,2026-02-18,attempt_success,
AP1205,T1000000478,2025-09-12,attempt_success,
AP1206,T1000000478,2025-10-12,attempt_success,
AP1207,T1000000478,2025-11-11,attempt_success,
AP1208,T1000000478,2025-12-11,attempt_success,
AP1209,T1000000478,2026-01-10,attempt_success,
AP1210,T1000000478,2026-02-09,attempt_success,
AP1211,T1000000478,2026-03-11,attempt_success,
AP1212,T1000000478,2026-04-10,attempt_failed,bank_declined
AP1213,T1000000478,2026-04-13,attempt_success,
AP1214,T1000000478,2026-05-10,attempt_success,
AP1215,T1000000478,2026-06-09,attempt_success,
AP1216,T1000000481,2025-09-10,attempt_success,
AP1217,T1000000481,2025-10-10,attempt_success,
AP1218,T1000000481,2025-11-09,attempt_success,
AP1219,T1000000481,2025-12-09,attempt_success,
AP1220,T1000000481,2026-01-08,attempt_success,
AP1221,T1000000481,2026-02-07,attempt_success,
AP1222,T1000000481,2026-03-09,attempt_success,
AP1223,T1000000481,2026-04-08,attempt_success,
AP1224,T1000000481,2026-05-08,attempt_success,
AP1225,T1000000481,2026-06-07,attempt_success,
AP1226,T1000000486,2025-05-12,attempt_success,
AP1227,T1000000486,2025-11-10,attempt_success,
AP1228,T1000000486,2026-05-11,attempt_success,
AP1229,T1000000489,2025-09-16,attempt_failed,card_expired
AP1230,T1000000489,2025-09-19,attempt_success,
AP1231,T1000000489,2025-10-16,attempt_failed,bank_declined
AP1232,T1000000489,2025-10-19,attempt_success,
AP1233,T1000000489,2025-11-15,attempt_success,
AP1234,T1000000489,2025-12-15,attempt_failed,insufficient_funds
AP1235,T1000000489,2025-12-18,attempt_success,
AP1236,T1000000489,2026-01-14,attempt_success,
AP1237,T1000000489,2026-02-13,attempt_success,
AP1238,T1000000489,2026-03-15,attempt_failed,insufficient_funds
AP1239,T1000000489,2026-03-18,attempt_failed,insufficient_funds
AP1240,T1000000489,2026-04-14,attempt_success,
AP1241,T1000000489,2026-05-14,attempt_success,
AP1242,T1000000489,2026-06-13,attempt_success,
AP1243,T1000000490,2025-10-17,attempt_success,
AP1244,T1000000490,2026-04-17,attempt_success,
AP1245,T1000000491,2025-11-10,attempt_success,
AP1246,T1000000491,2025-12-10,attempt_success,
AP1247,T1000000491,2026-01-09,attempt_success,
AP1248,T1000000491,2026-02-08,attempt_success,
AP1249,T1000000491,2026-03-10,attempt_success,
AP1250,T1000000491,2026-04-09,attempt_success,
AP1251,T1000000491,2026-05-09,attempt_success,
AP1252,T1000000491,2026-06-08,attempt_success,
AP1253,T1000000495,2025-11-14,attempt_success,
AP1254,T1000000496,2025-03-26,attempt_success,
AP1255,T1000000496,2026-03-26,attempt_failed,insufficient_funds
AP1256,T1000000496,2026-03-29,attempt_success,
AP1257,T1000000500,2025-09-23,attempt_failed,insufficient_funds
AP1258,T1000000500,2025-09-26,attempt_success,
AP1259,T1000000500,2025-10-23,attempt_success,
AP1260,T1000000500,2025-11-22,attempt_success,
AP1261,T1000000500,2025-12-22,attempt_success,
AP1262,T1000000500,2026-01-21,attempt_success,
AP1263,T1000000500,2026-02-20,attempt_success,
AP1264,T1000000500,2026-03-22,attempt_success,
AP1265,T1000000500,2026-04-21,attempt_success,
AP1266,T1000000500,2026-05-21,attempt_success,
AP1267,T1000000500,2026-06-20,attempt_success,
AP1268,T1000000502,2025-09-24,attempt_success,
AP1269,T1000000502,2025-12-24,attempt_success,
AP1270,T1000000502,2026-03-25,attempt_success,
AP1271,T1000000502,2026-06-24,attempt_success,
AP1272,T1000000503,2025-01-28,attempt_success,
AP1273,T1000000503,2026-01-28,attempt_success,
AP1274,T1000000507,2025-09-08,attempt_success,
AP1275,T1000000507,2025-10-08,attempt_success,
AP1276,T1000000507,2025-11-07,attempt_failed,insufficient_funds
AP1277,T1000000507,2025-11-10,attempt_failed,insufficient_funds
AP1278,T1000000507,2025-12-07,attempt_success,
AP1279,T1000000507,2026-01-06,attempt_success,
AP1280,T1000000507,2026-02-05,attempt_success,
AP1281,T1000000507,2026-03-07,attempt_success,
AP1282,T1000000507,2026-04-06,attempt_success,
AP1283,T1000000507,2026-05-06,attempt_success,
AP1284,T1000000507,2026-06-05,attempt_failed,insufficient_funds
AP1285,T1000000507,2026-06-08,attempt_success,
AP1286,T1000000509,2025-09-10,attempt_success,
AP1287,T1000000509,2025-12-10,attempt_success,
AP1288,T1000000509,2026-03-11,attempt_success,
AP1289,T1000000509,2026-06-10,attempt_success,
AP1290,T1000000510,2025-09-09,attempt_success,
AP1291,T1000000510,2025-10-09,attempt_failed,bank_declined
AP1292,T1000000510,2025-10-12,attempt_failed,bank_declined
AP1293,T1000000510,2025-11-08,attempt_success,
AP1294,T1000000510,2025-12-08,attempt_success,
AP1295,T1000000510,2026-01-07,attempt_success,
AP1296,T1000000510,2026-02-06,attempt_success,
AP1297,T1000000510,2026-03-08,attempt_success,
AP1298,T1000000510,2026-04-07,attempt_success,
AP1299,T1000000510,2026-05-07,attempt_success,
AP1300,T1000000510,2026-06-06,attempt_success,
AP1301,T1000000511,2025-09-08,attempt_success,
AP1302,T1000000511,2025-10-08,attempt_success,
AP1303,T1000000511,2025-11-07,attempt_success,
AP1304,T1000000511,2025-12-07,attempt_success,
AP1305,T1000000511,2026-01-06,attempt_success,
AP1306,T1000000511,2026-02-05,attempt_success,
AP1307,T1000000511,2026-03-07,attempt_success,
AP1308,T1000000511,2026-04-06,attempt_success,
AP1309,T1000000511,2026-05-06,attempt_success,
AP1310,T1000000511,2026-06-05,attempt_success,
AP1311,T1000000512,2025-07-31,attempt_success,
AP1312,T1000000515,2025-07-20,attempt_success,
AP1313,T1000000515,2025-10-19,attempt_success,
AP1314,T1000000515,2026-01-18,attempt_success,
AP1315,T1000000515,2026-04-19,attempt_success,
AP1316,T1000000516,2025-09-20,attempt_success,
AP1317,T1000000516,2025-10-20,attempt_failed,insufficient_funds
AP1318,T1000000516,2025-10-23,attempt_success,
AP1319,T1000000516,2025-11-19,attempt_success,
AP1320,T1000000516,2025-12-19,attempt_success,
AP1321,T1000000516,2026-01-18,attempt_success,
AP1322,T1000000516,2026-02-17,attempt_failed,insufficient_funds
AP1323,T1000000516,2026-02-20,attempt_failed,insufficient_funds
AP1324,T1000000516,2026-03-19,attempt_success,
AP1325,T1000000516,2026-04-18,attempt_success,
AP1326,T1000000516,2026-05-18,attempt_success,
AP1327,T1000000516,2026-06-17,attempt_success,
AP1328,T1000000520,2025-09-21,attempt_success,
AP1329,T1000000520,2025-10-21,attempt_success,
AP1330,T1000000520,2025-11-20,attempt_success,
AP1331,T1000000520,2025-12-20,attempt_success,
AP1332,T1000000520,2026-01-19,attempt_success,
AP1333,T1000000520,2026-02-18,attempt_failed,bank_declined
AP1334,T1000000520,2026-02-21,attempt_failed,bank_declined
AP1335,T1000000520,2026-03-20,attempt_success,
AP1336,T1000000520,2026-04-19,attempt_success,
AP1337,T1000000520,2026-05-19,attempt_success,
AP1338,T1000000520,2026-06-18,attempt_success,
AP1339,T1000000522,2025-09-26,attempt_success,
AP1340,T1000000522,2025-10-26,attempt_success,
AP1341,T1000000522,2025-11-25,attempt_success,
AP1342,T1000000522,2025-12-25,attempt_success,
AP1343,T1000000522,2026-01-24,attempt_failed,bank_declined
AP1344,T1000000522,2026-01-27,attempt_success,
AP1345,T1000000522,2026-02-23,attempt_success,
AP1346,T1000000522,2026-03-25,attempt_success,
AP1347,T1000000522,2026-04-24,attempt_success,
AP1348,T1000000522,2026-05-24,attempt_failed,insufficient_funds
AP1349,T1000000522,2026-05-27,attempt_success,
AP1350,T1000000522,2026-06-23,attempt_success,
AP1351,T1000000526,2025-09-05,attempt_success,
AP1352,T1000000526,2025-10-05,attempt_success,
AP1353,T1000000526,2025-11-04,attempt_success,
AP1354,T1000000526,2025-12-04,attempt_success,
AP1355,T1000000526,2026-01-03,attempt_success,
AP1356,T1000000526,2026-02-02,attempt_failed,insufficient_funds
AP1357,T1000000526,2026-02-05,attempt_failed,insufficient_funds
AP1358,T1000000526,2026-03-04,attempt_success,
AP1359,T1000000526,2026-04-03,attempt_failed,card_expired
AP1360,T1000000526,2026-04-06,attempt_success,
AP1361,T1000000526,2026-05-03,attempt_success,
AP1362,T1000000526,2026-06-02,attempt_success,
AP1363,T1000000528,2025-08-31,attempt_success,
AP1364,T1000000528,2026-03-01,attempt_success,
AP1365,T1000000529,2025-09-26,attempt_success,
AP1366,T1000000529,2025-10-26,attempt_success,
AP1367,T1000000529,2025-11-25,attempt_success,
AP1368,T1000000529,2025-12-25,attempt_failed,insufficient_funds
AP1369,T1000000529,2025-12-28,attempt_failed,insufficient_funds
AP1370,T1000000529,2026-01-24,attempt_failed,insufficient_funds
AP1371,T1000000529,2026-01-27,attempt_success,
AP1372,T1000000529,2026-02-23,attempt_success,
AP1373,T1000000529,2026-03-25,attempt_success,
AP1374,T1000000529,2026-04-24,attempt_success,
AP1375,T1000000529,2026-05-24,attempt_failed,card_expired
AP1376,T1000000529,2026-05-27,attempt_failed,card_expired
AP1377,T1000000529,2026-06-23,attempt_success,
AP1378,T1000000532,2025-09-27,attempt_success,
AP1379,T1000000532,2025-10-27,attempt_success,
AP1380,T1000000532,2025-11-26,attempt_success,
AP1381,T1000000532,2025-12-26,attempt_success,
AP1382,T1000000532,2026-01-25,attempt_failed,card_expired
AP1383,T1000000532,2026-01-28,attempt_success,
AP1384,T1000000532,2026-02-24,attempt_success,
AP1385,T1000000532,2026-03-26,attempt_failed,insufficient_funds
AP1386,T1000000532,2026-03-29,attempt_success,
AP1387,T1000000532,2026-04-25,attempt_failed,insufficient_funds
AP1388,T1000000532,2026-04-28,attempt_failed,insufficient_funds
AP1389,T1000000532,2026-05-25,attempt_success,
AP1390,T1000000532,2026-06-24,attempt_success,
AP1391,T1000000533,2025-07-25,attempt_success,
AP1392,T1000000533,2026-01-23,attempt_failed,insufficient_funds
AP1393,T1000000533,2026-01-26,attempt_success,
AP1394,T1000000539,2025-09-25,attempt_success,
AP1395,T1000000539,2025-10-25,attempt_failed,insufficient_funds
AP1396,T1000000539,2025-10-28,attempt_success,
AP1397,T1000000539,2025-11-24,attempt_success,
AP1398,T1000000539,2025-12-24,attempt_success,
AP1399,T1000000539,2026-01-23,attempt_success,
AP1400,T1000000539,2026-02-22,attempt_success,
AP1401,T1000000539,2026-03-24,attempt_success,
AP1402,T1000000539,2026-04-23,attempt_success,
AP1403,T1000000539,2026-05-23,attempt_success,
AP1404,T1000000539,2026-06-22,attempt_success,
AP1405,T1000000540,2025-04-15,attempt_failed,card_expired
AP1406,T1000000540,2025-04-18,attempt_success,
AP1407,T1000000540,2025-10-14,attempt_success,
AP1408,T1000000540,2026-04-14,attempt_success,
AP1409,T1000000543,2025-09-16,attempt_failed,insufficient_funds
AP1410,T1000000543,2025-09-19,attempt_failed,insufficient_funds
AP1411,T1000000543,2025-10-16,attempt_success,
AP1412,T1000000543,2025-11-15,attempt_success,
AP1413,T1000000543,2025-12-15,attempt_success,
AP1414,T1000000543,2026-01-14,attempt_success,
AP1415,T1000000543,2026-02-13,attempt_success,
AP1416,T1000000543,2026-03-15,attempt_success,
AP1417,T1000000543,2026-04-14,attempt_success,
AP1418,T1000000543,2026-05-14,attempt_failed,insufficient_funds
AP1419,T1000000543,2026-05-17,attempt_success,
AP1420,T1000000543,2026-06-13,attempt_failed,bank_declined
AP1421,T1000000543,2026-06-16,attempt_failed,bank_declined
AP1422,T1000000545,2025-09-19,attempt_success,
AP1423,T1000000545,2025-10-19,attempt_success,
AP1424,T1000000545,2025-11-18,attempt_success,
AP1425,T1000000545,2025-12-18,attempt_success,
AP1426,T1000000545,2026-01-17,attempt_success,
AP1427,T1000000545,2026-02-16,attempt_failed,insufficient_funds
AP1428,T1000000545,2026-02-19,attempt_failed,insufficient_funds
AP1429,T1000000545,2026-03-18,attempt_success,
AP1430,T1000000545,2026-04-17,attempt_success,
AP1431,T1000000545,2026-05-17,attempt_success,
AP1432,T1000000545,2026-06-16,attempt_success,
AP1433,T1000000546,2025-09-29,attempt_success,
AP1434,T1000000546,2025-10-29,attempt_success,
AP1435,T1000000546,2025-11-28,attempt_success,
AP1436,T1000000546,2025-12-28,attempt_success,
AP1437,T1000000546,2026-01-27,attempt_success,
AP1438,T1000000546,2026-02-26,attempt_success,
AP1439,T1000000546,2026-03-28,attempt_success,
AP1440,T1000000546,2026-04-27,attempt_success,
AP1441,T1000000546,2026-05-27,attempt_success,
AP1442,T1000000546,2026-06-26,attempt_success,
AP1443,T1000000547,2025-08-15,attempt_success,
AP1444,T1000000547,2026-02-13,attempt_success,
AP1445,T1000000549,2024-10-02,attempt_success,
AP1446,T1000000549,2025-10-02,attempt_success,
AP1447,T1000000551,2025-07-02,attempt_success,
AP1448,T1000000551,2025-10-01,attempt_success,
AP1449,T1000000551,2025-12-31,attempt_failed,card_expired
AP1450,T1000000551,2026-01-03,attempt_success,
AP1451,T1000000551,2026-04-01,attempt_success,
AP1452,T1000000552,2025-05-04,attempt_success,
AP1453,T1000000552,2025-11-02,attempt_success,
AP1454,T1000000552,2026-05-03,attempt_success,
AP1455,T1000000557,2025-12-03,attempt_failed,bank_declined
AP1456,T1000000557,2025-12-06,attempt_success,
AP1457,T1000000557,2026-01-02,attempt_success,
AP1458,T1000000557,2026-02-01,attempt_success,
AP1459,T1000000557,2026-03-03,attempt_success,
AP1460,T1000000557,2026-04-02,attempt_success,
AP1461,T1000000557,2026-05-02,attempt_success,
AP1462,T1000000557,2026-06-01,attempt_success,
AP1463,T1000000558,2025-08-23,attempt_success,
AP1464,T1000000558,2025-11-22,attempt_success,
AP1465,T1000000558,2026-02-21,attempt_success,
AP1466,T1000000558,2026-05-23,attempt_success,
AP1467,T1000000560,2025-09-24,attempt_failed,insufficient_funds
AP1468,T1000000560,2025-09-27,attempt_success,
AP1469,T1000000560,2025-12-24,attempt_success,
AP1470,T1000000560,2026-03-25,attempt_success,
AP1471,T1000000560,2026-06-24,attempt_success,
AP1472,T1000000566,2025-09-19,attempt_success,
AP1473,T1000000566,2025-10-19,attempt_success,
AP1474,T1000000566,2025-11-18,attempt_success,
AP1475,T1000000566,2025-12-18,attempt_success,
AP1476,T1000000566,2026-01-17,attempt_failed,insufficient_funds
AP1477,T1000000566,2026-01-20,attempt_success,
AP1478,T1000000566,2026-02-16,attempt_success,
AP1479,T1000000566,2026-03-18,attempt_success,
AP1480,T1000000566,2026-04-17,attempt_success,
AP1481,T1000000566,2026-05-17,attempt_success,
AP1482,T1000000566,2026-06-16,attempt_success,
AP1483,T1000000567,2025-09-25,attempt_failed,card_expired
AP1484,T1000000567,2025-09-28,attempt_success,
AP1485,T1000000571,2025-04-24,attempt_success,
AP1486,T1000000571,2025-10-23,attempt_success,
AP1487,T1000000571,2026-04-23,attempt_success,
AP1488,T1000000572,2025-09-27,attempt_success,
AP1489,T1000000572,2025-10-27,attempt_success,
AP1490,T1000000572,2025-11-26,attempt_success,
AP1491,T1000000572,2025-12-26,attempt_success,
AP1492,T1000000572,2026-01-25,attempt_success,
AP1493,T1000000572,2026-02-24,attempt_success,
AP1494,T1000000572,2026-03-26,attempt_success,
AP1495,T1000000572,2026-04-25,attempt_success,
AP1496,T1000000572,2026-05-25,attempt_success,
AP1497,T1000000572,2026-06-24,attempt_success,
AP1498,T1000000573,2025-04-23,attempt_success,
AP1499,T1000000573,2026-04-23,attempt_success,
AP1500,T1000000574,2025-09-03,attempt_success,
AP1501,T1000000577,2025-09-26,attempt_failed,insufficient_funds
AP1502,T1000000577,2025-09-29,attempt_failed,insufficient_funds
AP1503,T1000000577,2025-10-26,attempt_success,
AP1504,T1000000577,2025-11-25,attempt_success,
AP1505,T1000000577,2025-12-25,attempt_success,
AP1506,T1000000577,2026-01-24,attempt_success,
AP1507,T1000000577,2026-02-23,attempt_success,
AP1508,T1000000577,2026-03-25,attempt_success,
AP1509,T1000000577,2026-04-24,attempt_success,
AP1510,T1000000577,2026-05-24,attempt_success,
AP1511,T1000000577,2026-06-23,attempt_success,
AP1512,T1000000578,2025-09-04,attempt_failed,insufficient_funds
AP1513,T1000000578,2025-09-07,attempt_success,
AP1514,T1000000578,2025-10-04,attempt_success,
AP1515,T1000000578,2025-11-03,attempt_success,
AP1516,T1000000578,2025-12-03,attempt_success,
AP1517,T1000000578,2026-01-02,attempt_success,
AP1518,T1000000578,2026-02-01,attempt_success,
AP1519,T1000000578,2026-03-03,attempt_success,
AP1520,T1000000578,2026-04-02,attempt_success,
AP1521,T1000000578,2026-05-02,attempt_success,
AP1522,T1000000578,2026-06-01,attempt_success,
AP1523,T1000000582,2025-09-07,attempt_failed,card_expired
AP1524,T1000000582,2025-09-10,attempt_success,
AP1525,T1000000582,2025-10-07,attempt_success,
AP1526,T1000000582,2025-11-06,attempt_success,
AP1527,T1000000582,2025-12-06,attempt_success,
AP1528,T1000000582,2026-01-05,attempt_success,
AP1529,T1000000582,2026-02-04,attempt_success,
AP1530,T1000000582,2026-03-06,attempt_success,
AP1531,T1000000582,2026-04-05,attempt_success,
AP1532,T1000000582,2026-05-05,attempt_success,
AP1533,T1000000582,2026-06-04,attempt_success,
AP1534,T1000000583,2025-09-01,attempt_success,
AP1535,T1000000583,2025-10-01,attempt_success,
AP1536,T1000000583,2025-10-31,attempt_success,
AP1537,T1000000583,2025-11-30,attempt_success,
AP1538,T1000000583,2025-12-30,attempt_success,
AP1539,T1000000583,2026-01-29,attempt_success,
AP1540,T1000000583,2026-02-28,attempt_success,
AP1541,T1000000583,2026-03-30,attempt_success,
AP1542,T1000000583,2026-04-29,attempt_success,
AP1543,T1000000583,2026-05-29,attempt_success,
AP1544,T1000000583,2026-06-28,attempt_success,
AP1545,T1000000585,2025-08-17,attempt_failed,insufficient_funds
AP1546,T1000000585,2025-08-20,attempt_failed,insufficient_funds
AP1547,T1000000585,2025-11-16,attempt_success,
AP1548,T1000000585,2026-02-15,attempt_success,
AP1549,T1000000585,2026-05-17,attempt_success,
AP1550,T1000000588,2025-09-28,attempt_failed,insufficient_funds
AP1551,T1000000588,2025-10-01,attempt_success,
AP1552,T1000000588,2025-10-28,attempt_success,
AP1553,T1000000588,2025-11-27,attempt_success,
AP1554,T1000000588,2025-12-27,attempt_success,
AP1555,T1000000588,2026-01-26,attempt_success,
AP1556,T1000000588,2026-02-25,attempt_success,
AP1557,T1000000588,2026-03-27,attempt_success,
AP1558,T1000000588,2026-04-26,attempt_success,
AP1559,T1000000588,2026-05-26,attempt_success,
AP1560,T1000000588,2026-06-25,attempt_success,
AP1561,T1000000594,2025-07-25,attempt_success,
AP1562,T1000000594,2025-10-24,attempt_failed,insufficient_funds
AP1563,T1000000594,2025-10-27,attempt_failed,insufficient_funds
AP1564,T1000000594,2026-01-23,attempt_success,
AP1565,T1000000594,2026-04-24,attempt_success,
AP1566,T1000000596,2025-09-21,attempt_success,
AP1567,T1000000596,2025-10-21,attempt_success,
AP1568,T1000000596,2025-11-20,attempt_failed,insufficient_funds
AP1569,T1000000596,2025-11-23,attempt_failed,insufficient_funds
AP1570,T1000000596,2025-12-20,attempt_success,
AP1571,T1000000596,2026-01-19,attempt_success,
AP1572,T1000000596,2026-02-18,attempt_success,
AP1573,T1000000596,2026-03-20,attempt_success,
AP1574,T1000000596,2026-04-19,attempt_success,
AP1575,T1000000596,2026-05-19,attempt_success,
AP1576,T1000000596,2026-06-18,attempt_success,
AP1577,T1000000597,2025-11-05,attempt_success,
AP1578,T1000000597,2025-12-05,attempt_success,
AP1579,T1000000597,2026-01-04,attempt_success,
AP1580,T1000000597,2026-02-03,attempt_success,
AP1581,T1000000597,2026-03-05,attempt_success,
AP1582,T1000000597,2026-04-04,attempt_success,
AP1583,T1000000597,2026-05-04,attempt_failed,card_expired
AP1584,T1000000597,2026-05-07,attempt_failed,card_expired
AP1585,T1000000597,2026-06-03,attempt_success,
AP1586,T1000000598,2025-08-15,attempt_failed,insufficient_funds
AP1587,T1000000598,2025-08-18,attempt_success,
AP1588,T1000000598,2026-02-13,attempt_success,
AP1589,T1000000602,2025-02-19,attempt_success,
AP1590,T1000000602,2026-02-19,attempt_failed,bank_declined
AP1591,T1000000602,2026-02-22,attempt_success,
AP1592,T1000000609,2025-09-05,attempt_success,
AP1593,T1000000609,2025-10-05,attempt_success,
AP1594,T1000000609,2025-11-04,attempt_success,
AP1595,T1000000609,2025-12-04,attempt_success,
AP1596,T1000000609,2026-01-03,attempt_success,
AP1597,T1000000609,2026-02-02,attempt_success,
AP1598,T1000000609,2026-03-04,attempt_failed,card_expired
AP1599,T1000000609,2026-03-07,attempt_success,
AP1600,T1000000609,2026-04-03,attempt_success,
AP1601,T1000000609,2026-05-03,attempt_success,
AP1602,T1000000609,2026-06-02,attempt_success,
AP1603,T1000000612,2025-03-04,attempt_success,
AP1604,T1000000612,2026-03-04,attempt_success,
AP1605,T1000000614,2025-09-20,attempt_success,
AP1606,T1000000614,2025-10-20,attempt_success,
AP1607,T1000000614,2025-11-19,attempt_success,
AP1608,T1000000614,2025-12-19,attempt_success,
AP1609,T1000000614,2026-01-18,attempt_success,
AP1610,T1000000614,2026-02-17,attempt_success,
AP1611,T1000000614,2026-03-19,attempt_success,
AP1612,T1000000614,2026-04-18,attempt_success,
AP1613,T1000000614,2026-05-18,attempt_success,
AP1614,T1000000614,2026-06-17,attempt_success,
AP1615,T1000000615,2025-09-09,attempt_failed,insufficient_funds
AP1616,T1000000615,2025-09-12,attempt_success,
AP1617,T1000000615,2025-10-09,attempt_success,
AP1618,T1000000615,2025-11-08,attempt_success,
AP1619,T1000000615,2025-12-08,attempt_success,
AP1620,T1000000615,2026-01-07,attempt_success,
AP1621,T1000000615,2026-02-06,attempt_success,
AP1622,T1000000615,2026-03-08,attempt_success,
AP1623,T1000000615,2026-04-07,attempt_success,
AP1624,T1000000615,2026-05-07,attempt_success,
AP1625,T1000000615,2026-06-06,attempt_success,
AP1626,T1000000616,2025-09-24,attempt_success,
AP1627,T1000000616,2025-10-24,attempt_success,
AP1628,T1000000616,2025-11-23,attempt_success,
AP1629,T1000000616,2025-12-23,attempt_success,
AP1630,T1000000616,2026-01-22,attempt_success,
AP1631,T1000000616,2026-02-21,attempt_success,
AP1632,T1000000616,2026-03-23,attempt_success,
AP1633,T1000000616,2026-04-22,attempt_success,
AP1634,T1000000616,2026-05-22,attempt_success,
AP1635,T1000000616,2026-06-21,attempt_success,
AP1636,T1000000617,2025-09-15,attempt_success,
AP1637,T1000000617,2025-10-15,attempt_success,
AP1638,T1000000617,2025-11-14,attempt_success,
AP1639,T1000000617,2025-12-14,attempt_success,
AP1640,T1000000617,2026-01-13,attempt_success,
AP1641,T1000000617,2026-02-12,attempt_success,
AP1642,T1000000617,2026-03-14,attempt_success,
AP1643,T1000000617,2026-04-13,attempt_success,
AP1644,T1000000617,2026-05-13,attempt_success,
AP1645,T1000000617,2026-06-12,attempt_success,
AP1646,T1000000618,2024-12-13,attempt_success,
AP1647,T1000000618,2025-12-13,attempt_success,
AP1648,T1000000619,2025-09-13,attempt_success,
AP1649,T1000000619,2025-12-13,attempt_success,
AP1650,T1000000619,2026-03-14,attempt_success,
AP1651,T1000000619,2026-06-13,attempt_success,
AP1652,T1000000620,2025-09-16,attempt_failed,insufficient_funds
AP1653,T1000000620,2025-09-19,attempt_success,
AP1654,T1000000620,2025-10-16,attempt_success,
AP1655,T1000000620,2025-11-15,attempt_success,
AP1656,T1000000620,2025-12-15,attempt_success,
AP1657,T1000000620,2026-01-14,attempt_success,
AP1658,T1000000620,2026-02-13,attempt_success,
AP1659,T1000000620,2026-03-15,attempt_success,
AP1660,T1000000620,2026-04-14,attempt_success,
AP1661,T1000000620,2026-05-14,attempt_success,
AP1662,T1000000620,2026-06-13,attempt_failed,insufficient_funds
AP1663,T1000000620,2026-06-16,attempt_success,
AP1664,T1000000621,2025-08-14,attempt_success,
AP1665,T1000000621,2025-11-13,attempt_success,
AP1666,T1000000621,2026-02-12,attempt_failed,bank_declined
AP1667,T1000000621,2026-02-15,attempt_success,
AP1668,T1000000621,2026-05-14,attempt_success,
AP1669,T1000000623,2025-09-01,attempt_success,
AP1670,T1000000623,2025-10-01,attempt_success,
AP1671,T1000000623,2025-10-31,attempt_failed,insufficient_funds
AP1672,T1000000623,2025-11-03,attempt_success,
AP1673,T1000000623,2025-11-30,attempt_failed,card_expired
AP1674,T1000000623,2025-12-03,attempt_failed,card_expired
AP1675,T1000000623,2025-12-30,attempt_success,
AP1676,T1000000623,2026-01-29,attempt_success,
AP1677,T1000000623,2026-02-28,attempt_success,
AP1678,T1000000623,2026-03-30,attempt_success,
AP1679,T1000000623,2026-04-29,attempt_success,
AP1680,T1000000623,2026-05-29,attempt_success,
AP1681,T1000000623,2026-06-28,attempt_success,
AP1682,T1000000625,2025-07-03,attempt_success,
AP1683,T1000000625,2025-10-02,attempt_success,
AP1684,T1000000625,2026-01-01,attempt_success,
AP1685,T1000000625,2026-04-02,attempt_success,
AP1686,T1000000626,2025-09-18,attempt_success,
AP1687,T1000000626,2025-12-18,attempt_success,
AP1688,T1000000626,2026-03-19,attempt_success,
AP1689,T1000000626,2026-06-18,attempt_success,
AP1690,T1000000627,2025-04-26,attempt_success,
AP1691,T1000000627,2025-10-25,attempt_success,
AP1692,T1000000627,2026-04-25,attempt_success,
AP1693,T1000000628,2025-09-18,attempt_success,
AP1694,T1000000628,2025-12-18,attempt_success,
AP1695,T1000000628,2026-03-19,attempt_success,
AP1696,T1000000628,2026-06-18,attempt_success,
AP1697,T1000000629,2025-09-04,attempt_success,
AP1698,T1000000629,2025-10-04,attempt_success,
AP1699,T1000000629,2025-11-03,attempt_success,
AP1700,T1000000629,2025-12-03,attempt_success,
AP1701,T1000000629,2026-01-02,attempt_success,
AP1702,T1000000629,2026-02-01,attempt_success,
AP1703,T1000000629,2026-03-03,attempt_success,
AP1704,T1000000629,2026-04-02,attempt_success,
AP1705,T1000000629,2026-05-02,attempt_success,
AP1706,T1000000629,2026-06-01,attempt_success,
AP1707,T1000000634,2025-09-09,attempt_success,
AP1708,T1000000634,2025-10-09,attempt_success,
AP1709,T1000000634,2025-11-08,attempt_success,
AP1710,T1000000634,2025-12-08,attempt_success,
AP1711,T1000000634,2026-01-07,attempt_success,
AP1712,T1000000634,2026-02-06,attempt_success,
AP1713,T1000000634,2026-03-08,attempt_success,
AP1714,T1000000634,2026-04-07,attempt_success,
AP1715,T1000000634,2026-05-07,attempt_success,
AP1716,T1000000634,2026-06-06,attempt_success,
AP1717,T1000000638,2025-07-08,attempt_success,
AP1718,T1000000638,2025-10-07,attempt_success,
AP1719,T1000000638,2026-01-06,attempt_success,
AP1720,T1000000638,2026-04-07,attempt_success,
AP1721,T1000000639,2025-05-03,attempt_success,
AP1722,T1000000639,2025-11-01,attempt_success,
AP1723,T1000000639,2026-05-02,attempt_success,
AP1724,T1000000641,2025-09-08,attempt_failed,insufficient_funds
AP1725,T1000000641,2025-09-11,attempt_success,
AP1726,T1000000641,2025-12-08,attempt_success,
AP1727,T1000000641,2026-03-09,attempt_success,
AP1728,T1000000641,2026-06-08,attempt_success,
AP1729,T1000000643,2025-09-26,attempt_failed,bank_declined
AP1730,T1000000643,2025-09-29,attempt_success,
AP1731,T1000000643,2025-10-26,attempt_success,
AP1732,T1000000643,2025-11-25,attempt_success,
AP1733,T1000000643,2025-12-25,attempt_success,
AP1734,T1000000643,2026-01-24,attempt_success,
AP1735,T1000000643,2026-02-23,attempt_success,
AP1736,T1000000643,2026-03-25,attempt_failed,bank_declined
AP1737,T1000000643,2026-03-28,attempt_failed,bank_declined
AP1738,T1000000643,2026-04-24,attempt_success,
AP1739,T1000000643,2026-05-24,attempt_success,
AP1740,T1000000643,2026-06-23,attempt_failed,insufficient_funds
AP1741,T1000000643,2026-06-26,attempt_success,
AP1742,T1000000646,2025-07-03,attempt_success,
AP1743,T1000000646,2025-10-02,attempt_success,
AP1744,T1000000646,2026-01-01,attempt_success,
AP1745,T1000000646,2026-04-02,attempt_success,
AP1746,T1000000648,2025-02-21,attempt_success,
AP1747,T1000000648,2026-02-21,attempt_success,
AP1748,T1000000649,2025-09-25,attempt_success,
AP1749,T1000000649,2025-10-25,attempt_success,
AP1750,T1000000649,2025-11-24,attempt_success,
AP1751,T1000000649,2025-12-24,attempt_success,
AP1752,T1000000649,2026-01-23,attempt_success,
AP1753,T1000000649,2026-02-22,attempt_success,
AP1754,T1000000649,2026-03-24,attempt_failed,bank_declined
AP1755,T1000000649,2026-03-27,attempt_failed,bank_declined
AP1756,T1000000649,2026-04-23,attempt_success,
AP1757,T1000000649,2026-05-23,attempt_success,
AP1758,T1000000649,2026-06-22,attempt_success,
AP1759,T1000000651,2025-09-03,attempt_success,
AP1760,T1000000651,2025-10-03,attempt_success,
AP1761,T1000000651,2025-11-02,attempt_success,
AP1762,T1000000651,2025-12-02,attempt_success,
AP1763,T1000000651,2026-01-01,attempt_success,
AP1764,T1000000651,2026-01-31,attempt_success,
AP1765,T1000000651,2026-03-02,attempt_success,
AP1766,T1000000651,2026-04-01,attempt_success,
AP1767,T1000000651,2026-05-01,attempt_success,
AP1768,T1000000651,2026-05-31,attempt_success,
AP1769,T1000000651,2026-06-30,attempt_success,
AP1770,T1000000652,2025-09-20,attempt_success,
AP1771,T1000000652,2025-12-20,attempt_success,
AP1772,T1000000652,2026-03-21,attempt_success,
AP1773,T1000000652,2026-06-20,attempt_failed,card_expired
AP1774,T1000000652,2026-06-23,attempt_success,
AP1775,T1000000653,2025-08-28,attempt_success,
AP1776,T1000000653,2025-11-27,attempt_success,
AP1777,T1000000653,2026-02-26,attempt_success,
AP1778,T1000000653,2026-05-28,attempt_success,
AP1779,T1000000654,2025-09-13,attempt_success,
AP1780,T1000000654,2025-10-13,attempt_success,
AP1781,T1000000654,2025-11-12,attempt_success,
AP1782,T1000000654,2025-12-12,attempt_success,
AP1783,T1000000654,2026-01-11,attempt_success,
AP1784,T1000000654,2026-02-10,attempt_success,
AP1785,T1000000654,2026-03-12,attempt_success,
AP1786,T1000000654,2026-04-11,attempt_success,
AP1787,T1000000654,2026-05-11,attempt_failed,insufficient_funds
AP1788,T1000000654,2026-05-14,attempt_success,
AP1789,T1000000654,2026-06-10,attempt_success,
AP1790,T1000000655,2025-09-26,attempt_success,
AP1791,T1000000655,2025-10-26,attempt_failed,card_expired
AP1792,T1000000655,2025-10-29,attempt_success,
AP1793,T1000000655,2025-11-25,attempt_success,
AP1794,T1000000655,2025-12-25,attempt_success,
AP1795,T1000000655,2026-01-24,attempt_success,
AP1796,T1000000655,2026-02-23,attempt_success,
AP1797,T1000000655,2026-03-25,attempt_success,
AP1798,T1000000655,2026-04-24,attempt_success,
AP1799,T1000000655,2026-05-24,attempt_success,
AP1800,T1000000655,2026-06-23,attempt_success,
AP1801,T1000000656,2025-08-28,attempt_success,
AP1802,T1000000656,2025-11-27,attempt_success,
AP1803,T1000000656,2026-02-26,attempt_success,
AP1804,T1000000656,2026-05-28,attempt_failed,card_expired
AP1805,T1000000656,2026-05-31,attempt_failed,card_expired
AP1806,T1000000657,2025-09-22,attempt_success,
AP1807,T1000000657,2025-10-22,attempt_success,
AP1808,T1000000657,2025-11-21,attempt_success,
AP1809,T1000000657,2025-12-21,attempt_success,
AP1810,T1000000657,2026-01-20,attempt_success,
AP1811,T1000000657,2026-02-19,attempt_success,
AP1812,T1000000657,2026-03-21,attempt_success,
AP1813,T1000000657,2026-04-20,attempt_success,
AP1814,T1000000657,2026-05-20,attempt_success,
AP1815,T1000000657,2026-06-19,attempt_success,
AP1816,T1000000658,2025-09-01,attempt_success,
AP1817,T1000000658,2025-12-01,attempt_success,
AP1818,T1000000658,2026-03-02,attempt_success,
AP1819,T1000000658,2026-06-01,attempt_success,
AP1820,T1000000659,2025-07-20,attempt_success,
AP1821,T1000000659,2025-10-19,attempt_success,
AP1822,T1000000659,2026-01-18,attempt_success,
AP1823,T1000000659,2026-04-19,attempt_success,
AP1824,T1000000665,2025-03-19,attempt_success,
AP1825,T1000000665,2026-03-19,attempt_success,
AP1826,T1000000668,2025-09-10,attempt_success,
AP1827,T1000000668,2025-10-10,attempt_success,
AP1828,T1000000668,2025-11-09,attempt_success,
AP1829,T1000000668,2025-12-09,attempt_success,
AP1830,T1000000668,2026-01-08,attempt_success,
AP1831,T1000000668,2026-02-07,attempt_success,
AP1832,T1000000668,2026-03-09,attempt_success,
AP1833,T1000000668,2026-04-08,attempt_success,
AP1834,T1000000668,2026-05-08,attempt_success,
AP1835,T1000000668,2026-06-07,attempt_success,
AP1836,T1000000671,2025-07-10,attempt_success,
AP1837,T1000000671,2025-10-09,attempt_success,
AP1838,T1000000671,2026-01-08,attempt_success,
AP1839,T1000000671,2026-04-09,attempt_success,
AP1840,T1000000674,2025-07-13,attempt_success,
AP1841,T1000000674,2025-10-12,attempt_success,
AP1842,T1000000674,2026-01-11,attempt_success,
AP1843,T1000000674,2026-04-12,attempt_success,
AP1844,T1000000676,2025-09-23,attempt_success,
AP1845,T1000000676,2025-10-23,attempt_success,
AP1846,T1000000676,2025-11-22,attempt_success,
AP1847,T1000000676,2025-12-22,attempt_success,
AP1848,T1000000676,2026-01-21,attempt_success,
AP1849,T1000000676,2026-02-20,attempt_failed,insufficient_funds
AP1850,T1000000676,2026-02-23,attempt_success,
AP1851,T1000000676,2026-03-22,attempt_success,
AP1852,T1000000676,2026-04-21,attempt_failed,insufficient_funds
AP1853,T1000000676,2026-04-24,attempt_success,
AP1854,T1000000676,2026-05-21,attempt_failed,card_expired
AP1855,T1000000676,2026-05-24,attempt_success,
AP1856,T1000000676,2026-06-20,attempt_success,
AP1857,T1000000683,2025-08-08,attempt_success,
AP1858,T1000000683,2025-11-07,attempt_success,
AP1859,T1000000683,2026-02-06,attempt_failed,card_expired
AP1860,T1000000683,2026-02-09,attempt_failed,card_expired
AP1861,T1000000683,2026-05-08,attempt_failed,card_expired
AP1862,T1000000683,2026-05-11,attempt_success,
AP1863,T1000000686,2025-09-16,attempt_success,
AP1864,T1000000686,2025-10-16,attempt_success,
AP1865,T1000000686,2025-11-15,attempt_success,
AP1866,T1000000686,2025-12-15,attempt_success,
AP1867,T1000000686,2026-01-14,attempt_success,
AP1868,T1000000686,2026-02-13,attempt_success,
AP1869,T1000000686,2026-03-15,attempt_success,
AP1870,T1000000686,2026-04-14,attempt_success,
AP1871,T1000000686,2026-05-14,attempt_success,
AP1872,T1000000686,2026-06-13,attempt_success,
AP1873,T1000000688,2025-09-05,attempt_success,
AP1874,T1000000688,2025-10-05,attempt_failed,bank_declined
AP1875,T1000000688,2025-10-08,attempt_failed,bank_declined
AP1876,T1000000688,2025-11-04,attempt_success,
AP1877,T1000000688,2025-12-04,attempt_success,
AP1878,T1000000688,2026-01-03,attempt_success,
AP1879,T1000000688,2026-02-02,attempt_success,
AP1880,T1000000688,2026-03-04,attempt_success,
AP1881,T1000000688,2026-04-03,attempt_success,
AP1882,T1000000688,2026-05-03,attempt_success,
AP1883,T1000000688,2026-06-02,attempt_success,
AP1884,T1000000690,2025-02-05,attempt_success,
AP1885,T1000000690,2026-02-05,attempt_success,
AP1886,T1000000692,2025-09-14,attempt_success,
AP1887,T1000000692,2025-10-14,attempt_success,
AP1888,T1000000692,2025-11-13,attempt_success,
AP1889,T1000000692,2025-12-13,attempt_success,
AP1890,T1000000692,2026-01-12,attempt_failed,card_expired
AP1891,T1000000692,2026-01-15,attempt_success,
AP1892,T1000000692,2026-02-11,attempt_success,
AP1893,T1000000692,2026-03-13,attempt_success,
AP1894,T1000000692,2026-04-12,attempt_success,
AP1895,T1000000692,2026-05-12,attempt_failed,insufficient_funds
AP1896,T1000000692,2026-05-15,attempt_success,
AP1897,T1000000692,2026-06-11,attempt_success,
AP1898,T1000000698,2025-09-06,attempt_failed,bank_declined
AP1899,T1000000698,2025-09-09,attempt_failed,bank_declined
AP1900,T1000000698,2025-10-06,attempt_success,
AP1901,T1000000698,2025-11-05,attempt_success,
AP1902,T1000000698,2025-12-05,attempt_success,
AP1903,T1000000698,2026-01-04,attempt_success,
AP1904,T1000000698,2026-02-03,attempt_success,
AP1905,T1000000698,2026-03-05,attempt_success,
AP1906,T1000000698,2026-04-04,attempt_success,
AP1907,T1000000698,2026-05-04,attempt_failed,insufficient_funds
AP1908,T1000000698,2026-05-07,attempt_success,
AP1909,T1000000698,2026-06-03,attempt_success,
AP1910,T1000000700,2025-06-26,attempt_success,
AP1911,T1000000700,2026-06-26,attempt_success,
AP1912,T1000000701,2025-08-20,attempt_success,
AP1913,T1000000703,2025-09-10,attempt_success,
AP1914,T1000000703,2025-10-10,attempt_success,
AP1915,T1000000703,2025-11-09,attempt_success,
AP1916,T1000000703,2025-12-09,attempt_success,
AP1917,T1000000703,2026-01-08,attempt_success,
AP1918,T1000000703,2026-02-07,attempt_success,
AP1919,T1000000703,2026-03-09,attempt_success,
AP1920,T1000000703,2026-04-08,attempt_success,
AP1921,T1000000703,2026-05-08,attempt_success,
AP1922,T1000000703,2026-06-07,attempt_failed,bank_declined
AP1923,T1000000703,2026-06-10,attempt_success,
AP1924,T1000000704,2025-06-16,attempt_failed,insufficient_funds
AP1925,T1000000704,2025-06-19,attempt_success,
AP1926,T1000000704,2026-06-16,attempt_success,
AP1927,T1000000705,2025-09-15,attempt_success,
AP1928,T1000000705,2025-10-15,attempt_success,
AP1929,T1000000705,2025-11-14,attempt_failed,insufficient_funds
AP1930,T1000000705,2025-11-17,attempt_success,
AP1931,T1000000705,2025-12-14,attempt_success,
AP1932,T1000000705,2026-01-13,attempt_success,
AP1933,T1000000705,2026-02-12,attempt_failed,bank_declined
AP1934,T1000000705,2026-02-15,attempt_success,
AP1935,T1000000705,2026-03-14,attempt_success,
AP1936,T1000000705,2026-04-13,attempt_success,
AP1937,T1000000705,2026-05-13,attempt_failed,insufficient_funds
AP1938,T1000000705,2026-05-16,attempt_success,
AP1939,T1000000705,2026-06-12,attempt_success,
AP1940,T1000000711,2025-09-22,attempt_success,
AP1941,T1000000711,2025-10-22,attempt_success,
AP1942,T1000000711,2025-11-21,attempt_success,
AP1943,T1000000711,2025-12-21,attempt_success,
AP1944,T1000000711,2026-01-20,attempt_success,
AP1945,T1000000711,2026-02-19,attempt_success,
AP1946,T1000000711,2026-03-21,attempt_success,
AP1947,T1000000711,2026-04-20,attempt_failed,bank_declined
AP1948,T1000000711,2026-04-23,attempt_success,
AP1949,T1000000711,2026-05-20,attempt_success,
AP1950,T1000000711,2026-06-19,attempt_success,
AP1951,T1000000714,2025-11-19,attempt_success,
AP1952,T1000000715,2025-12-09,attempt_success,
AP1953,T1000000717,2025-09-02,attempt_success,
AP1954,T1000000717,2025-12-02,attempt_success,
AP1955,T1000000717,2026-03-03,attempt_success,
AP1956,T1000000717,2026-06-02,attempt_failed,insufficient_funds
AP1957,T1000000717,2026-06-05,attempt_success,
AP1958,T1000000720,2025-08-26,attempt_success,
AP1959,T1000000720,2026-02-24,attempt_success,
AP1960,T1000000722,2025-09-21,attempt_success,
AP1961,T1000000722,2025-10-21,attempt_failed,insufficient_funds
AP1962,T1000000722,2025-10-24,attempt_success,
AP1963,T1000000722,2025-11-20,attempt_success,
AP1964,T1000000722,2025-12-20,attempt_success,
AP1965,T1000000722,2026-01-19,attempt_success,
AP1966,T1000000722,2026-02-18,attempt_success,
AP1967,T1000000722,2026-03-20,attempt_success,
AP1968,T1000000722,2026-04-19,attempt_success,
AP1969,T1000000722,2026-05-19,attempt_success,
AP1970,T1000000722,2026-06-18,attempt_success,
AP1971,T1000000723,2024-12-29,attempt_failed,card_expired
AP1972,T1000000723,2025-01-01,attempt_success,
AP1973,T1000000723,2025-12-29,attempt_success,
AP1974,T1000000727,2025-09-01,attempt_success,
AP1975,T1000000727,2025-10-01,attempt_success,
AP1976,T1000000727,2025-10-31,attempt_success,
AP1977,T1000000727,2025-11-30,attempt_success,
AP1978,T1000000727,2025-12-30,attempt_success,
AP1979,T1000000727,2026-01-29,attempt_success,
AP1980,T1000000727,2026-02-28,attempt_success,
AP1981,T1000000727,2026-03-30,attempt_success,
AP1982,T1000000727,2026-04-29,attempt_success,
AP1983,T1000000727,2026-05-29,attempt_success,
AP1984,T1000000727,2026-06-28,attempt_success,
AP1985,T1000000728,2025-05-08,attempt_success,
AP1986,T1000000728,2025-11-06,attempt_success,
AP1987,T1000000728,2026-05-07,attempt_success,
AP1988,T1000000729,2025-09-05,attempt_success,
AP1989,T1000000729,2025-10-05,attempt_success,
AP1990,T1000000729,2025-11-04,attempt_success,
AP1991,T1000000729,2025-12-04,attempt_success,
AP1992,T1000000729,2026-01-03,attempt_success,
AP1993,T1000000729,2026-02-02,attempt_success,
AP1994,T1000000729,2026-03-04,attempt_success,
AP1995,T1000000729,2026-04-03,attempt_success,
AP1996,T1000000729,2026-05-03,attempt_success,
AP1997,T1000000729,2026-06-02,attempt_failed,card_expired
AP1998,T1000000729,2026-06-05,attempt_success,
AP1999,T1000000730,2025-09-23,attempt_failed,insufficient_funds
AP2000,T1000000730,2025-09-26,attempt_success,
AP2001,T1000000730,2025-10-23,attempt_success,
AP2002,T1000000730,2025-11-22,attempt_success,
AP2003,T1000000730,2025-12-22,attempt_success,
AP2004,T1000000730,2026-01-21,attempt_success,
AP2005,T1000000730,2026-02-20,attempt_success,
AP2006,T1000000730,2026-03-22,attempt_success,
AP2007,T1000000730,2026-04-21,attempt_success,
AP2008,T1000000730,2026-05-21,attempt_success,
AP2009,T1000000730,2026-06-20,attempt_success,
AP2010,T1000000732,2025-09-09,attempt_success,
AP2011,T1000000732,2025-10-09,attempt_success,
AP2012,T1000000732,2025-11-08,attempt_success,
AP2013,T1000000732,2025-12-08,attempt_success,
AP2014,T1000000732,2026-01-07,attempt_success,
AP2015,T1000000732,2026-02-06,attempt_success,
AP2016,T1000000732,2026-03-08,attempt_success,
AP2017,T1000000732,2026-04-07,attempt_success,
AP2018,T1000000732,2026-05-07,attempt_success,
AP2019,T1000000732,2026-06-06,attempt_success,
AP2020,T1000000738,2025-08-12,attempt_success,
AP2021,T1000000738,2025-11-11,attempt_success,
AP2022,T1000000738,2026-02-10,attempt_success,
AP2023,T1000000738,2026-05-12,attempt_success,
AP2024,T1000000739,2025-08-22,attempt_success,
AP2025,T1000000739,2026-02-20,attempt_success,
AP2026,T1000000740,2025-08-31,attempt_success,
AP2027,T1000000740,2025-11-30,attempt_success,
AP2028,T1000000740,2026-03-01,attempt_success,
AP2029,T1000000740,2026-05-31,attempt_success,
AP2030,T1000000748,2025-09-12,attempt_success,
AP2031,T1000000748,2025-10-12,attempt_success,
AP2032,T1000000748,2025-11-11,attempt_success,
AP2033,T1000000748,2025-12-11,attempt_success,
AP2034,T1000000748,2026-01-10,attempt_success,
AP2035,T1000000748,2026-02-09,attempt_success,
AP2036,T1000000748,2026-03-11,attempt_success,
AP2037,T1000000748,2026-04-10,attempt_success,
AP2038,T1000000748,2026-05-10,attempt_success,
AP2039,T1000000748,2026-06-09,attempt_success,
AP2040,T1000000751,2025-09-17,attempt_failed,card_expired
AP2041,T1000000751,2025-09-20,attempt_success,
AP2042,T1000000751,2025-10-17,attempt_success,
AP2043,T1000000751,2025-11-16,attempt_success,
AP2044,T1000000751,2025-12-16,attempt_success,
AP2045,T1000000751,2026-01-15,attempt_success,
AP2046,T1000000751,2026-02-14,attempt_success,
AP2047,T1000000751,2026-03-16,attempt_success,
AP2048,T1000000751,2026-04-15,attempt_failed,card_expired
AP2049,T1000000751,2026-04-18,attempt_success,
AP2050,T1000000751,2026-05-15,attempt_success,
AP2051,T1000000751,2026-06-14,attempt_success,
AP2052,T1000000757,2025-09-12,attempt_success,
AP2053,T1000000757,2025-10-12,attempt_success,
AP2054,T1000000757,2025-11-11,attempt_success,
AP2055,T1000000757,2025-12-11,attempt_success,
AP2056,T1000000757,2026-01-10,attempt_failed,card_expired
AP2057,T1000000757,2026-01-13,attempt_success,
AP2058,T1000000757,2026-02-09,attempt_success,
AP2059,T1000000757,2026-03-11,attempt_success,
AP2060,T1000000757,2026-04-10,attempt_success,
AP2061,T1000000757,2026-05-10,attempt_success,
AP2062,T1000000757,2026-06-09,attempt_success,
AP2063,T1000000760,2025-09-10,attempt_success,
AP2064,T1000000760,2025-10-10,attempt_success,
AP2065,T1000000760,2025-11-09,attempt_success,
AP2066,T1000000760,2025-12-09,attempt_success,
AP2067,T1000000760,2026-01-08,attempt_success,
AP2068,T1000000760,2026-02-07,attempt_success,
AP2069,T1000000760,2026-03-09,attempt_success,
AP2070,T1000000760,2026-04-08,attempt_success,
AP2071,T1000000760,2026-05-08,attempt_success,
AP2072,T1000000760,2026-06-07,attempt_success,
AP2073,T1000000762,2025-09-15,attempt_success,
AP2074,T1000000762,2025-10-15,attempt_success,
AP2075,T1000000762,2025-11-14,attempt_success,
AP2076,T1000000762,2025-12-14,attempt_success,
AP2077,T1000000762,2026-01-13,attempt_success,
AP2078,T1000000762,2026-02-12,attempt_success,
AP2079,T1000000762,2026-03-14,attempt_success,
AP2080,T1000000762,2026-04-13,attempt_success,
AP2081,T1000000762,2026-05-13,attempt_success,
AP2082,T1000000762,2026-06-12,attempt_success,
AP2083,T1000000766,2025-09-11,attempt_failed,insufficient_funds
AP2084,T1000000766,2025-09-14,attempt_success,
AP2085,T1000000767,2024-11-23,attempt_success,
AP2086,T1000000767,2025-11-23,attempt_success,
AP2087,T1000000768,2025-07-10,attempt_success,
AP2088,T1000000768,2025-10-09,attempt_success,
AP2089,T1000000768,2026-01-08,attempt_success,
AP2090,T1000000768,2026-04-09,attempt_success,
AP2091,T1000000770,2025-08-30,attempt_success,
AP2092,T1000000770,2025-11-29,attempt_success,
AP2093,T1000000770,2026-02-28,attempt_success,
AP2094,T1000000770,2026-05-30,attempt_success,
AP2095,T1000000779,2025-07-25,attempt_failed,bank_declined
AP2096,T1000000779,2025-07-28,attempt_failed,bank_declined
AP2097,T1000000779,2025-10-24,attempt_success,
AP2098,T1000000779,2026-01-23,attempt_success,
AP2099,T1000000779,2026-04-24,attempt_success,
AP2100,T1000000780,2025-01-07,attempt_success,
AP2101,T1000000780,2026-01-07,attempt_success,
AP2102,T1000000786,2025-09-28,attempt_success,
AP2103,T1000000786,2025-10-28,attempt_success,
AP2104,T1000000786,2025-11-27,attempt_success,
AP2105,T1000000786,2025-12-27,attempt_failed,card_expired
AP2106,T1000000786,2025-12-30,attempt_failed,card_expired
AP2107,T1000000786,2026-01-26,attempt_success,
AP2108,T1000000786,2026-02-25,attempt_success,
AP2109,T1000000786,2026-03-27,attempt_failed,insufficient_funds
AP2110,T1000000786,2026-03-30,attempt_success,
AP2111,T1000000786,2026-04-26,attempt_success,
AP2112,T1000000786,2026-05-26,attempt_success,
AP2113,T1000000786,2026-06-25,attempt_success,
AP2114,T1000000789,2025-07-20,attempt_success,
AP2115,T1000000789,2026-01-18,attempt_success,
AP2116,T1000000794,2025-09-03,attempt_success,
AP2117,T1000000794,2025-10-03,attempt_success,
AP2118,T1000000794,2025-11-02,attempt_success,
AP2119,T1000000794,2025-12-02,attempt_success,
AP2120,T1000000794,2026-01-01,attempt_success,
AP2121,T1000000794,2026-01-31,attempt_success,
AP2122,T1000000794,2026-03-02,attempt_success,
AP2123,T1000000794,2026-04-01,attempt_success,
AP2124,T1000000794,2026-05-01,attempt_success,
AP2125,T1000000794,2026-05-31,attempt_success,
AP2126,T1000000794,2026-06-30,attempt_success,
AP2127,T1000000796,2025-09-28,attempt_success,
AP2128,T1000000796,2025-12-28,attempt_success,
AP2129,T1000000796,2026-03-29,attempt_success,
AP2130,T1000000796,2026-06-28,attempt_success,
AP2131,T1000000800,2025-07-17,attempt_success,
AP2132,T1000000800,2025-10-16,attempt_success,
AP2133,T1000000800,2026-01-15,attempt_success,
AP2134,T1000000800,2026-04-16,attempt_success,
AP2135,T1000000802,2025-10-16,attempt_success,
AP2136,T1000000802,2026-01-15,attempt_failed,insufficient_funds
AP2137,T1000000802,2026-01-18,attempt_success,
AP2138,T1000000802,2026-04-16,attempt_success,
AP2139,T1000000804,2025-09-14,attempt_success,
AP2140,T1000000804,2025-10-14,attempt_success,
AP2141,T1000000804,2025-11-13,attempt_failed,card_expired
AP2142,T1000000804,2025-11-16,attempt_failed,card_expired
AP2143,T1000000804,2025-12-13,attempt_success,
AP2144,T1000000804,2026-01-12,attempt_success,
AP2145,T1000000804,2026-02-11,attempt_success,
AP2146,T1000000804,2026-03-13,attempt_success,
AP2147,T1000000804,2026-04-12,attempt_success,
AP2148,T1000000804,2026-05-12,attempt_success,
AP2149,T1000000804,2026-06-11,attempt_success,
AP2150,T1000000805,2024-12-12,attempt_success,
AP2151,T1000000805,2025-12-12,attempt_success,
AP2152,T1000000807,2025-09-24,attempt_success,
AP2153,T1000000807,2025-10-24,attempt_success,
AP2154,T1000000807,2025-11-23,attempt_success,
AP2155,T1000000807,2025-12-23,attempt_failed,insufficient_funds
AP2156,T1000000807,2025-12-26,attempt_success,
AP2157,T1000000807,2026-01-22,attempt_failed,card_expired
AP2158,T1000000807,2026-01-25,attempt_success,
AP2159,T1000000807,2026-02-21,attempt_success,
AP2160,T1000000807,2026-03-23,attempt_success,
AP2161,T1000000807,2026-04-22,attempt_success,
AP2162,T1000000807,2026-05-22,attempt_success,
AP2163,T1000000807,2026-06-21,attempt_success,
AP2164,T1000000809,2025-09-01,attempt_success,
AP2165,T1000000809,2025-10-01,attempt_success,
AP2166,T1000000809,2025-10-31,attempt_success,
AP2167,T1000000809,2025-11-30,attempt_success,
AP2168,T1000000809,2025-12-30,attempt_success,
AP2169,T1000000809,2026-01-29,attempt_failed,bank_declined
AP2170,T1000000809,2026-02-01,attempt_success,
AP2171,T1000000809,2026-02-28,attempt_success,
AP2172,T1000000809,2026-03-30,attempt_success,
AP2173,T1000000809,2026-04-29,attempt_success,
AP2174,T1000000809,2026-05-29,attempt_success,
AP2175,T1000000809,2026-06-28,attempt_success,
AP2176,T1000000810,2025-05-25,attempt_success,
AP2177,T1000000810,2025-11-23,attempt_success,
AP2178,T1000000810,2026-05-24,attempt_success,
AP2179,T1000000811,2025-09-27,attempt_success,
AP2180,T1000000811,2025-10-27,attempt_success,
AP2181,T1000000811,2025-11-26,attempt_success,
AP2182,T1000000811,2025-12-26,attempt_success,
AP2183,T1000000811,2026-01-25,attempt_success,
AP2184,T1000000811,2026-02-24,attempt_success,
AP2185,T1000000811,2026-03-26,attempt_success,
AP2186,T1000000811,2026-04-25,attempt_success,
AP2187,T1000000811,2026-05-25,attempt_failed,insufficient_funds
AP2188,T1000000811,2026-05-28,attempt_success,
AP2189,T1000000811,2026-06-24,attempt_failed,bank_declined
AP2190,T1000000811,2026-06-27,attempt_success,
AP2191,T1000000813,2024-10-02,attempt_success,
AP2192,T1000000813,2025-10-02,attempt_failed,insufficient_funds
AP2193,T1000000813,2025-10-05,attempt_success,
AP2194,T1000000820,2025-09-09,attempt_success,
AP2195,T1000000820,2025-10-09,attempt_success,
AP2196,T1000000820,2025-11-08,attempt_success,
AP2197,T1000000820,2025-12-08,attempt_success,
AP2198,T1000000820,2026-01-07,attempt_success,
AP2199,T1000000820,2026-02-06,attempt_success,
AP2200,T1000000820,2026-03-08,attempt_failed,insufficient_funds
AP2201,T1000000820,2026-03-11,attempt_failed,insufficient_funds
AP2202,T1000000820,2026-04-07,attempt_success,
AP2203,T1000000820,2026-05-07,attempt_success,
AP2204,T1000000820,2026-06-06,attempt_failed,card_expired
AP2205,T1000000820,2026-06-09,attempt_success,
AP2206,T1000000823,2025-09-07,attempt_success,
AP2207,T1000000823,2025-10-07,attempt_success,
AP2208,T1000000823,2025-11-06,attempt_success,
AP2209,T1000000823,2025-12-06,attempt_success,
AP2210,T1000000823,2026-01-05,attempt_success,
AP2211,T1000000823,2026-02-04,attempt_success,
AP2212,T1000000823,2026-03-06,attempt_success,
AP2213,T1000000823,2026-04-05,attempt_success,
AP2214,T1000000823,2026-05-05,attempt_success,
AP2215,T1000000823,2026-06-04,attempt_success,
AP2216,T1000000826,2025-11-17,attempt_success,
AP2217,T1000000826,2026-02-16,attempt_failed,card_expired
AP2218,T1000000826,2026-02-19,attempt_failed,card_expired
AP2219,T1000000826,2026-05-18,attempt_success,
AP2220,T1000000827,2025-11-12,attempt_success,
AP2221,T1000000827,2026-05-13,attempt_success,
AP2222,T1000000828,2025-09-23,attempt_success,
AP2223,T1000000828,2025-10-23,attempt_success,
AP2224,T1000000828,2025-11-22,attempt_success,
AP2225,T1000000828,2025-12-22,attempt_success,
AP2226,T1000000828,2026-01-21,attempt_success,
AP2227,T1000000828,2026-02-20,attempt_success,
AP2228,T1000000828,2026-03-22,attempt_success,
AP2229,T1000000828,2026-04-21,attempt_success,
AP2230,T1000000828,2026-05-21,attempt_success,
AP2231,T1000000828,2026-06-20,attempt_failed,card_expired
AP2232,T1000000828,2026-06-23,attempt_success,
AP2233,T1000000829,2025-09-18,attempt_failed,bank_declined
AP2234,T1000000829,2025-09-21,attempt_success,
AP2235,T1000000829,2025-10-18,attempt_success,
AP2236,T1000000829,2025-11-17,attempt_failed,card_expired
AP2237,T1000000829,2025-11-20,attempt_success,
AP2238,T1000000829,2025-12-17,attempt_success,
AP2239,T1000000829,2026-01-16,attempt_success,
AP2240,T1000000829,2026-02-15,attempt_success,
AP2241,T1000000829,2026-03-17,attempt_success,
AP2242,T1000000829,2026-04-16,attempt_success,
AP2243,T1000000829,2026-05-16,attempt_success,
AP2244,T1000000829,2026-06-15,attempt_success,
AP2245,T1000000832,2025-09-13,attempt_failed,insufficient_funds
AP2246,T1000000832,2025-09-16,attempt_failed,insufficient_funds
AP2247,T1000000832,2025-10-13,attempt_success,
AP2248,T1000000832,2025-11-12,attempt_success,
AP2249,T1000000832,2025-12-12,attempt_success,
AP2250,T1000000832,2026-01-11,attempt_success,
AP2251,T1000000832,2026-02-10,attempt_success,
AP2252,T1000000832,2026-03-12,attempt_success,
AP2253,T1000000832,2026-04-11,attempt_success,
AP2254,T1000000832,2026-05-11,attempt_success,
AP2255,T1000000832,2026-06-10,attempt_success,
AP2256,T1000000833,2025-09-29,attempt_success,
AP2257,T1000000833,2025-10-29,attempt_success,
AP2258,T1000000833,2025-11-28,attempt_success,
AP2259,T1000000833,2025-12-28,attempt_success,
AP2260,T1000000833,2026-01-27,attempt_success,
AP2261,T1000000833,2026-02-26,attempt_success,
AP2262,T1000000833,2026-03-28,attempt_success,
AP2263,T1000000833,2026-04-27,attempt_success,
AP2264,T1000000833,2026-05-27,attempt_success,
AP2265,T1000000833,2026-06-26,attempt_success,
AP2266,T1000000834,2025-09-03,attempt_failed,card_expired
AP2267,T1000000834,2025-09-06,attempt_failed,card_expired
AP2268,T1000000834,2025-10-03,attempt_success,
AP2269,T1000000834,2025-11-02,attempt_success,
AP2270,T1000000834,2025-12-02,attempt_success,
AP2271,T1000000834,2026-01-01,attempt_success,
AP2272,T1000000834,2026-01-31,attempt_success,
AP2273,T1000000834,2026-03-02,attempt_success,
AP2274,T1000000834,2026-04-01,attempt_success,
AP2275,T1000000834,2026-05-01,attempt_success,
AP2276,T1000000834,2026-05-31,attempt_success,
AP2277,T1000000834,2026-06-30,attempt_success,
AP2278,T1000000836,2025-09-28,attempt_success,
AP2279,T1000000836,2025-10-28,attempt_success,
AP2280,T1000000836,2025-11-27,attempt_success,
AP2281,T1000000836,2025-12-27,attempt_success,
AP2282,T1000000836,2026-01-26,attempt_success,
AP2283,T1000000836,2026-02-25,attempt_success,
AP2284,T1000000836,2026-03-27,attempt_success,
AP2285,T1000000836,2026-04-26,attempt_success,
AP2286,T1000000836,2026-05-26,attempt_success,
AP2287,T1000000836,2026-06-25,attempt_success,
AP2288,T1000000840,2025-09-25,attempt_success,
AP2289,T1000000840,2025-10-25,attempt_failed,bank_declined
AP2290,T1000000840,2025-10-28,attempt_success,
AP2291,T1000000840,2025-11-24,attempt_success,
AP2292,T1000000840,2025-12-24,attempt_success,
AP2293,T1000000840,2026-01-23,attempt_success,
AP2294,T1000000840,2026-02-22,attempt_success,
AP2295,T1000000840,2026-03-24,attempt_success,
AP2296,T1000000840,2026-04-23,attempt_success,
AP2297,T1000000840,2026-05-23,attempt_success,
AP2298,T1000000840,2026-06-22,attempt_success,
AP2299,T1000000841,2025-09-21,attempt_success,
AP2300,T1000000842,2024-10-12,attempt_success,
AP2301,T1000000842,2025-10-12,attempt_success,
AP2302,T1000000845,2025-05-17,attempt_success,
AP2303,T1000000845,2026-05-17,attempt_success,
AP2304,T1000000846,2025-08-21,attempt_success,
AP2305,T1000000846,2026-02-19,attempt_failed,card_expired
AP2306,T1000000846,2026-02-22,attempt_success,
AP2307,T1000000849,2025-09-27,attempt_failed,insufficient_funds
AP2308,T1000000849,2025-09-30,attempt_failed,insufficient_funds
AP2309,T1000000850,2025-06-19,attempt_success,
AP2310,T1000000850,2026-06-19,attempt_success,
AP2311,T1000000851,2025-04-01,attempt_success,
AP2312,T1000000851,2025-09-30,attempt_success,
AP2313,T1000000851,2026-03-31,attempt_success,
AP2314,T1000000855,2025-09-22,attempt_success,
AP2315,T1000000855,2025-10-22,attempt_success,
AP2316,T1000000855,2025-11-21,attempt_success,
AP2317,T1000000855,2025-12-21,attempt_success,
AP2318,T1000000855,2026-01-20,attempt_success,
AP2319,T1000000855,2026-02-19,attempt_failed,bank_declined
AP2320,T1000000855,2026-02-22,attempt_success,
AP2321,T1000000855,2026-03-21,attempt_success,
AP2322,T1000000855,2026-04-20,attempt_success,
AP2323,T1000000855,2026-05-20,attempt_success,
AP2324,T1000000855,2026-06-19,attempt_success,
AP2325,T1000000856,2025-07-16,attempt_failed,card_expired
AP2326,T1000000856,2025-07-19,attempt_success,
AP2327,T1000000857,2025-09-04,attempt_success,
AP2328,T1000000857,2025-10-04,attempt_success,
AP2329,T1000000857,2025-11-03,attempt_success,
AP2330,T1000000857,2025-12-03,attempt_success,
AP2331,T1000000857,2026-01-02,attempt_success,
AP2332,T1000000857,2026-02-01,attempt_success,
AP2333,T1000000857,2026-03-03,attempt_success,
AP2334,T1000000857,2026-04-02,attempt_success,
AP2335,T1000000857,2026-05-02,attempt_success,
AP2336,T1000000857,2026-06-01,attempt_success,
AP2337,T1000000858,2025-07-18,attempt_success,
AP2338,T1000000858,2025-10-17,attempt_success,
AP2339,T1000000858,2026-01-16,attempt_success,
AP2340,T1000000858,2026-04-17,attempt_success,
AP2341,T1000000859,2025-09-23,attempt_failed,card_expired
AP2342,T1000000859,2025-09-26,attempt_success,
AP2343,T1000000859,2025-10-23,attempt_success,
AP2344,T1000000859,2025-11-22,attempt_failed,card_expired
AP2345,T1000000859,2025-11-25,attempt_success,
AP2346,T1000000859,2025-12-22,attempt_success,
AP2347,T1000000859,2026-01-21,attempt_success,
AP2348,T1000000859,2026-02-20,attempt_failed,insufficient_funds
AP2349,T1000000859,2026-02-23,attempt_success,
AP2350,T1000000859,2026-03-22,attempt_success,
AP2351,T1000000859,2026-04-21,attempt_success,
AP2352,T1000000859,2026-05-21,attempt_success,
AP2353,T1000000859,2026-06-20,attempt_success,
AP2354,T1000000868,2025-07-25,attempt_success,
AP2355,T1000000868,2025-10-24,attempt_failed,card_expired
AP2356,T1000000868,2025-10-27,attempt_success,
AP2357,T1000000868,2026-01-23,attempt_success,
AP2358,T1000000868,2026-04-24,attempt_failed,card_expired
AP2359,T1000000868,2026-04-27,attempt_success,
AP2360,T1000000869,2025-07-05,attempt_failed,bank_declined
AP2361,T1000000869,2025-07-08,attempt_success,
AP2362,T1000000869,2025-10-04,attempt_success,
AP2363,T1000000869,2026-01-03,attempt_success,
AP2364,T1000000869,2026-04-04,attempt_failed,insufficient_funds
AP2365,T1000000869,2026-04-07,attempt_success,
AP2366,T1000000875,2025-05-23,attempt_success,
AP2367,T1000000875,2025-11-21,attempt_success,
AP2368,T1000000875,2026-05-22,attempt_success,
AP2369,T1000000876,2024-10-27,attempt_success,
AP2370,T1000000876,2025-10-27,attempt_success,
AP2371,T1000000877,2025-09-25,attempt_success,
AP2372,T1000000877,2025-12-25,attempt_success,
AP2373,T1000000877,2026-03-26,attempt_success,
AP2374,T1000000877,2026-06-25,attempt_success,
AP2375,T1000000882,2025-07-02,attempt_success,
AP2376,T1000000882,2025-12-31,attempt_success,
AP2377,T1000000885,2024-10-28,attempt_success,
AP2378,T1000000885,2025-10-28,attempt_failed,insufficient_funds
AP2379,T1000000885,2025-10-31,attempt_success,
AP2380,T1000000890,2025-11-12,attempt_success,
AP2381,T1000000890,2026-05-13,attempt_success,
AP2382,T1000000892,2025-04-05,attempt_success,
AP2383,T1000000892,2025-10-04,attempt_failed,bank_declined
AP2384,T1000000892,2025-10-07,attempt_success,
AP2385,T1000000892,2026-04-04,attempt_success,
AP2386,T1000000895,2025-08-07,attempt_success,
AP2387,T1000000895,2025-11-06,attempt_success,
AP2388,T1000000895,2026-02-05,attempt_success,
AP2389,T1000000895,2026-05-07,attempt_success,
AP2390,T1000000896,2025-09-23,attempt_success,
AP2391,T1000000896,2025-10-23,attempt_success,
AP2392,T1000000896,2025-11-22,attempt_success,
AP2393,T1000000896,2025-12-22,attempt_failed,insufficient_funds
AP2394,T1000000896,2025-12-25,attempt_success,
AP2395,T1000000896,2026-01-21,attempt_success,
AP2396,T1000000896,2026-02-20,attempt_success,
AP2397,T1000000896,2026-03-22,attempt_failed,insufficient_funds
AP2398,T1000000896,2026-03-25,attempt_success,
AP2399,T1000000896,2026-04-21,attempt_success,
AP2400,T1000000896,2026-05-21,attempt_success,
AP2401,T1000000896,2026-06-20,attempt_success,
AP2402,T1000000897,2025-09-23,attempt_success,
AP2403,T1000000897,2025-12-23,attempt_success,
AP2404,T1000000897,2026-03-24,attempt_success,
AP2405,T1000000897,2026-06-23,attempt_success,
AP2406,T1000000899,2025-09-01,attempt_failed,bank_declined
AP2407,T1000000899,2025-09-04,attempt_success,
AP2408,T1000000899,2025-10-01,attempt_success,
AP2409,T1000000899,2025-10-31,attempt_success,
AP2410,T1000000899,2025-11-30,attempt_success,
AP2411,T1000000899,2025-12-30,attempt_success,
AP2412,T1000000899,2026-01-29,attempt_failed,card_expired
AP2413,T1000000899,2026-02-01,attempt_success,
AP2414,T1000000899,2026-02-28,attempt_success,
AP2415,T1000000899,2026-03-30,attempt_success,
AP2416,T1000000899,2026-04-29,attempt_success,
AP2417,T1000000899,2026-05-29,attempt_success,
AP2418,T1000000899,2026-06-28,attempt_success,
AP2419,T1000000900,2025-06-08,attempt_success,
AP2420,T1000000900,2026-06-08,attempt_success,
AP2421,T1000000904,2025-08-26,attempt_failed,insufficient_funds
AP2422,T1000000904,2025-08-29,attempt_success,
AP2423,T1000000904,2026-02-24,attempt_success,
AP2424,T1000000906,2025-09-06,attempt_success,
AP2425,T1000000906,2025-12-06,attempt_success,
AP2426,T1000000906,2026-03-07,attempt_success,
AP2427,T1000000906,2026-06-06,attempt_failed,insufficient_funds
AP2428,T1000000906,2026-06-09,attempt_success,
AP2429,T1000000907,2025-09-06,attempt_success,
AP2430,T1000000907,2025-10-06,attempt_success,
AP2431,T1000000907,2025-11-05,attempt_success,
AP2432,T1000000907,2025-12-05,attempt_success,
AP2433,T1000000907,2026-01-04,attempt_success,
AP2434,T1000000907,2026-02-03,attempt_success,
AP2435,T1000000907,2026-03-05,attempt_failed,bank_declined
AP2436,T1000000907,2026-03-08,attempt_failed,bank_declined
AP2437,T1000000907,2026-04-04,attempt_success,
AP2438,T1000000907,2026-05-04,attempt_success,
AP2439,T1000000907,2026-06-03,attempt_success,
AP2440,T1000000908,2025-09-03,attempt_success,
AP2441,T1000000908,2025-10-03,attempt_success,
AP2442,T1000000908,2025-11-02,attempt_success,
AP2443,T1000000908,2025-12-02,attempt_success,
AP2444,T1000000908,2026-01-01,attempt_success,
AP2445,T1000000908,2026-01-31,attempt_success,
AP2446,T1000000908,2026-03-02,attempt_success,
AP2447,T1000000908,2026-04-01,attempt_success,
AP2448,T1000000908,2026-05-01,attempt_success,
AP2449,T1000000908,2026-05-31,attempt_success,
AP2450,T1000000908,2026-06-30,attempt_success,
AP2451,T1000000913,2025-09-06,attempt_success,
AP2452,T1000000913,2025-10-06,attempt_success,
AP2453,T1000000913,2025-11-05,attempt_success,
AP2454,T1000000913,2025-12-05,attempt_success,
AP2455,T1000000913,2026-01-04,attempt_success,
AP2456,T1000000913,2026-02-03,attempt_success,
AP2457,T1000000913,2026-03-05,attempt_success,
AP2458,T1000000913,2026-04-04,attempt_success,
AP2459,T1000000913,2026-05-04,attempt_success,
AP2460,T1000000913,2026-06-03,attempt_success,
AP2461,T1000000915,2025-09-22,attempt_success,
AP2462,T1000000915,2025-10-22,attempt_success,
AP2463,T1000000915,2025-11-21,attempt_success,
AP2464,T1000000915,2025-12-21,attempt_success,
AP2465,T1000000915,2026-01-20,attempt_success,
AP2466,T1000000915,2026-02-19,attempt_success,
AP2467,T1000000915,2026-03-21,attempt_success,
AP2468,T1000000915,2026-04-20,attempt_failed,bank_declined
AP2469,T1000000915,2026-04-23,attempt_success,
AP2470,T1000000915,2026-05-20,attempt_failed,insufficient_funds
AP2471,T1000000915,2026-05-23,attempt_success,
AP2472,T1000000915,2026-06-19,attempt_success,
AP2473,T1000000916,2025-09-19,attempt_success,
AP2474,T1000000916,2025-10-19,attempt_success,
AP2475,T1000000916,2025-11-18,attempt_success,
AP2476,T1000000916,2025-12-18,attempt_failed,insufficient_funds
AP2477,T1000000916,2025-12-21,attempt_success,
AP2478,T1000000916,2026-01-17,attempt_success,
AP2479,T1000000916,2026-02-16,attempt_success,
AP2480,T1000000916,2026-03-18,attempt_success,
AP2481,T1000000916,2026-04-17,attempt_success,
AP2482,T1000000916,2026-05-17,attempt_success,
AP2483,T1000000916,2026-06-16,attempt_success,
AP2484,T1000000918,2025-09-03,attempt_success,
AP2485,T1000000918,2025-10-03,attempt_success,
AP2486,T1000000918,2025-11-02,attempt_failed,insufficient_funds
AP2487,T1000000918,2025-11-05,attempt_success,
AP2488,T1000000918,2025-12-02,attempt_success,
AP2489,T1000000918,2026-01-01,attempt_success,
AP2490,T1000000918,2026-01-31,attempt_success,
AP2491,T1000000918,2026-03-02,attempt_failed,insufficient_funds
AP2492,T1000000918,2026-03-05,attempt_failed,insufficient_funds
AP2493,T1000000918,2026-04-01,attempt_success,
AP2494,T1000000918,2026-05-01,attempt_success,
AP2495,T1000000918,2026-05-31,attempt_success,
AP2496,T1000000918,2026-06-30,attempt_success,
AP2497,T1000000921,2025-08-10,attempt_success,
AP2498,T1000000921,2025-11-09,attempt_success,
AP2499,T1000000921,2026-02-08,attempt_success,
AP2500,T1000000921,2026-05-10,attempt_success,
AP2501,T1000000922,2024-10-22,attempt_success,
AP2502,T1000000922,2025-10-22,attempt_success,
AP2503,T1000000923,2025-08-02,attempt_success,
AP2504,T1000000923,2025-11-01,attempt_success,
AP2505,T1000000923,2026-01-31,attempt_success,
AP2506,T1000000923,2026-05-02,attempt_success,
AP2507,T1000000924,2025-09-19,attempt_failed,insufficient_funds
AP2508,T1000000924,2025-09-22,attempt_success,
AP2509,T1000000924,2025-10-19,attempt_success,
AP2510,T1000000924,2025-11-18,attempt_success,
AP2511,T1000000924,2025-12-18,attempt_success,
AP2512,T1000000924,2026-01-17,attempt_failed,card_expired
AP2513,T1000000924,2026-01-20,attempt_failed,card_expired
AP2514,T1000000924,2026-02-16,attempt_success,
AP2515,T1000000924,2026-03-18,attempt_failed,bank_declined
AP2516,T1000000924,2026-03-21,attempt_success,
AP2517,T1000000924,2026-04-17,attempt_success,
AP2518,T1000000924,2026-05-17,attempt_failed,insufficient_funds
AP2519,T1000000924,2026-05-20,attempt_failed,insufficient_funds
AP2520,T1000000924,2026-06-16,attempt_success,
AP2521,T1000000927,2025-07-29,attempt_success,
AP2522,T1000000927,2026-01-27,attempt_success,
AP2523,T1000000928,2025-05-26,attempt_success,
AP2524,T1000000928,2025-11-24,attempt_success,
AP2525,T1000000928,2026-05-25,attempt_success,
AP2526,T1000000929,2025-09-14,attempt_success,
AP2527,T1000000929,2025-10-14,attempt_success,
AP2528,T1000000929,2025-11-13,attempt_success,
AP2529,T1000000929,2025-12-13,attempt_success,
AP2530,T1000000929,2026-01-12,attempt_success,
AP2531,T1000000929,2026-02-11,attempt_success,
AP2532,T1000000929,2026-03-13,attempt_failed,insufficient_funds
AP2533,T1000000929,2026-03-16,attempt_failed,insufficient_funds
AP2534,T1000000929,2026-04-12,attempt_success,
AP2535,T1000000929,2026-05-12,attempt_success,
AP2536,T1000000929,2026-06-11,attempt_success,
AP2537,T1000000932,2025-09-21,attempt_success,
AP2538,T1000000932,2025-10-21,attempt_success,
AP2539,T1000000932,2025-11-20,attempt_failed,bank_declined
AP2540,T1000000932,2025-11-23,attempt_success,
AP2541,T1000000932,2025-12-20,attempt_success,
AP2542,T1000000932,2026-01-19,attempt_success,
AP2543,T1000000932,2026-02-18,attempt_success,
AP2544,T1000000932,2026-03-20,attempt_success,
AP2545,T1000000932,2026-04-19,attempt_success,
AP2546,T1000000932,2026-05-19,attempt_failed,insufficient_funds
AP2547,T1000000932,2026-05-22,attempt_success,
AP2548,T1000000932,2026-06-18,attempt_success,
AP2549,T1000000933,2024-10-20,attempt_success,
AP2550,T1000000933,2025-10-20,attempt_failed,insufficient_funds
AP2551,T1000000933,2025-10-23,attempt_success,
AP2552,T1000000938,2025-09-21,attempt_success,
AP2553,T1000000938,2026-03-22,attempt_success,
AP2554,T1000000941,2025-08-26,attempt_success,
AP2555,T1000000941,2025-11-25,attempt_success,
AP2556,T1000000941,2026-02-24,attempt_success,
AP2557,T1000000941,2026-05-26,attempt_success,
AP2558,T1000000942,2025-09-07,attempt_success,
AP2559,T1000000942,2025-12-07,attempt_success,
AP2560,T1000000942,2026-03-08,attempt_success,
AP2561,T1000000942,2026-06-07,attempt_success,
AP2562,T1000000948,2025-09-07,attempt_success,
AP2563,T1000000948,2025-10-07,attempt_success,
AP2564,T1000000948,2025-11-06,attempt_success,
AP2565,T1000000948,2025-12-06,attempt_success,
AP2566,T1000000948,2026-01-05,attempt_success,
AP2567,T1000000948,2026-02-04,attempt_success,
AP2568,T1000000948,2026-03-06,attempt_success,
AP2569,T1000000948,2026-04-05,attempt_success,
AP2570,T1000000948,2026-05-05,attempt_success,
AP2571,T1000000948,2026-06-04,attempt_success,
AP2572,T1000000950,2025-07-07,attempt_success,
AP2573,T1000000953,2025-09-09,attempt_success,
AP2574,T1000000953,2025-10-09,attempt_success,
AP2575,T1000000953,2025-11-08,attempt_success,
AP2576,T1000000953,2025-12-08,attempt_success,
AP2577,T1000000953,2026-01-07,attempt_success,
AP2578,T1000000953,2026-02-06,attempt_success,
AP2579,T1000000953,2026-03-08,attempt_success,
AP2580,T1000000953,2026-04-07,attempt_success,
AP2581,T1000000953,2026-05-07,attempt_success,
AP2582,T1000000953,2026-06-06,attempt_success,
AP2583,T1000000954,2025-09-12,attempt_success,
AP2584,T1000000954,2025-10-12,attempt_success,
AP2585,T1000000954,2025-11-11,attempt_success,
AP2586,T1000000954,2025-12-11,attempt_success,
AP2587,T1000000954,2026-01-10,attempt_success,
AP2588,T1000000954,2026-02-09,attempt_success,
AP2589,T1000000954,2026-03-11,attempt_success,
AP2590,T1000000954,2026-04-10,attempt_success,
AP2591,T1000000954,2026-05-10,attempt_failed,insufficient_funds
AP2592,T1000000954,2026-05-13,attempt_success,
AP2593,T1000000954,2026-06-09,attempt_success,
AP2594,T1000000956,2024-12-12,attempt_success,
AP2595,T1000000956,2025-12-12,attempt_success,
AP2596,T1000000957,2025-07-10,attempt_success,
AP2597,T1000000957,2025-10-09,attempt_success,
AP2598,T1000000957,2026-01-08,attempt_success,
AP2599,T1000000957,2026-04-09,attempt_success,
AP2600,T1000000959,2025-09-27,attempt_success,
AP2601,T1000000959,2025-12-27,attempt_success,
AP2602,T1000000959,2026-03-28,attempt_failed,insufficient_funds
AP2603,T1000000959,2026-03-31,attempt_success,
AP2604,T1000000959,2026-06-27,attempt_success,
AP2605,T1000000960,2025-09-11,attempt_success,
AP2606,T1000000960,2025-10-11,attempt_success,
AP2607,T1000000960,2025-11-10,attempt_success,
AP2608,T1000000960,2025-12-10,attempt_success,
AP2609,T1000000960,2026-01-09,attempt_success,
AP2610,T1000000960,2026-02-08,attempt_failed,card_expired
AP2611,T1000000960,2026-02-11,attempt_failed,card_expired
AP2612,T1000000960,2026-03-10,attempt_success,
AP2613,T1000000960,2026-04-09,attempt_success,
AP2614,T1000000960,2026-05-09,attempt_success,
AP2615,T1000000960,2026-06-08,attempt_success,
AP2616,T1000000961,2025-09-01,attempt_success,
AP2617,T1000000961,2025-10-01,attempt_success,
AP2618,T1000000961,2025-10-31,attempt_success,
AP2619,T1000000961,2025-11-30,attempt_failed,bank_declined
AP2620,T1000000961,2025-12-03,attempt_failed,bank_declined
AP2621,T1000000961,2025-12-30,attempt_success,
AP2622,T1000000961,2026-01-29,attempt_success,
AP2623,T1000000961,2026-02-28,attempt_success,
AP2624,T1000000961,2026-03-30,attempt_success,
AP2625,T1000000961,2026-04-29,attempt_success,
AP2626,T1000000961,2026-05-29,attempt_success,
AP2627,T1000000961,2026-06-28,attempt_success,
AP2628,T1000000962,2025-06-24,attempt_success,
AP2629,T1000000962,2026-06-24,attempt_success,
AP2630,T1000000963,2025-05-02,attempt_success,
AP2631,T1000000963,2026-05-02,attempt_success,
AP2632,T1000000969,2025-08-04,attempt_failed,bank_declined
AP2633,T1000000969,2025-08-07,attempt_success,
AP2634,T1000000969,2025-11-03,attempt_success,
AP2635,T1000000969,2026-02-02,attempt_success,
AP2636,T1000000969,2026-05-04,attempt_success,
AP2637,T1000000970,2025-01-01,attempt_success,
AP2638,T1000000970,2026-01-01,attempt_success,
AP2639,T1000000974,2025-04-05,attempt_failed,insufficient_funds
AP2640,T1000000974,2025-04-08,attempt_success,
AP2641,T1000000974,2026-04-05,attempt_success,
AP2642,T1000000976,2025-09-03,attempt_failed,insufficient_funds
AP2643,T1000000976,2025-09-06,attempt_success,
AP2644,T1000000976,2025-10-03,attempt_success,
AP2645,T1000000976,2025-11-02,attempt_success,
AP2646,T1000000976,2025-12-02,attempt_success,
AP2647,T1000000976,2026-01-01,attempt_success,
AP2648,T1000000976,2026-01-31,attempt_success,
AP2649,T1000000976,2026-03-02,attempt_success,
AP2650,T1000000976,2026-04-01,attempt_success,
AP2651,T1000000976,2026-05-01,attempt_success,
AP2652,T1000000976,2026-05-31,attempt_failed,card_expired
AP2653,T1000000976,2026-06-03,attempt_failed,card_expired
AP2654,T1000000976,2026-06-30,attempt_success,
AP2655,T1000000980,2025-08-30,attempt_success,
AP2656,T1000000985,2025-09-01,attempt_failed,insufficient_funds
AP2657,T1000000985,2025-09-04,attempt_success,
AP2658,T1000000985,2025-10-01,attempt_failed,insufficient_funds
AP2659,T1000000985,2025-10-04,attempt_success,
AP2660,T1000000985,2025-10-31,attempt_success,
AP2661,T1000000985,2025-11-30,attempt_success,
AP2662,T1000000985,2025-12-30,attempt_failed,card_expired
AP2663,T1000000985,2026-01-02,attempt_success,
AP2664,T1000000985,2026-01-29,attempt_success,
AP2665,T1000000985,2026-02-28,attempt_success,
AP2666,T1000000985,2026-03-30,attempt_success,
AP2667,T1000000985,2026-04-29,attempt_success,
AP2668,T1000000985,2026-05-29,attempt_success,
AP2669,T1000000985,2026-06-28,attempt_success,
AP2670,T1000000986,2025-09-06,attempt_success,
AP2671,T1000000986,2025-10-06,attempt_success,
AP2672,T1000000986,2025-11-05,attempt_success,
AP2673,T1000000986,2025-12-05,attempt_failed,insufficient_funds
AP2674,T1000000986,2025-12-08,attempt_success,
AP2675,T1000000986,2026-01-04,attempt_success,
AP2676,T1000000986,2026-02-03,attempt_success,
AP2677,T1000000986,2026-03-05,attempt_success,
AP2678,T1000000986,2026-04-04,attempt_success,
AP2679,T1000000986,2026-05-04,attempt_success,
AP2680,T1000000986,2026-06-03,attempt_success,
AP2681,T1000000988,2025-06-20,attempt_success,
AP2682,T1000000988,2025-12-19,attempt_success,
AP2683,T1000000988,2026-06-19,attempt_success,
AP2684,T1000000993,2025-09-03,attempt_success,
AP2685,T1000000993,2025-10-03,attempt_success,
AP2686,T1000000993,2025-11-02,attempt_success,
AP2687,T1000000993,2025-12-02,attempt_success,
AP2688,T1000000993,2026-01-01,attempt_success,
AP2689,T1000000993,2026-01-31,attempt_success,
AP2690,T1000000993,2026-03-02,attempt_success,
AP2691,T1000000993,2026-04-01,attempt_success,
AP2692,T1000000993,2026-05-01,attempt_success,
AP2693,T1000000993,2026-05-31,attempt_success,
AP2694,T1000000993,2026-06-30,attempt_failed,card_expired
AP2695,T1000000993,2026-07-03,attempt_failed,card_expired
AP2696,T1000000997,2025-09-14,attempt_success,
AP2697,T1000000997,2025-10-14,attempt_success,
AP2698,T1000000997,2025-11-13,attempt_success,
AP2699,T1000000997,2025-12-13,attempt_failed,insufficient_funds
AP2700,T1000000997,2025-12-16,attempt_success,
AP2701,T1000000997,2026-01-12,attempt_success,
AP2702,T1000000997,2026-02-11,attempt_success,
AP2703,T1000000997,2026-03-13,attempt_success,
AP2704,T1000000997,2026-04-12,attempt_success,
AP2705,T1000000997,2026-05-12,attempt_success,
AP2706,T1000000997,2026-06-11,attempt_success,
AP2707,T1000001000,2025-08-29,attempt_success,
AP2708,T1000001000,2025-11-28,attempt_success,
AP2709,T1000001000,2026-02-27,attempt_success,
AP2710,T1000001000,2026-05-29,attempt_failed,insufficient_funds
AP2711,T1000001000,2026-06-01,attempt_success,
AP2712,T1000001001,2025-07-02,attempt_success,
AP2713,T1000001001,2025-12-31,attempt_success,
AP2714,T1000001002,2025-08-21,attempt_failed,card_expired
AP2715,T1000001002,2025-08-24,attempt_success,
AP2716,T1000001002,2025-11-20,attempt_success,
AP2717,T1000001002,2026-02-19,attempt_success,
AP2718,T1000001002,2026-05-21,attempt_success,
AP2719,T1000001004,2025-09-11,attempt_success,
AP2720,T1000001004,2025-10-11,attempt_success,
AP2721,T1000001004,2025-11-10,attempt_success,
AP2722,T1000001004,2025-12-10,attempt_success,
AP2723,T1000001004,2026-01-09,attempt_success,
AP2724,T1000001004,2026-02-08,attempt_failed,insufficient_funds
AP2725,T1000001004,2026-02-11,attempt_success,
AP2726,T1000001004,2026-03-10,attempt_success,
AP2727,T1000001004,2026-04-09,attempt_success,
AP2728,T1000001004,2026-05-09,attempt_success,
AP2729,T1000001004,2026-06-08,attempt_success,
AP2730,T1000001005,2025-09-07,attempt_success,
AP2731,T1000001005,2025-12-07,attempt_success,
AP2732,T1000001005,2026-03-08,attempt_success,
AP2733,T1000001005,2026-06-07,attempt_success,
AP2734,T1000001006,2025-09-29,attempt_success,
AP2735,T1000001006,2025-12-29,attempt_success,
AP2736,T1000001006,2026-03-30,attempt_success,
AP2737,T1000001006,2026-06-29,attempt_success,
AP2738,T1000001008,2025-09-26,attempt_success,
AP2739,T1000001008,2025-10-26,attempt_success,
AP2740,T1000001008,2025-11-25,attempt_success,
AP2741,T1000001008,2025-12-25,attempt_success,
AP2742,T1000001008,2026-01-24,attempt_failed,card_expired
AP2743,T1000001008,2026-01-27,attempt_success,
AP2744,T1000001008,2026-02-23,attempt_success,
AP2745,T1000001008,2026-03-25,attempt_success,
AP2746,T1000001008,2026-04-24,attempt_success,
AP2747,T1000001008,2026-05-24,attempt_success,
AP2748,T1000001008,2026-06-23,attempt_success,
AP2749,T1000001009,2025-04-23,attempt_success,
AP2750,T1000001009,2025-10-22,attempt_success,
AP2751,T1000001009,2026-04-22,attempt_success,
AP2752,T1000001010,2025-08-01,attempt_success,
AP2753,T1000001010,2025-10-31,attempt_success,
AP2754,T1000001010,2026-01-30,attempt_success,
AP2755,T1000001010,2026-05-01,attempt_success,
AP2756,T1000001011,2025-09-08,attempt_failed,insufficient_funds
AP2757,T1000001011,2025-09-11,attempt_success,
AP2758,T1000001011,2025-10-08,attempt_success,
AP2759,T1000001011,2025-11-07,attempt_success,
AP2760,T1000001011,2025-12-07,attempt_success,
AP2761,T1000001011,2026-01-06,attempt_success,
AP2762,T1000001011,2026-02-05,attempt_success,
AP2763,T1000001011,2026-03-07,attempt_success,
AP2764,T1000001011,2026-04-06,attempt_success,
AP2765,T1000001011,2026-05-06,attempt_success,
AP2766,T1000001011,2026-06-05,attempt_success,
AP2767,T1000001013,2025-09-18,attempt_success,
AP2768,T1000001013,2025-10-18,attempt_failed,bank_declined
AP2769,T1000001013,2025-10-21,attempt_success,
AP2770,T1000001013,2025-11-17,attempt_success,
AP2771,T1000001013,2025-12-17,attempt_success,
AP2772,T1000001013,2026-01-16,attempt_success,
AP2773,T1000001013,2026-02-15,attempt_success,
AP2774,T1000001013,2026-03-17,attempt_success,
AP2775,T1000001013,2026-04-16,attempt_failed,insufficient_funds
AP2776,T1000001013,2026-04-19,attempt_success,
AP2777,T1000001013,2026-05-16,attempt_success,
AP2778,T1000001013,2026-06-15,attempt_success,
AP2779,T1000001017,2025-08-15,attempt_success,
AP2780,T1000001017,2025-11-14,attempt_failed,insufficient_funds
AP2781,T1000001017,2025-11-17,attempt_success,
AP2782,T1000001017,2026-02-13,attempt_success,
AP2783,T1000001017,2026-05-15,attempt_success,
AP2784,T1000001019,2025-09-29,attempt_failed,bank_declined
AP2785,T1000001019,2025-10-02,attempt_success,
AP2786,T1000001019,2025-10-29,attempt_success,
AP2787,T1000001019,2025-11-28,attempt_success,
AP2788,T1000001019,2025-12-28,attempt_success,
AP2789,T1000001019,2026-01-27,attempt_success,
AP2790,T1000001019,2026-02-26,attempt_success,
AP2791,T1000001019,2026-03-28,attempt_success,
AP2792,T1000001019,2026-04-27,attempt_success,
AP2793,T1000001019,2026-05-27,attempt_success,
AP2794,T1000001019,2026-06-26,attempt_success,
AP2795,T1000001020,2025-09-19,attempt_failed,insufficient_funds
AP2796,T1000001020,2025-09-22,attempt_failed,insufficient_funds
AP2797,T1000001020,2025-10-19,attempt_success,
AP2798,T1000001020,2025-11-18,attempt_success,
AP2799,T1000001020,2025-12-18,attempt_success,
AP2800,T1000001020,2026-01-17,attempt_failed,insufficient_funds
AP2801,T1000001020,2026-01-20,attempt_failed,insufficient_funds
AP2802,T1000001020,2026-02-16,attempt_success,
AP2803,T1000001020,2026-03-18,attempt_success,
AP2804,T1000001020,2026-04-17,attempt_success,
AP2805,T1000001020,2026-05-17,attempt_success,
AP2806,T1000001020,2026-06-16,attempt_failed,card_expired
AP2807,T1000001020,2026-06-19,attempt_success,
AP2808,T1000001021,2024-12-07,attempt_success,
AP2809,T1000001021,2025-12-07,attempt_success,
AP2810,T1000001025,2025-01-05,attempt_success,
AP2811,T1000001025,2026-01-05,attempt_success,
AP2812,T1000001027,2025-09-04,attempt_success,
AP2813,T1000001027,2026-03-05,attempt_success,
AP2814,T1000001028,2025-09-27,attempt_success,
AP2815,T1000001028,2025-10-27,attempt_success,
AP2816,T1000001028,2025-11-26,attempt_success,
AP2817,T1000001028,2025-12-26,attempt_success,
AP2818,T1000001028,2026-01-25,attempt_success,
AP2819,T1000001028,2026-02-24,attempt_success,
AP2820,T1000001028,2026-03-26,attempt_success,
AP2821,T1000001028,2026-04-25,attempt_success,
AP2822,T1000001028,2026-05-25,attempt_success,
AP2823,T1000001028,2026-06-24,attempt_success,
AP2824,T1000001031,2025-05-14,attempt_success,
AP2825,T1000001031,2026-05-14,attempt_success,
AP2826,T1000001035,2025-09-01,attempt_success,
AP2827,T1000001035,2025-10-01,attempt_success,
AP2828,T1000001035,2025-10-31,attempt_success,
AP2829,T1000001035,2025-11-30,attempt_success,
AP2830,T1000001035,2025-12-30,attempt_success,
AP2831,T1000001035,2026-01-29,attempt_success,
AP2832,T1000001035,2026-02-28,attempt_success,
AP2833,T1000001035,2026-03-30,attempt_success,
AP2834,T1000001035,2026-04-29,attempt_success,
AP2835,T1000001035,2026-05-29,attempt_success,
AP2836,T1000001035,2026-06-28,attempt_success,
AP2837,T1000001036,2025-09-15,attempt_failed,card_expired
AP2838,T1000001036,2025-09-18,attempt_failed,card_expired
AP2839,T1000001036,2025-12-15,attempt_success,
AP2840,T1000001036,2026-03-16,attempt_failed,card_expired
AP2841,T1000001036,2026-03-19,attempt_success,
AP2842,T1000001036,2026-06-15,attempt_failed,insufficient_funds
AP2843,T1000001036,2026-06-18,attempt_success,
AP2844,T1000001037,2025-11-28,attempt_success,
AP2845,T1000001037,2025-12-28,attempt_success,
AP2846,T1000001037,2026-01-27,attempt_success,
AP2847,T1000001037,2026-02-26,attempt_success,
AP2848,T1000001037,2026-03-28,attempt_success,
AP2849,T1000001037,2026-04-27,attempt_success,
AP2850,T1000001037,2026-05-27,attempt_success,
AP2851,T1000001037,2026-06-26,attempt_success,
AP2852,T1000001039,2025-11-04,attempt_success,
AP2853,T1000001039,2026-02-03,attempt_failed,insufficient_funds
AP2854,T1000001039,2026-02-06,attempt_failed,insufficient_funds
AP2855,T1000001039,2026-05-05,attempt_success,
AP2856,T1000001043,2025-09-25,attempt_success,
AP2857,T1000001043,2025-10-25,attempt_success,
AP2858,T1000001043,2025-11-24,attempt_success,
AP2859,T1000001043,2025-12-24,attempt_success,
AP2860,T1000001043,2026-01-23,attempt_success,
AP2861,T1000001043,2026-02-22,attempt_success,
AP2862,T1000001043,2026-03-24,attempt_success,
AP2863,T1000001043,2026-04-23,attempt_success,
AP2864,T1000001043,2026-05-23,attempt_success,
AP2865,T1000001043,2026-06-22,attempt_success,
AP2866,T1000001045,2025-08-29,attempt_success,
AP2867,T1000001045,2025-11-28,attempt_success,
AP2868,T1000001045,2026-02-27,attempt_success,
AP2869,T1000001045,2026-05-29,attempt_failed,insufficient_funds
AP2870,T1000001045,2026-06-01,attempt_success,
AP2871,T1000001048,2025-04-30,attempt_success,
AP2872,T1000001048,2026-04-30,attempt_failed,insufficient_funds
AP2873,T1000001048,2026-05-03,attempt_success,
AP2874,T1000001052,2025-06-07,attempt_success,
AP2875,T1000001052,2025-12-06,attempt_success,
AP2876,T1000001052,2026-06-06,attempt_success,
AP2877,T1000001053,2025-09-14,attempt_success,
AP2878,T1000001053,2025-10-14,attempt_success,
AP2879,T1000001053,2025-11-13,attempt_success,
AP2880,T1000001053,2025-12-13,attempt_success,
AP2881,T1000001053,2026-01-12,attempt_success,
AP2882,T1000001053,2026-02-11,attempt_success,
AP2883,T1000001053,2026-03-13,attempt_success,
AP2884,T1000001053,2026-04-12,attempt_success,
AP2885,T1000001053,2026-05-12,attempt_success,
AP2886,T1000001053,2026-06-11,attempt_success,
AP2887,T1000001058,2025-09-24,attempt_success,
AP2888,T1000001058,2025-10-24,attempt_failed,bank_declined
AP2889,T1000001058,2025-10-27,attempt_success,
AP2890,T1000001058,2025-11-23,attempt_failed,insufficient_funds
AP2891,T1000001058,2025-11-26,attempt_failed,insufficient_funds
AP2892,T1000001058,2025-12-23,attempt_success,
AP2893,T1000001058,2026-01-22,attempt_success,
AP2894,T1000001058,2026-02-21,attempt_success,
AP2895,T1000001058,2026-03-23,attempt_success,
AP2896,T1000001058,2026-04-22,attempt_success,
AP2897,T1000001058,2026-05-22,attempt_success,
AP2898,T1000001058,2026-06-21,attempt_failed,insufficient_funds
AP2899,T1000001058,2026-06-24,attempt_failed,insufficient_funds
AP2900,T1000001067,2025-07-25,attempt_success,
AP2901,T1000001067,2026-01-23,attempt_success,
AP2902,T1000001068,2025-09-15,attempt_success,
AP2903,T1000001068,2025-10-15,attempt_success,
AP2904,T1000001068,2025-11-14,attempt_success,
AP2905,T1000001068,2025-12-14,attempt_failed,card_expired
AP2906,T1000001068,2025-12-17,attempt_success,
AP2907,T1000001068,2026-01-13,attempt_success,
AP2908,T1000001068,2026-02-12,attempt_failed,insufficient_funds
AP2909,T1000001068,2026-02-15,attempt_failed,insufficient_funds
AP2910,T1000001068,2026-03-14,attempt_success,
AP2911,T1000001068,2026-04-13,attempt_success,
AP2912,T1000001068,2026-05-13,attempt_success,
AP2913,T1000001068,2026-06-12,attempt_success,
AP2914,T1000001069,2025-09-15,attempt_success,
AP2915,T1000001069,2025-12-15,attempt_failed,card_expired
AP2916,T1000001069,2025-12-18,attempt_success,
AP2917,T1000001069,2026-03-16,attempt_success,
AP2918,T1000001069,2026-06-15,attempt_success,
AP2919,T1000001070,2025-02-14,attempt_success,
AP2920,T1000001070,2026-02-14,attempt_success,
AP2921,T1000001074,2025-09-05,attempt_success,
AP2922,T1000001074,2025-12-05,attempt_failed,insufficient_funds
AP2923,T1000001074,2025-12-08,attempt_failed,insufficient_funds
AP2924,T1000001074,2026-03-06,attempt_failed,insufficient_funds
AP2925,T1000001074,2026-03-09,attempt_success,
AP2926,T1000001074,2026-06-05,attempt_success,
AP2927,T1000001075,2025-07-13,attempt_success,
AP2928,T1000001075,2026-01-11,attempt_success,
AP2929,T1000001078,2025-02-26,attempt_success,
AP2930,T1000001078,2026-02-26,attempt_success,
AP2931,T1000001079,2025-09-11,attempt_success,
AP2932,T1000001079,2025-10-11,attempt_success,
AP2933,T1000001079,2025-11-10,attempt_success,
AP2934,T1000001079,2025-12-10,attempt_failed,insufficient_funds
AP2935,T1000001079,2025-12-13,attempt_success,
AP2936,T1000001079,2026-01-09,attempt_success,
AP2937,T1000001079,2026-02-08,attempt_failed,insufficient_funds
AP2938,T1000001079,2026-02-11,attempt_success,
AP2939,T1000001079,2026-03-10,attempt_failed,insufficient_funds
AP2940,T1000001079,2026-03-13,attempt_success,
AP2941,T1000001079,2026-04-09,attempt_success,
AP2942,T1000001079,2026-05-09,attempt_success,
AP2943,T1000001079,2026-06-08,attempt_success,
AP2944,T1000001082,2025-09-02,attempt_success,
AP2945,T1000001082,2025-10-02,attempt_success,
AP2946,T1000001082,2025-11-01,attempt_success,
AP2947,T1000001082,2025-12-01,attempt_success,
AP2948,T1000001082,2025-12-31,attempt_success,
AP2949,T1000001082,2026-01-30,attempt_failed,insufficient_funds
AP2950,T1000001082,2026-02-02,attempt_success,
AP2951,T1000001082,2026-03-01,attempt_success,
AP2952,T1000001082,2026-03-31,attempt_success,
AP2953,T1000001082,2026-04-30,attempt_success,
AP2954,T1000001082,2026-05-30,attempt_success,
AP2955,T1000001082,2026-06-29,attempt_success,
AP2956,T1000001085,2025-08-25,attempt_success,
AP2957,T1000001087,2025-08-08,attempt_success,
AP2958,T1000001087,2026-02-06,attempt_failed,insufficient_funds
AP2959,T1000001087,2026-02-09,attempt_success,
AP2960,T1000001088,2025-09-25,attempt_success,
AP2961,T1000001088,2025-10-25,attempt_success,
AP2962,T1000001088,2025-11-24,attempt_success,
AP2963,T1000001088,2025-12-24,attempt_success,
AP2964,T1000001088,2026-01-23,attempt_success,
AP2965,T1000001088,2026-02-22,attempt_success,
AP2966,T1000001088,2026-03-24,attempt_success,
AP2967,T1000001088,2026-04-23,attempt_success,
AP2968,T1000001088,2026-05-23,attempt_success,
AP2969,T1000001088,2026-06-22,attempt_success,
AP2970,T1000001091,2025-10-25,attempt_failed,insufficient_funds
AP2971,T1000001091,2025-10-28,attempt_success,
AP2972,T1000001093,2025-02-22,attempt_success,
AP2973,T1000001093,2026-02-22,attempt_success,
AP2974,T1000001101,2025-09-02,attempt_success,
AP2975,T1000001101,2025-10-02,attempt_success,
AP2976,T1000001101,2025-11-01,attempt_success,
AP2977,T1000001101,2025-12-01,attempt_success,
AP2978,T1000001101,2025-12-31,attempt_success,
AP2979,T1000001101,2026-01-30,attempt_success,
AP2980,T1000001101,2026-03-01,attempt_failed,insufficient_funds
AP2981,T1000001101,2026-03-04,attempt_success,
AP2982,T1000001101,2026-03-31,attempt_success,
AP2983,T1000001101,2026-04-30,attempt_success,
AP2984,T1000001101,2026-05-30,attempt_success,
AP2985,T1000001101,2026-06-29,attempt_success,
AP2986,T1000001106,2025-09-11,attempt_success,
AP2987,T1000001106,2025-12-11,attempt_success,
AP2988,T1000001106,2026-03-12,attempt_success,
AP2989,T1000001106,2026-06-11,attempt_success,
AP2990,T1000001111,2025-09-16,attempt_success,
AP2991,T1000001111,2025-10-16,attempt_success,
AP2992,T1000001111,2025-11-15,attempt_success,
AP2993,T1000001111,2025-12-15,attempt_success,
AP2994,T1000001111,2026-01-14,attempt_success,
AP2995,T1000001111,2026-02-13,attempt_success,
AP2996,T1000001111,2026-03-15,attempt_success,
AP2997,T1000001111,2026-04-14,attempt_success,
AP2998,T1000001111,2026-05-14,attempt_success,
AP2999,T1000001111,2026-06-13,attempt_success,
AP3000,T1000001112,2025-09-18,attempt_success,
AP3001,T1000001112,2025-12-18,attempt_success,
AP3002,T1000001112,2026-03-19,attempt_success,
AP3003,T1000001112,2026-06-18,attempt_success,
AP3004,T1000001113,2025-01-11,attempt_failed,insufficient_funds
AP3005,T1000001113,2025-01-14,attempt_success,
AP3006,T1000001113,2026-01-11,attempt_success,
AP3007,T1000001115,2025-08-07,attempt_success,
AP3008,T1000001117,2025-09-02,attempt_success,
AP3009,T1000001117,2025-10-02,attempt_success,
AP3010,T1000001117,2025-11-01,attempt_success,
AP3011,T1000001117,2025-12-01,attempt_success,
AP3012,T1000001117,2025-12-31,attempt_success,
AP3013,T1000001117,2026-01-30,attempt_success,
AP3014,T1000001117,2026-03-01,attempt_success,
AP3015,T1000001117,2026-03-31,attempt_success,
AP3016,T1000001117,2026-04-30,attempt_success,
AP3017,T1000001117,2026-05-30,attempt_success,
AP3018,T1000001117,2026-06-29,attempt_success,
AP3019,T1000001123,2025-04-22,attempt_success,
AP3020,T1000001123,2026-04-22,attempt_success,
AP3021,T1000001126,2025-09-16,attempt_success,
AP3022,T1000001126,2025-10-16,attempt_success,
AP3023,T1000001126,2025-11-15,attempt_success,
AP3024,T1000001126,2025-12-15,attempt_failed,insufficient_funds
AP3025,T1000001126,2025-12-18,attempt_success,
AP3026,T1000001126,2026-01-14,attempt_success,
AP3027,T1000001126,2026-02-13,attempt_success,
AP3028,T1000001126,2026-03-15,attempt_success,
AP3029,T1000001126,2026-04-14,attempt_success,
AP3030,T1000001126,2026-05-14,attempt_success,
AP3031,T1000001126,2026-06-13,attempt_success,
AP3032,T1000001129,2025-09-20,attempt_success,
AP3033,T1000001129,2026-03-21,attempt_success,
AP3034,T1000001130,2025-08-19,attempt_success,
AP3035,T1000001131,2025-04-13,attempt_success,
AP3036,T1000001131,2026-04-13,attempt_failed,bank_declined
AP3037,T1000001131,2026-04-16,attempt_success,
AP3038,T1000001132,2025-09-16,attempt_success,
AP3039,T1000001132,2025-10-16,attempt_success,
AP3040,T1000001132,2025-11-15,attempt_success,
AP3041,T1000001132,2025-12-15,attempt_success,
AP3042,T1000001132,2026-01-14,attempt_success,
AP3043,T1000001132,2026-02-13,attempt_success,
AP3044,T1000001132,2026-03-15,attempt_success,
AP3045,T1000001132,2026-04-14,attempt_success,
AP3046,T1000001132,2026-05-14,attempt_success,
AP3047,T1000001132,2026-06-13,attempt_failed,insufficient_funds
AP3048,T1000001132,2026-06-16,attempt_success,
AP3049,T1000001133,2025-09-02,attempt_success,
AP3050,T1000001133,2025-10-02,attempt_success,
AP3051,T1000001133,2025-11-01,attempt_success,
AP3052,T1000001133,2025-12-01,attempt_failed,card_expired
AP3053,T1000001133,2025-12-04,attempt_success,
AP3054,T1000001133,2025-12-31,attempt_success,
AP3055,T1000001133,2026-01-30,attempt_success,
AP3056,T1000001133,2026-03-01,attempt_success,
AP3057,T1000001133,2026-03-31,attempt_success,
AP3058,T1000001133,2026-04-30,attempt_success,
AP3059,T1000001133,2026-05-30,attempt_success,
AP3060,T1000001133,2026-06-29,attempt_success,
AP3061,T1000001135,2025-09-02,attempt_success,
AP3062,T1000001135,2025-12-02,attempt_success,
AP3063,T1000001135,2026-03-03,attempt_success,
AP3064,T1000001135,2026-06-02,attempt_success,
AP3065,T1000001136,2025-01-12,attempt_success,
AP3066,T1000001136,2026-01-12,attempt_failed,insufficient_funds
AP3067,T1000001136,2026-01-15,attempt_failed,insufficient_funds
AP3068,T1000001141,2025-07-30,attempt_success,
AP3069,T1000001141,2026-01-28,attempt_success,
AP3070,T1000001143,2025-04-07,attempt_success,
AP3071,T1000001143,2025-10-06,attempt_success,
AP3072,T1000001143,2026-04-06,attempt_success,
AP3073,T1000001145,2025-07-14,attempt_success,
AP3074,T1000001146,2025-05-18,attempt_failed,card_expired
AP3075,T1000001146,2025-05-21,attempt_success,
AP3076,T1000001146,2025-11-16,attempt_success,
AP3077,T1000001146,2026-05-17,attempt_success,
AP3078,T1000001148,2025-09-06,attempt_failed,bank_declined
AP3079,T1000001148,2025-09-09,attempt_success,
AP3080,T1000001148,2025-10-06,attempt_success,
AP3081,T1000001148,2025-11-05,attempt_success,
AP3082,T1000001148,2025-12-05,attempt_success,
AP3083,T1000001148,2026-01-04,attempt_success,
AP3084,T1000001148,2026-02-03,attempt_failed,card_expired
AP3085,T1000001148,2026-02-06,attempt_failed,card_expired
AP3086,T1000001148,2026-03-05,attempt_success,
AP3087,T1000001148,2026-04-04,attempt_success,
AP3088,T1000001148,2026-05-04,attempt_success,
AP3089,T1000001148,2026-06-03,attempt_success,
AP3090,T1000001150,2025-04-24,attempt_failed,insufficient_funds
AP3091,T1000001150,2025-04-27,attempt_success,
AP3092,T1000001150,2025-10-23,attempt_success,
AP3093,T1000001150,2026-04-23,attempt_success,
AP3094,T1000001152,2025-05-13,attempt_success,
AP3095,T1000001152,2026-05-13,attempt_failed,card_expired
AP3096,T1000001152,2026-05-16,attempt_success,
AP3097,T1000001153,2025-09-16,attempt_success,
AP3098,T1000001153,2025-12-16,attempt_success,
AP3099,T1000001153,2026-03-17,attempt_success,
AP3100,T1000001153,2026-06-16,attempt_success,
AP3101,T1000001155,2025-05-21,attempt_success,
AP3102,T1000001155,2025-11-19,attempt_success,
AP3103,T1000001155,2026-05-20,attempt_success,
AP3104,T1000001156,2025-09-03,attempt_success,
AP3105,T1000001156,2025-10-03,attempt_success,
AP3106,T1000001156,2025-11-02,attempt_success,
AP3107,T1000001156,2025-12-02,attempt_success,
AP3108,T1000001156,2026-01-01,attempt_success,
AP3109,T1000001156,2026-01-31,attempt_success,
AP3110,T1000001156,2026-03-02,attempt_success,
AP3111,T1000001156,2026-04-01,attempt_success,
AP3112,T1000001156,2026-05-01,attempt_success,
AP3113,T1000001156,2026-05-31,attempt_success,
AP3114,T1000001156,2026-06-30,attempt_success,
AP3115,T1000001157,2025-07-15,attempt_failed,insufficient_funds
AP3116,T1000001157,2025-07-18,attempt_success,
AP3117,T1000001157,2025-10-14,attempt_success,
AP3118,T1000001157,2026-01-13,attempt_success,
AP3119,T1000001157,2026-04-14,attempt_failed,insufficient_funds
AP3120,T1000001157,2026-04-17,attempt_failed,insufficient_funds
AP3121,T1000001161,2025-11-08,attempt_success,
AP3122,T1000001161,2026-05-09,attempt_success,
AP3123,T1000001162,2025-09-21,attempt_success,
AP3124,T1000001162,2025-12-21,attempt_success,
AP3125,T1000001162,2026-03-22,attempt_success,
AP3126,T1000001162,2026-06-21,attempt_success,
AP3127,T1000001164,2025-09-02,attempt_success,
AP3128,T1000001164,2025-10-02,attempt_success,
AP3129,T1000001164,2025-11-01,attempt_failed,insufficient_funds
AP3130,T1000001164,2025-11-04,attempt_failed,insufficient_funds
AP3131,T1000001164,2025-12-01,attempt_success,
AP3132,T1000001164,2025-12-31,attempt_failed,bank_declined
AP3133,T1000001164,2026-01-03,attempt_failed,bank_declined
AP3134,T1000001164,2026-01-30,attempt_failed,bank_declined
AP3135,T1000001164,2026-02-02,attempt_success,
AP3136,T1000001164,2026-03-01,attempt_failed,insufficient_funds
AP3137,T1000001164,2026-03-04,attempt_failed,insufficient_funds
AP3138,T1000001164,2026-03-31,attempt_success,
AP3139,T1000001164,2026-04-30,attempt_success,
AP3140,T1000001164,2026-05-30,attempt_success,
AP3141,T1000001164,2026-06-29,attempt_success,
AP3142,T1000001166,2025-07-04,attempt_success,
AP3143,T1000001166,2025-10-03,attempt_success,
AP3144,T1000001166,2026-01-02,attempt_success,
AP3145,T1000001166,2026-04-03,attempt_success,
AP3146,T1000001168,2025-09-18,attempt_success,
AP3147,T1000001168,2025-10-18,attempt_success,
AP3148,T1000001168,2025-11-17,attempt_success,
AP3149,T1000001168,2025-12-17,attempt_success,
AP3150,T1000001168,2026-01-16,attempt_success,
AP3151,T1000001168,2026-02-15,attempt_failed,insufficient_funds
AP3152,T1000001168,2026-02-18,attempt_success,
AP3153,T1000001168,2026-03-17,attempt_success,
AP3154,T1000001168,2026-04-16,attempt_success,
AP3155,T1000001168,2026-05-16,attempt_success,
AP3156,T1000001168,2026-06-15,attempt_success,
AP3157,T1000001171,2025-09-15,attempt_success,
AP3158,T1000001171,2025-10-15,attempt_success,
AP3159,T1000001171,2025-11-14,attempt_failed,insufficient_funds
AP3160,T1000001171,2025-11-17,attempt_success,
AP3161,T1000001171,2025-12-14,attempt_success,
AP3162,T1000001171,2026-01-13,attempt_success,
AP3163,T1000001171,2026-02-12,attempt_success,
AP3164,T1000001171,2026-03-14,attempt_success,
AP3165,T1000001171,2026-04-13,attempt_success,
AP3166,T1000001171,2026-05-13,attempt_success,
AP3167,T1000001171,2026-06-12,attempt_success,
AP3168,T1000001174,2025-09-29,attempt_success,
AP3169,T1000001174,2026-03-30,attempt_success,
AP3170,T1000001180,2025-09-21,attempt_success,
AP3171,T1000001180,2025-10-21,attempt_success,
AP3172,T1000001180,2025-11-20,attempt_success,
AP3173,T1000001180,2025-12-20,attempt_success,
AP3174,T1000001180,2026-01-19,attempt_failed,bank_declined
AP3175,T1000001180,2026-01-22,attempt_success,
AP3176,T1000001180,2026-02-18,attempt_success,
AP3177,T1000001180,2026-03-20,attempt_failed,insufficient_funds
AP3178,T1000001180,2026-03-23,attempt_success,
AP3179,T1000001180,2026-04-19,attempt_success,
AP3180,T1000001180,2026-05-19,attempt_success,
AP3181,T1000001180,2026-06-18,attempt_success,
AP3182,T1000001181,2025-06-24,attempt_success,
AP3183,T1000001181,2025-12-23,attempt_failed,bank_declined
AP3184,T1000001181,2025-12-26,attempt_success,
AP3185,T1000001181,2026-06-23,attempt_success,
AP3186,T1000001182,2025-08-02,attempt_success,
AP3187,T1000001182,2025-11-01,attempt_success,
AP3188,T1000001182,2026-01-31,attempt_success,
AP3189,T1000001182,2026-05-02,attempt_failed,insufficient_funds
AP3190,T1000001182,2026-05-05,attempt_success,
AP3191,T1000001184,2025-08-01,attempt_success,
AP3192,T1000001184,2026-01-30,attempt_success,
AP3193,T1000001186,2025-09-21,attempt_success,
AP3194,T1000001186,2025-12-21,attempt_success,
AP3195,T1000001186,2026-03-22,attempt_success,
AP3196,T1000001186,2026-06-21,attempt_success,
AP3197,T1000001187,2025-03-19,attempt_success,
AP3198,T1000001187,2026-03-19,attempt_success,
AP3199,T1000001190,2025-04-20,attempt_success,
AP3200,T1000001190,2025-10-19,attempt_success,
AP3201,T1000001190,2026-04-19,attempt_success,
AP3202,T1000001191,2025-08-31,attempt_success,
AP3203,T1000001191,2025-09-30,attempt_success,
AP3204,T1000001191,2025-10-30,attempt_success,
AP3205,T1000001191,2025-11-29,attempt_success,
AP3206,T1000001191,2025-12-29,attempt_success,
AP3207,T1000001191,2026-01-28,attempt_failed,card_expired
AP3208,T1000001191,2026-01-31,attempt_failed,card_expired
AP3209,T1000001191,2026-02-27,attempt_success,
AP3210,T1000001191,2026-03-29,attempt_success,
AP3211,T1000001191,2026-04-28,attempt_success,
AP3212,T1000001191,2026-05-28,attempt_failed,card_expired
AP3213,T1000001191,2026-05-31,attempt_success,
AP3214,T1000001191,2026-06-27,attempt_success,
AP3215,T1000001195,2025-09-02,attempt_success,
AP3216,T1000001195,2026-03-03,attempt_success,
AP3217,T1000001196,2025-08-18,attempt_success,
AP3218,T1000001196,2025-11-17,attempt_failed,insufficient_funds
AP3219,T1000001196,2025-11-20,attempt_success,
AP3220,T1000001196,2026-02-16,attempt_success,
AP3221,T1000001196,2026-05-18,attempt_success,
AP3222,T1000001197,2024-10-26,attempt_success,
AP3223,T1000001197,2025-10-26,attempt_failed,bank_declined
AP3224,T1000001197,2025-10-29,attempt_success,
AP3225,T1000001198,2025-09-18,attempt_success,
AP3226,T1000001198,2025-10-18,attempt_success,
AP3227,T1000001198,2025-11-17,attempt_failed,insufficient_funds
AP3228,T1000001198,2025-11-20,attempt_success,
AP3229,T1000001198,2025-12-17,attempt_success,
AP3230,T1000001198,2026-01-16,attempt_failed,insufficient_funds
AP3231,T1000001198,2026-01-19,attempt_success,
AP3232,T1000001198,2026-02-15,attempt_success,
AP3233,T1000001198,2026-03-17,attempt_success,
AP3234,T1000001198,2026-04-16,attempt_success,
AP3235,T1000001198,2026-05-16,attempt_success,
AP3236,T1000001198,2026-06-15,attempt_success,
AP3237,T1000001199,2025-07-23,attempt_success,
AP3238,T1000001199,2025-10-22,attempt_success,
AP3239,T1000001199,2026-01-21,attempt_success,
AP3240,T1000001199,2026-04-22,attempt_failed,insufficient_funds
AP3241,T1000001199,2026-04-25,attempt_success,
AP3242,T1000001200,2025-09-25,attempt_success,
AP3243,T1000001200,2025-10-25,attempt_success,
AP3244,T1000001200,2025-11-24,attempt_failed,insufficient_funds
AP3245,T1000001200,2025-11-27,attempt_success,
AP3246,T1000001200,2025-12-24,attempt_success,
AP3247,T1000001200,2026-01-23,attempt_success,
AP3248,T1000001200,2026-02-22,attempt_success,
AP3249,T1000001200,2026-03-24,attempt_failed,insufficient_funds
AP3250,T1000001200,2026-03-27,attempt_success,
AP3251,T1000001200,2026-04-23,attempt_success,
AP3252,T1000001200,2026-05-23,attempt_success,
AP3253,T1000001200,2026-06-22,attempt_success,
AP3254,T1000001201,2025-09-24,attempt_failed,card_expired
AP3255,T1000001201,2025-09-27,attempt_failed,card_expired
AP3256,T1000001201,2025-12-24,attempt_success,
AP3257,T1000001201,2026-03-25,attempt_success,
AP3258,T1000001201,2026-06-24,attempt_success,
AP3259,T1000001203,2025-09-19,attempt_success,
AP3260,T1000001203,2025-10-19,attempt_success,
AP3261,T1000001203,2025-11-18,attempt_success,
AP3262,T1000001203,2025-12-18,attempt_success,
AP3263,T1000001203,2026-01-17,attempt_success,
AP3264,T1000001203,2026-02-16,attempt_success,
AP3265,T1000001203,2026-03-18,attempt_success,
AP3266,T1000001203,2026-04-17,attempt_success,
AP3267,T1000001203,2026-05-17,attempt_success,
AP3268,T1000001203,2026-06-16,attempt_success,
AP3269,T1000001210,2025-05-21,attempt_success,
AP3270,T1000001210,2025-11-19,attempt_success,
AP3271,T1000001210,2026-05-20,attempt_success,
AP3272,T1000001211,2025-08-13,attempt_failed,insufficient_funds
AP3273,T1000001211,2025-08-16,attempt_failed,insufficient_funds
AP3274,T1000001213,2025-07-14,attempt_success,
AP3275,T1000001213,2025-10-13,attempt_success,
AP3276,T1000001213,2026-01-12,attempt_success,
AP3277,T1000001213,2026-04-13,attempt_success,
AP3278,T1000001214,2025-07-29,attempt_success,
AP3279,T1000001216,2025-09-10,attempt_success,
AP3280,T1000001216,2025-12-10,attempt_success,
AP3281,T1000001216,2026-03-11,attempt_failed,bank_declined
AP3282,T1000001216,2026-03-14,attempt_success,
AP3283,T1000001216,2026-06-10,attempt_success,
AP3284,T1000001217,2025-09-21,attempt_failed,card_expired
AP3285,T1000001217,2025-09-24,attempt_success,
AP3286,T1000001217,2025-10-21,attempt_success,
AP3287,T1000001217,2025-11-20,attempt_success,
AP3288,T1000001217,2025-12-20,attempt_success,
AP3289,T1000001217,2026-01-19,attempt_success,
AP3290,T1000001217,2026-02-18,attempt_success,
AP3291,T1000001217,2026-03-20,attempt_failed,insufficient_funds
AP3292,T1000001217,2026-03-23,attempt_success,
AP3293,T1000001217,2026-04-19,attempt_failed,bank_declined
AP3294,T1000001217,2026-04-22,attempt_success,
AP3295,T1000001217,2026-05-19,attempt_success,
AP3296,T1000001217,2026-06-18,attempt_success,
AP3297,T1000001218,2025-06-15,attempt_success,
AP3298,T1000001218,2025-12-14,attempt_success,
AP3299,T1000001218,2026-06-14,attempt_success,
AP3300,T1000001219,2025-09-05,attempt_success,
AP3301,T1000001219,2025-10-05,attempt_success,
AP3302,T1000001219,2025-11-04,attempt_success,
AP3303,T1000001219,2025-12-04,attempt_failed,card_expired
AP3304,T1000001219,2025-12-07,attempt_success,
AP3305,T1000001219,2026-01-03,attempt_success,
AP3306,T1000001219,2026-02-02,attempt_success,
AP3307,T1000001219,2026-03-04,attempt_success,
AP3308,T1000001219,2026-04-03,attempt_success,
AP3309,T1000001219,2026-05-03,attempt_success,
AP3310,T1000001219,2026-06-02,attempt_success,
AP3311,T1000001224,2025-09-04,attempt_success,
AP3312,T1000001224,2025-10-04,attempt_success,
AP3313,T1000001224,2025-11-03,attempt_success,
AP3314,T1000001224,2025-12-03,attempt_success,
AP3315,T1000001224,2026-01-02,attempt_success,
AP3316,T1000001224,2026-02-01,attempt_success,
AP3317,T1000001224,2026-03-03,attempt_success,
AP3318,T1000001224,2026-04-02,attempt_success,
AP3319,T1000001224,2026-05-02,attempt_success,
AP3320,T1000001224,2026-06-01,attempt_failed,bank_declined
AP3321,T1000001224,2026-06-04,attempt_success,
AP3322,T1000001225,2025-07-18,attempt_success,
AP3323,T1000001226,2025-05-03,attempt_success,
AP3324,T1000001226,2025-11-01,attempt_success,
AP3325,T1000001226,2026-05-02,attempt_failed,insufficient_funds
AP3326,T1000001226,2026-05-05,attempt_success,
AP3327,T1000001228,2025-02-14,attempt_success,
AP3328,T1000001228,2026-02-14,attempt_success,
AP3329,T1000001230,2025-09-01,attempt_success,
AP3330,T1000001230,2025-10-01,attempt_success,
AP3331,T1000001230,2025-10-31,attempt_failed,insufficient_funds
AP3332,T1000001230,2025-11-03,attempt_failed,insufficient_funds
AP3333,T1000001230,2025-11-30,attempt_success,
AP3334,T1000001230,2025-12-30,attempt_success,
AP3335,T1000001230,2026-01-29,attempt_success,
AP3336,T1000001230,2026-02-28,attempt_success,
AP3337,T1000001230,2026-03-30,attempt_success,
AP3338,T1000001230,2026-04-29,attempt_success,
AP3339,T1000001230,2026-05-29,attempt_success,
AP3340,T1000001230,2026-06-28,attempt_success,
AP3341,T1000001233,2025-08-04,attempt_failed,insufficient_funds
AP3342,T1000001233,2025-08-07,attempt_failed,insufficient_funds
AP3343,T1000001233,2025-11-03,attempt_success,
AP3344,T1000001233,2026-02-02,attempt_success,
AP3345,T1000001233,2026-05-04,attempt_success,
AP3346,T1000001235,2024-12-29,attempt_success,
AP3347,T1000001235,2025-12-29,attempt_success,
AP3348,T1000001236,2025-09-14,attempt_success,
AP3349,T1000001236,2025-12-14,attempt_success,
AP3350,T1000001236,2026-03-15,attempt_success,
AP3351,T1000001236,2026-06-14,attempt_success,
AP3352,T1000001237,2025-07-11,attempt_failed,insufficient_funds
AP3353,T1000001237,2025-07-14,attempt_success,
AP3354,T1000001237,2025-10-10,attempt_success,
AP3355,T1000001237,2026-01-09,attempt_success,
AP3356,T1000001237,2026-04-10,attempt_success,
AP3357,T1000001239,2025-07-27,attempt_success,
AP3358,T1000001239,2026-01-25,attempt_success,
AP3359,T1000001242,2025-11-12,attempt_success,
AP3360,T1000001242,2026-05-13,attempt_success,
AP3361,T1000001243,2025-11-15,attempt_success,
AP3362,T1000001243,2025-12-15,attempt_success,
AP3363,T1000001243,2026-01-14,attempt_success,
AP3364,T1000001243,2026-02-13,attempt_success,
AP3365,T1000001243,2026-03-15,attempt_success,
AP3366,T1000001243,2026-04-14,attempt_success,
AP3367,T1000001243,2026-05-14,attempt_failed,insufficient_funds
AP3368,T1000001243,2026-05-17,attempt_success,
AP3369,T1000001243,2026-06-13,attempt_failed,insufficient_funds
AP3370,T1000001243,2026-06-16,attempt_failed,insufficient_funds
AP3371,T1000001244,2025-06-18,attempt_success,
AP3372,T1000001244,2025-12-17,attempt_success,
AP3373,T1000001244,2026-06-17,attempt_success,
AP3374,T1000001247,2025-03-09,attempt_success,
AP3375,T1000001247,2026-03-09,attempt_success,
AP3376,T1000001248,2025-04-27,attempt_success,
AP3377,T1000001248,2025-10-26,attempt_success,
AP3378,T1000001248,2026-04-26,attempt_success,
AP3379,T1000001250,2025-11-22,attempt_success,
AP3380,T1000001250,2026-05-23,attempt_success,
AP3381,T1000001251,2025-09-24,attempt_success,
AP3382,T1000001251,2025-10-24,attempt_failed,card_expired
AP3383,T1000001251,2025-10-27,attempt_failed,card_expired
AP3384,T1000001251,2025-11-23,attempt_success,
AP3385,T1000001251,2025-12-23,attempt_success,
AP3386,T1000001251,2026-01-22,attempt_success,
AP3387,T1000001251,2026-02-21,attempt_success,
AP3388,T1000001251,2026-03-23,attempt_success,
AP3389,T1000001251,2026-04-22,attempt_success,
AP3390,T1000001251,2026-05-22,attempt_success,
AP3391,T1000001251,2026-06-21,attempt_success,
AP3392,T1000001252,2025-09-13,attempt_success,
AP3393,T1000001252,2025-10-13,attempt_success,
AP3394,T1000001252,2025-11-12,attempt_success,
AP3395,T1000001252,2025-12-12,attempt_success,
AP3396,T1000001252,2026-01-11,attempt_success,
AP3397,T1000001252,2026-02-10,attempt_success,
AP3398,T1000001252,2026-03-12,attempt_failed,card_expired
AP3399,T1000001252,2026-03-15,attempt_success,
AP3400,T1000001252,2026-04-11,attempt_failed,insufficient_funds
AP3401,T1000001252,2026-04-14,attempt_success,
AP3402,T1000001252,2026-05-11,attempt_success,
AP3403,T1000001252,2026-06-10,attempt_success,
AP3404,T1000001254,2025-09-08,attempt_success,
AP3405,T1000001254,2025-10-08,attempt_success,
AP3406,T1000001254,2025-11-07,attempt_failed,insufficient_funds
AP3407,T1000001254,2025-11-10,attempt_failed,insufficient_funds
AP3408,T1000001254,2025-12-07,attempt_success,
AP3409,T1000001254,2026-01-06,attempt_success,
AP3410,T1000001254,2026-02-05,attempt_success,
AP3411,T1000001254,2026-03-07,attempt_success,
AP3412,T1000001254,2026-04-06,attempt_success,
AP3413,T1000001254,2026-05-06,attempt_success,
AP3414,T1000001254,2026-06-05,attempt_success,
AP3415,T1000001257,2024-10-31,attempt_success,
AP3416,T1000001257,2025-10-31,attempt_success,
AP3417,T1000001258,2025-09-05,attempt_success,
AP3418,T1000001258,2025-10-05,attempt_failed,card_expired
AP3419,T1000001258,2025-10-08,attempt_failed,card_expired
AP3420,T1000001258,2025-11-04,attempt_success,
AP3421,T1000001258,2025-12-04,attempt_success,
AP3422,T1000001258,2026-01-03,attempt_success,
AP3423,T1000001258,2026-02-02,attempt_success,
AP3424,T1000001258,2026-03-04,attempt_success,
AP3425,T1000001258,2026-04-03,attempt_success,
AP3426,T1000001258,2026-05-03,attempt_success,
AP3427,T1000001258,2026-06-02,attempt_success,
AP3428,T1000001266,2025-08-28,attempt_success,
AP3429,T1000001266,2025-11-27,attempt_success,
AP3430,T1000001266,2026-02-26,attempt_success,
AP3431,T1000001266,2026-05-28,attempt_success,
AP3432,T1000001271,2025-09-22,attempt_success,
AP3433,T1000001274,2025-06-16,attempt_success,
AP3434,T1000001274,2025-12-15,attempt_success,
AP3435,T1000001274,2026-06-15,attempt_success,
AP3436,T1000001276,2025-07-31,attempt_success,
AP3437,T1000001276,2025-10-30,attempt_success,
AP3438,T1000001276,2026-01-29,attempt_success,
AP3439,T1000001276,2026-04-30,attempt_success,
AP3440,T1000001278,2025-09-10,attempt_success,
AP3441,T1000001278,2025-10-10,attempt_success,
AP3442,T1000001278,2025-11-09,attempt_success,
AP3443,T1000001278,2025-12-09,attempt_success,
AP3444,T1000001278,2026-01-08,attempt_success,
AP3445,T1000001278,2026-02-07,attempt_success,
AP3446,T1000001278,2026-03-09,attempt_success,
AP3447,T1000001278,2026-04-08,attempt_success,
AP3448,T1000001278,2026-05-08,attempt_success,
AP3449,T1000001278,2026-06-07,attempt_success,
AP3450,T1000001284,2025-09-22,attempt_success,
AP3451,T1000001284,2025-10-22,attempt_success,
AP3452,T1000001284,2025-11-21,attempt_success,
AP3453,T1000001284,2025-12-21,attempt_success,
AP3454,T1000001284,2026-01-20,attempt_success,
AP3455,T1000001284,2026-02-19,attempt_success,
AP3456,T1000001284,2026-03-21,attempt_success,
AP3457,T1000001284,2026-04-20,attempt_success,
AP3458,T1000001284,2026-05-20,attempt_success,
AP3459,T1000001284,2026-06-19,attempt_success,
AP3460,T1000001285,2025-09-07,attempt_success,
AP3461,T1000001285,2025-10-07,attempt_failed,insufficient_funds
AP3462,T1000001285,2025-10-10,attempt_failed,insufficient_funds
AP3463,T1000001285,2025-11-06,attempt_success,
AP3464,T1000001285,2025-12-06,attempt_failed,insufficient_funds
AP3465,T1000001285,2025-12-09,attempt_success,
AP3466,T1000001285,2026-01-05,attempt_success,
AP3467,T1000001285,2026-02-04,attempt_success,
AP3468,T1000001285,2026-03-06,attempt_success,
AP3469,T1000001285,2026-04-05,attempt_success,
AP3470,T1000001285,2026-05-05,attempt_success,
AP3471,T1000001285,2026-06-04,attempt_success,
AP3472,T1000001287,2025-04-07,attempt_success,
AP3473,T1000001287,2025-10-06,attempt_success,
AP3474,T1000001287,2026-04-06,attempt_success,
AP3475,T1000001289,2025-01-27,attempt_success,
AP3476,T1000001289,2026-01-27,attempt_failed,insufficient_funds
AP3477,T1000001289,2026-01-30,attempt_success,
AP3478,T1000001291,2025-08-31,attempt_failed,insufficient_funds
AP3479,T1000001291,2025-09-03,attempt_failed,insufficient_funds
AP3480,T1000001291,2025-09-30,attempt_success,
AP3481,T1000001291,2025-10-30,attempt_success,
AP3482,T1000001291,2025-11-29,attempt_success,
AP3483,T1000001291,2025-12-29,attempt_success,
AP3484,T1000001291,2026-01-28,attempt_success,
AP3485,T1000001291,2026-02-27,attempt_success,
AP3486,T1000001291,2026-03-29,attempt_failed,card_expired
AP3487,T1000001291,2026-04-01,attempt_success,
AP3488,T1000001291,2026-04-28,attempt_success,
AP3489,T1000001291,2026-05-28,attempt_success,
AP3490,T1000001291,2026-06-27,attempt_success,
AP3491,T1000001296,2025-09-14,attempt_success,
AP3492,T1000001296,2025-12-14,attempt_success,
AP3493,T1000001296,2026-03-15,attempt_success,
AP3494,T1000001296,2026-06-14,attempt_failed,insufficient_funds
AP3495,T1000001296,2026-06-17,attempt_success,
AP3496,T1000001297,2025-08-05,attempt_success,
AP3497,T1000001297,2025-11-04,attempt_success,
AP3498,T1000001297,2026-02-03,attempt_success,
AP3499,T1000001297,2026-05-05,attempt_success,
AP3500,T1000001306,2025-09-15,attempt_success,
AP3501,T1000001306,2025-10-15,attempt_success,
AP3502,T1000001306,2025-11-14,attempt_success,
AP3503,T1000001306,2025-12-14,attempt_success,
AP3504,T1000001306,2026-01-13,attempt_success,
AP3505,T1000001306,2026-02-12,attempt_success,
AP3506,T1000001306,2026-03-14,attempt_success,
AP3507,T1000001306,2026-04-13,attempt_failed,card_expired
AP3508,T1000001306,2026-04-16,attempt_failed,card_expired
AP3509,T1000001306,2026-05-13,attempt_success,
AP3510,T1000001306,2026-06-12,attempt_success,
AP3511,T1000001307,2025-09-12,attempt_success,
AP3512,T1000001307,2025-10-12,attempt_success,
AP3513,T1000001307,2025-11-11,attempt_success,
AP3514,T1000001307,2025-12-11,attempt_success,
AP3515,T1000001307,2026-01-10,attempt_success,
AP3516,T1000001307,2026-02-09,attempt_success,
AP3517,T1000001307,2026-03-11,attempt_success,
AP3518,T1000001307,2026-04-10,attempt_success,
AP3519,T1000001307,2026-05-10,attempt_success,
AP3520,T1000001307,2026-06-09,attempt_success,
AP3521,T1000001312,2025-09-25,attempt_success,
AP3522,T1000001312,2025-10-25,attempt_success,
AP3523,T1000001312,2025-11-24,attempt_success,
AP3524,T1000001312,2025-12-24,attempt_success,
AP3525,T1000001312,2026-01-23,attempt_success,
AP3526,T1000001312,2026-02-22,attempt_success,
AP3527,T1000001312,2026-03-24,attempt_failed,insufficient_funds
AP3528,T1000001312,2026-03-27,attempt_success,
AP3529,T1000001312,2026-04-23,attempt_success,
AP3530,T1000001312,2026-05-23,attempt_success,
AP3531,T1000001312,2026-06-22,attempt_success,
AP3532,T1000001315,2025-10-29,attempt_success,
AP3533,T1000001315,2026-01-28,attempt_success,
AP3534,T1000001315,2026-04-29,attempt_success,
AP3535,T1000001316,2025-09-28,attempt_success,
AP3536,T1000001316,2025-10-28,attempt_success,
AP3537,T1000001316,2025-11-27,attempt_success,
AP3538,T1000001316,2025-12-27,attempt_success,
AP3539,T1000001316,2026-01-26,attempt_success,
AP3540,T1000001316,2026-02-25,attempt_success,
AP3541,T1000001316,2026-03-27,attempt_success,
AP3542,T1000001316,2026-04-26,attempt_failed,bank_declined
AP3543,T1000001316,2026-04-29,attempt_failed,bank_declined
AP3544,T1000001316,2026-05-26,attempt_success,
AP3545,T1000001316,2026-06-25,attempt_success,
AP3546,T1000001317,2025-08-19,attempt_success,
AP3547,T1000001319,2025-06-09,attempt_failed,insufficient_funds
AP3548,T1000001319,2025-06-12,attempt_failed,insufficient_funds
AP3549,T1000001319,2025-12-08,attempt_success,
AP3550,T1000001319,2026-06-08,attempt_success,
AP3551,T1000001320,2025-03-25,attempt_success,
AP3552,T1000001320,2026-03-25,attempt_success,
AP3553,T1000001322,2025-08-29,attempt_success,
AP3554,T1000001322,2025-11-28,attempt_success,
AP3555,T1000001322,2026-02-27,attempt_success,
AP3556,T1000001322,2026-05-29,attempt_success,
AP3557,T1000001327,2025-09-25,attempt_success,
AP3558,T1000001327,2025-10-25,attempt_success,
AP3559,T1000001327,2025-11-24,attempt_success,
AP3560,T1000001327,2025-12-24,attempt_failed,insufficient_funds
AP3561,T1000001327,2025-12-27,attempt_success,
AP3562,T1000001327,2026-01-23,attempt_success,
AP3563,T1000001327,2026-02-22,attempt_success,
AP3564,T1000001327,2026-03-24,attempt_success,
AP3565,T1000001327,2026-04-23,attempt_success,
AP3566,T1000001327,2026-05-23,attempt_success,
AP3567,T1000001327,2026-06-22,attempt_success,
AP3568,T1000001328,2025-02-22,attempt_success,
AP3569,T1000001328,2026-02-22,attempt_success,
AP3570,T1000001329,2025-09-02,attempt_success,
AP3571,T1000001329,2025-10-02,attempt_success,
AP3572,T1000001329,2025-11-01,attempt_success,
AP3573,T1000001329,2025-12-01,attempt_success,
AP3574,T1000001329,2025-12-31,attempt_success,
AP3575,T1000001329,2026-01-30,attempt_failed,bank_declined
AP3576,T1000001329,2026-02-02,attempt_failed,bank_declined
AP3577,T1000001329,2026-03-01,attempt_success,
AP3578,T1000001329,2026-03-31,attempt_success,
AP3579,T1000001329,2026-04-30,attempt_failed,bank_declined
AP3580,T1000001329,2026-05-03,attempt_success,
AP3581,T1000001329,2026-05-30,attempt_success,
AP3582,T1000001329,2026-06-29,attempt_success,
AP3583,T1000001330,2025-08-31,attempt_success,
AP3584,T1000001330,2025-11-30,attempt_success,
AP3585,T1000001330,2026-03-01,attempt_success,
AP3586,T1000001330,2026-05-31,attempt_success,
AP3587,T1000001332,2024-10-19,attempt_success,
AP3588,T1000001332,2025-10-19,attempt_success,
AP3589,T1000001333,2025-09-21,attempt_success,
AP3590,T1000001333,2025-10-21,attempt_success,
AP3591,T1000001333,2025-11-20,attempt_success,
AP3592,T1000001333,2025-12-20,attempt_success,
AP3593,T1000001333,2026-01-19,attempt_success,
AP3594,T1000001333,2026-02-18,attempt_success,
AP3595,T1000001333,2026-03-20,attempt_failed,insufficient_funds
AP3596,T1000001333,2026-03-23,attempt_failed,insufficient_funds
AP3597,T1000001333,2026-04-19,attempt_failed,card_expired
AP3598,T1000001333,2026-04-22,attempt_failed,card_expired
AP3599,T1000001333,2026-05-19,attempt_success,
AP3600,T1000001333,2026-06-18,attempt_success,
AP3601,T1000001334,2025-09-21,attempt_success,
AP3602,T1000001334,2025-10-21,attempt_success,
AP3603,T1000001334,2025-11-20,attempt_success,
AP3604,T1000001334,2025-12-20,attempt_success,
AP3605,T1000001334,2026-01-19,attempt_success,
AP3606,T1000001334,2026-02-18,attempt_success,
AP3607,T1000001334,2026-03-20,attempt_failed,insufficient_funds
AP3608,T1000001334,2026-03-23,attempt_success,
AP3609,T1000001334,2026-04-19,attempt_success,
AP3610,T1000001334,2026-05-19,attempt_success,
AP3611,T1000001334,2026-06-18,attempt_success,
AP3612,T1000001336,2024-12-10,attempt_success,
AP3613,T1000001336,2025-12-10,attempt_success,
AP3614,T1000001339,2025-09-22,attempt_success,
AP3615,T1000001339,2025-10-22,attempt_success,
AP3616,T1000001339,2025-11-21,attempt_success,
AP3617,T1000001339,2025-12-21,attempt_success,
AP3618,T1000001339,2026-01-20,attempt_success,
AP3619,T1000001339,2026-02-19,attempt_success,
AP3620,T1000001339,2026-03-21,attempt_success,
AP3621,T1000001339,2026-04-20,attempt_success,
AP3622,T1000001339,2026-05-20,attempt_success,
AP3623,T1000001339,2026-06-19,attempt_failed,card_expired
AP3624,T1000001339,2026-06-22,attempt_success,
AP3625,T1000001341,2025-07-11,attempt_success,
AP3626,T1000001341,2025-10-10,attempt_failed,insufficient_funds
AP3627,T1000001341,2025-10-13,attempt_failed,insufficient_funds
AP3628,T1000001341,2026-01-09,attempt_success,
AP3629,T1000001341,2026-04-10,attempt_success,
AP3630,T1000001348,2024-12-21,attempt_success,
AP3631,T1000001348,2025-12-21,attempt_success,
AP3632,T1000001349,2025-03-01,attempt_success,
AP3633,T1000001349,2026-03-01,attempt_success,
AP3634,T1000001350,2025-09-14,attempt_failed,insufficient_funds
AP3635,T1000001350,2025-09-17,attempt_success,
AP3636,T1000001350,2025-10-14,attempt_success,
AP3637,T1000001350,2025-11-13,attempt_success,
AP3638,T1000001350,2025-12-13,attempt_success,
AP3639,T1000001350,2026-01-12,attempt_success,
AP3640,T1000001350,2026-02-11,attempt_success,
AP3641,T1000001350,2026-03-13,attempt_success,
AP3642,T1000001350,2026-04-12,attempt_failed,insufficient_funds
AP3643,T1000001350,2026-04-15,attempt_success,
AP3644,T1000001350,2026-05-12,attempt_success,
AP3645,T1000001350,2026-06-11,attempt_success,
AP3646,T1000001351,2025-09-01,attempt_success,
AP3647,T1000001351,2025-10-01,attempt_success,
AP3648,T1000001351,2025-10-31,attempt_success,
AP3649,T1000001351,2025-11-30,attempt_success,
AP3650,T1000001351,2025-12-30,attempt_failed,insufficient_funds
AP3651,T1000001351,2026-01-02,attempt_success,
AP3652,T1000001351,2026-01-29,attempt_failed,bank_declined
AP3653,T1000001351,2026-02-01,attempt_failed,bank_declined
AP3654,T1000001351,2026-02-28,attempt_success,
AP3655,T1000001351,2026-03-30,attempt_success,
AP3656,T1000001351,2026-04-29,attempt_success,
AP3657,T1000001351,2026-05-29,attempt_success,
AP3658,T1000001351,2026-06-28,attempt_success,
AP3659,T1000001354,2025-08-25,attempt_success,
AP3660,T1000001354,2025-11-24,attempt_success,
AP3661,T1000001354,2026-02-23,attempt_success,
AP3662,T1000001354,2026-05-25,attempt_success,
AP3663,T1000001358,2025-01-08,attempt_failed,insufficient_funds
AP3664,T1000001358,2025-01-11,attempt_success,
AP3665,T1000001358,2026-01-08,attempt_failed,insufficient_funds
AP3666,T1000001358,2026-01-11,attempt_success,
AP3667,T1000001361,2025-09-04,attempt_success,
AP3668,T1000001361,2025-10-04,attempt_failed,insufficient_funds
AP3669,T1000001361,2025-10-07,attempt_failed,insufficient_funds
AP3670,T1000001361,2025-11-03,attempt_success,
AP3671,T1000001361,2025-12-03,attempt_success,
AP3672,T1000001361,2026-01-02,attempt_success,
AP3673,T1000001361,2026-02-01,attempt_success,
AP3674,T1000001361,2026-03-03,attempt_failed,card_expired
AP3675,T1000001361,2026-03-06,attempt_success,
AP3676,T1000001361,2026-04-02,attempt_failed,insufficient_funds
AP3677,T1000001361,2026-04-05,attempt_success,
AP3678,T1000001361,2026-05-02,attempt_success,
AP3679,T1000001361,2026-06-01,attempt_success,
AP3680,T1000001366,2025-07-17,attempt_success,
AP3681,T1000001366,2026-01-15,attempt_success,
AP3682,T1000001367,2025-09-29,attempt_success,
AP3683,T1000001367,2025-10-29,attempt_success,
AP3684,T1000001367,2025-11-28,attempt_success,
AP3685,T1000001367,2025-12-28,attempt_success,
AP3686,T1000001367,2026-01-27,attempt_success,
AP3687,T1000001367,2026-02-26,attempt_success,
AP3688,T1000001367,2026-03-28,attempt_success,
AP3689,T1000001367,2026-04-27,attempt_success,
AP3690,T1000001367,2026-05-27,attempt_success,
AP3691,T1000001367,2026-06-26,attempt_success,
AP3692,T1000001368,2025-09-28,attempt_success,
AP3693,T1000001368,2025-10-28,attempt_success,
AP3694,T1000001368,2025-11-27,attempt_success,
AP3695,T1000001368,2025-12-27,attempt_success,
AP3696,T1000001368,2026-01-26,attempt_success,
AP3697,T1000001368,2026-02-25,attempt_success,
AP3698,T1000001368,2026-03-27,attempt_success,
AP3699,T1000001368,2026-04-26,attempt_failed,insufficient_funds
AP3700,T1000001368,2026-04-29,attempt_success,
AP3701,T1000001368,2026-05-26,attempt_success,
AP3702,T1000001368,2026-06-25,attempt_success,
AP3703,T1000001369,2025-09-10,attempt_success,
AP3704,T1000001369,2025-10-10,attempt_success,
AP3705,T1000001369,2025-11-09,attempt_success,
AP3706,T1000001369,2025-12-09,attempt_success,
AP3707,T1000001369,2026-01-08,attempt_success,
AP3708,T1000001369,2026-02-07,attempt_success,
AP3709,T1000001369,2026-03-09,attempt_success,
AP3710,T1000001369,2026-04-08,attempt_success,
AP3711,T1000001369,2026-05-08,attempt_success,
AP3712,T1000001369,2026-06-07,attempt_success,
AP3713,T1000001373,2025-09-19,attempt_success,
AP3714,T1000001373,2025-10-19,attempt_success,
AP3715,T1000001373,2025-11-18,attempt_success,
AP3716,T1000001373,2025-12-18,attempt_success,
AP3717,T1000001373,2026-01-17,attempt_success,
AP3718,T1000001373,2026-02-16,attempt_success,
AP3719,T1000001373,2026-03-18,attempt_success,
AP3720,T1000001373,2026-04-17,attempt_failed,insufficient_funds
AP3721,T1000001373,2026-04-20,attempt_success,
AP3722,T1000001373,2026-05-17,attempt_success,
AP3723,T1000001373,2026-06-16,attempt_success,
AP3724,T1000001379,2025-03-08,attempt_failed,insufficient_funds
AP3725,T1000001379,2025-03-11,attempt_failed,insufficient_funds
AP3726,T1000001379,2026-03-08,attempt_success,
AP3727,T1000001380,2025-02-27,attempt_success,
AP3728,T1000001380,2026-02-27,attempt_success,
AP3729,T1000001384,2025-09-08,attempt_success,
AP3730,T1000001384,2025-10-08,attempt_success,
AP3731,T1000001384,2025-11-07,attempt_success,
AP3732,T1000001384,2025-12-07,attempt_success,
AP3733,T1000001384,2026-01-06,attempt_success,
AP3734,T1000001384,2026-02-05,attempt_success,
AP3735,T1000001384,2026-03-07,attempt_success,
AP3736,T1000001384,2026-04-06,attempt_failed,insufficient_funds
AP3737,T1000001384,2026-04-09,attempt_failed,insufficient_funds
AP3738,T1000001384,2026-05-06,attempt_success,
AP3739,T1000001384,2026-06-05,attempt_success,
AP3740,T1000001386,2025-09-26,attempt_failed,insufficient_funds
AP3741,T1000001386,2025-09-29,attempt_success,
AP3742,T1000001386,2025-10-26,attempt_success,
AP3743,T1000001386,2025-11-25,attempt_success,
AP3744,T1000001386,2025-12-25,attempt_success,
AP3745,T1000001386,2026-01-24,attempt_success,
AP3746,T1000001386,2026-02-23,attempt_success,
AP3747,T1000001386,2026-03-25,attempt_success,
AP3748,T1000001386,2026-04-24,attempt_success,
AP3749,T1000001386,2026-05-24,attempt_success,
AP3750,T1000001386,2026-06-23,attempt_failed,insufficient_funds
AP3751,T1000001386,2026-06-26,attempt_failed,insufficient_funds
AP3752,T1000001387,2025-09-02,attempt_success,
AP3753,T1000001387,2025-12-02,attempt_success,
AP3754,T1000001387,2026-03-03,attempt_success,
AP3755,T1000001387,2026-06-02,attempt_success,
AP3756,T1000001388,2024-11-14,attempt_success,
AP3757,T1000001388,2025-11-14,attempt_success,
AP3758,T1000001393,2025-09-14,attempt_success,
AP3759,T1000001393,2025-10-14,attempt_success,
AP3760,T1000001393,2025-11-13,attempt_success,
AP3761,T1000001393,2025-12-13,attempt_success,
AP3762,T1000001393,2026-01-12,attempt_success,
AP3763,T1000001393,2026-02-11,attempt_success,
AP3764,T1000001393,2026-03-13,attempt_success,
AP3765,T1000001393,2026-04-12,attempt_success,
AP3766,T1000001393,2026-05-12,attempt_failed,bank_declined
AP3767,T1000001393,2026-05-15,attempt_success,
AP3768,T1000001393,2026-06-11,attempt_success,
AP3769,T1000001395,2025-09-03,attempt_success,
AP3770,T1000001395,2025-10-03,attempt_success,
AP3771,T1000001395,2025-11-02,attempt_success,
AP3772,T1000001395,2025-12-02,attempt_success,
AP3773,T1000001395,2026-01-01,attempt_success,
AP3774,T1000001395,2026-01-31,attempt_success,
AP3775,T1000001395,2026-03-02,attempt_success,
AP3776,T1000001395,2026-04-01,attempt_success,
AP3777,T1000001395,2026-05-01,attempt_success,
AP3778,T1000001395,2026-05-31,attempt_failed,card_expired
AP3779,T1000001395,2026-06-03,attempt_failed,card_expired
AP3780,T1000001395,2026-06-30,attempt_success,
AP3781,T1000001397,2025-03-27,attempt_failed,insufficient_funds
AP3782,T1000001397,2025-03-30,attempt_success,
AP3783,T1000001397,2026-03-27,attempt_failed,bank_declined
AP3784,T1000001397,2026-03-30,attempt_failed,bank_declined
AP3785,T1000001399,2025-07-14,attempt_success,
AP3786,T1000001399,2026-01-12,attempt_failed,insufficient_funds
AP3787,T1000001399,2026-01-15,attempt_success,
AP3788,T1000001402,2025-02-05,attempt_failed,insufficient_funds
AP3789,T1000001402,2025-02-08,attempt_success,
AP3790,T1000001402,2026-02-05,attempt_success,
AP3791,T1000001405,2025-08-29,attempt_success,
AP3792,T1000001405,2025-11-28,attempt_success,
AP3793,T1000001405,2026-02-27,attempt_success,
AP3794,T1000001405,2026-05-29,attempt_success,
AP3795,T1000001407,2025-09-03,attempt_success,
AP3796,T1000001407,2025-12-03,attempt_success,
AP3797,T1000001407,2026-03-04,attempt_success,
AP3798,T1000001407,2026-06-03,attempt_success,
AP3799,T1000001413,2025-09-07,attempt_success,
AP3800,T1000001413,2025-10-07,attempt_failed,insufficient_funds
AP3801,T1000001413,2025-10-10,attempt_success,
AP3802,T1000001413,2025-11-06,attempt_success,
AP3803,T1000001413,2025-12-06,attempt_success,
AP3804,T1000001413,2026-01-05,attempt_failed,bank_declined
AP3805,T1000001413,2026-01-08,attempt_success,
AP3806,T1000001413,2026-02-04,attempt_success,
AP3807,T1000001413,2026-03-06,attempt_success,
AP3808,T1000001413,2026-04-05,attempt_success,
AP3809,T1000001413,2026-05-05,attempt_success,
AP3810,T1000001413,2026-06-04,attempt_success,
AP3811,T1000001414,2025-07-21,attempt_success,
AP3812,T1000001414,2025-10-20,attempt_success,
AP3813,T1000001414,2026-01-19,attempt_success,
AP3814,T1000001414,2026-04-20,attempt_success,
AP3815,T1000001415,2025-09-14,attempt_success,
AP3816,T1000001415,2025-10-14,attempt_success,
AP3817,T1000001415,2025-11-13,attempt_success,
AP3818,T1000001415,2025-12-13,attempt_success,
AP3819,T1000001415,2026-01-12,attempt_success,
AP3820,T1000001415,2026-02-11,attempt_success,
AP3821,T1000001415,2026-03-13,attempt_success,
AP3822,T1000001415,2026-04-12,attempt_success,
AP3823,T1000001415,2026-05-12,attempt_failed,insufficient_funds
AP3824,T1000001415,2026-05-15,attempt_success,
AP3825,T1000001415,2026-06-11,attempt_success,
AP3826,T1000001416,2025-09-06,attempt_success,
AP3827,T1000001416,2025-10-06,attempt_success,
AP3828,T1000001416,2025-11-05,attempt_success,
AP3829,T1000001416,2025-12-05,attempt_success,
AP3830,T1000001416,2026-01-04,attempt_success,
AP3831,T1000001416,2026-02-03,attempt_success,
AP3832,T1000001416,2026-03-05,attempt_success,
AP3833,T1000001416,2026-04-04,attempt_success,
AP3834,T1000001416,2026-05-04,attempt_success,
AP3835,T1000001416,2026-06-03,attempt_success,
AP3836,T1000001417,2025-09-05,attempt_success,
AP3837,T1000001417,2025-12-05,attempt_success,
AP3838,T1000001417,2026-03-06,attempt_failed,card_expired
AP3839,T1000001417,2026-03-09,attempt_success,
AP3840,T1000001417,2026-06-05,attempt_success,
AP3841,T1000001418,2025-09-18,attempt_success,
AP3842,T1000001421,2025-08-31,attempt_success,
AP3843,T1000001422,2025-09-26,attempt_success,
AP3844,T1000001422,2025-12-26,attempt_success,
AP3845,T1000001422,2026-03-27,attempt_success,
AP3846,T1000001422,2026-06-26,attempt_success,
AP3847,T1000001425,2025-09-04,attempt_success,
AP3848,T1000001425,2025-12-04,attempt_success,
AP3849,T1000001425,2026-03-05,attempt_success,
AP3850,T1000001425,2026-06-04,attempt_success,
AP3851,T1000001426,2025-07-31,attempt_success,
AP3852,T1000001426,2025-10-30,attempt_success,
AP3853,T1000001426,2026-01-29,attempt_success,
AP3854,T1000001426,2026-04-30,attempt_success,
AP3855,T1000001428,2025-09-21,attempt_success,
AP3856,T1000001428,2025-10-21,attempt_success,
AP3857,T1000001428,2025-11-20,attempt_success,
AP3858,T1000001428,2025-12-20,attempt_success,
AP3859,T1000001428,2026-01-19,attempt_success,
AP3860,T1000001428,2026-02-18,attempt_success,
AP3861,T1000001428,2026-03-20,attempt_success,
AP3862,T1000001428,2026-04-19,attempt_success,
AP3863,T1000001428,2026-05-19,attempt_success,
AP3864,T1000001428,2026-06-18,attempt_success,
AP3865,T1000001429,2024-10-31,attempt_success,
AP3866,T1000001429,2025-10-31,attempt_success,
AP3867,T1000001430,2025-08-17,attempt_failed,insufficient_funds
AP3868,T1000001430,2025-08-20,attempt_success,
AP3869,T1000001430,2026-02-15,attempt_success,
AP3870,T1000001431,2025-08-03,attempt_success,
AP3871,T1000001431,2026-02-01,attempt_success,
AP3872,T1000001433,2025-09-01,attempt_success,
AP3873,T1000001433,2025-10-01,attempt_success,
AP3874,T1000001433,2025-10-31,attempt_failed,bank_declined
AP3875,T1000001433,2025-11-03,attempt_success,
AP3876,T1000001433,2025-11-30,attempt_success,
AP3877,T1000001433,2025-12-30,attempt_success,
AP3878,T1000001433,2026-01-29,attempt_success,
AP3879,T1000001433,2026-02-28,attempt_success,
AP3880,T1000001433,2026-03-30,attempt_failed,insufficient_funds
AP3881,T1000001433,2026-04-02,attempt_success,
AP3882,T1000001433,2026-04-29,attempt_success,
AP3883,T1000001433,2026-05-29,attempt_success,
AP3884,T1000001433,2026-06-28,attempt_success,
AP3885,T1000001435,2025-09-11,attempt_success,
AP3886,T1000001435,2025-12-11,attempt_success,
AP3887,T1000001435,2026-03-12,attempt_success,
AP3888,T1000001435,2026-06-11,attempt_success,
AP3889,T1000001437,2025-09-08,attempt_success,
AP3890,T1000001437,2025-10-08,attempt_failed,insufficient_funds
AP3891,T1000001437,2025-10-11,attempt_success,
AP3892,T1000001437,2025-11-07,attempt_success,
AP3893,T1000001437,2025-12-07,attempt_success,
AP3894,T1000001437,2026-01-06,attempt_success,
AP3895,T1000001437,2026-02-05,attempt_failed,insufficient_funds
AP3896,T1000001437,2026-02-08,attempt_failed,insufficient_funds
AP3897,T1000001437,2026-03-07,attempt_success,
AP3898,T1000001437,2026-04-06,attempt_success,
AP3899,T1000001437,2026-05-06,attempt_success,
AP3900,T1000001437,2026-06-05,attempt_success,
AP3901,T1000001438,2024-12-15,attempt_success,
AP3902,T1000001438,2025-12-15,attempt_success,
AP3903,T1000001441,2025-07-16,attempt_success,
AP3904,T1000001441,2026-01-14,attempt_success,
AP3905,T1000001448,2025-09-21,attempt_success,
AP3906,T1000001448,2025-10-21,attempt_failed,insufficient_funds
AP3907,T1000001448,2025-10-24,attempt_success,
AP3908,T1000001448,2025-11-20,attempt_success,
AP3909,T1000001448,2025-12-20,attempt_success,
AP3910,T1000001448,2026-01-19,attempt_failed,insufficient_funds
AP3911,T1000001448,2026-01-22,attempt_failed,insufficient_funds
AP3912,T1000001448,2026-02-18,attempt_success,
AP3913,T1000001448,2026-03-20,attempt_success,
AP3914,T1000001448,2026-04-19,attempt_success,
AP3915,T1000001448,2026-05-19,attempt_success,
AP3916,T1000001448,2026-06-18,attempt_success,
AP3917,T1000001450,2025-09-01,attempt_success,
AP3918,T1000001450,2025-10-01,attempt_success,
AP3919,T1000001450,2025-10-31,attempt_success,
AP3920,T1000001450,2025-11-30,attempt_success,
AP3921,T1000001450,2025-12-30,attempt_failed,insufficient_funds
AP3922,T1000001450,2026-01-02,attempt_success,
AP3923,T1000001450,2026-01-29,attempt_success,
AP3924,T1000001450,2026-02-28,attempt_success,
AP3925,T1000001450,2026-03-30,attempt_success,
AP3926,T1000001450,2026-04-29,attempt_success,
AP3927,T1000001450,2026-05-29,attempt_success,
AP3928,T1000001450,2026-06-28,attempt_failed,insufficient_funds
AP3929,T1000001450,2026-07-01,attempt_failed,insufficient_funds
AP3930,T1000001452,2025-08-16,attempt_success,
AP3931,T1000001452,2025-11-15,attempt_success,
AP3932,T1000001452,2026-02-14,attempt_success,
AP3933,T1000001452,2026-05-16,attempt_success,
AP3934,T1000001454,2025-09-24,attempt_failed,insufficient_funds
AP3935,T1000001454,2025-09-27,attempt_success,
AP3936,T1000001454,2025-10-24,attempt_success,
AP3937,T1000001454,2025-11-23,attempt_success,
AP3938,T1000001454,2025-12-23,attempt_success,
AP3939,T1000001454,2026-01-22,attempt_success,
AP3940,T1000001454,2026-02-21,attempt_success,
AP3941,T1000001454,2026-03-23,attempt_success,
AP3942,T1000001454,2026-04-22,attempt_success,
AP3943,T1000001454,2026-05-22,attempt_success,
AP3944,T1000001454,2026-06-21,attempt_success,
AP3945,T1000001456,2025-09-10,attempt_success,
AP3946,T1000001456,2025-10-10,attempt_success,
AP3947,T1000001456,2025-11-09,attempt_success,
AP3948,T1000001456,2025-12-09,attempt_success,
AP3949,T1000001456,2026-01-08,attempt_success,
AP3950,T1000001456,2026-02-07,attempt_success,
AP3951,T1000001456,2026-03-09,attempt_success,
AP3952,T1000001456,2026-04-08,attempt_success,
AP3953,T1000001456,2026-05-08,attempt_success,
AP3954,T1000001456,2026-06-07,attempt_success,
AP3955,T1000001457,2025-09-20,attempt_success,
AP3956,T1000001457,2026-03-21,attempt_success,
AP3957,T1000001459,2025-09-28,attempt_success,
AP3958,T1000001459,2026-03-29,attempt_success,
AP3959,T1000001460,2025-11-10,attempt_success,
AP3960,T1000001460,2025-12-10,attempt_success,
AP3961,T1000001460,2026-01-09,attempt_success,
AP3962,T1000001460,2026-02-08,attempt_success,
AP3963,T1000001460,2026-03-10,attempt_success,
AP3964,T1000001460,2026-04-09,attempt_success,
AP3965,T1000001460,2026-05-09,attempt_failed,insufficient_funds
AP3966,T1000001460,2026-05-12,attempt_success,
AP3967,T1000001460,2026-06-08,attempt_success,
AP3968,T1000001461,2025-07-17,attempt_success,
AP3969,T1000001461,2025-10-16,attempt_success,
AP3970,T1000001461,2026-01-15,attempt_success,
AP3971,T1000001461,2026-04-16,attempt_success,
AP3972,T1000001462,2025-09-11,attempt_success,
AP3973,T1000001462,2025-10-11,attempt_success,
AP3974,T1000001462,2025-11-10,attempt_success,
AP3975,T1000001462,2025-12-10,attempt_success,
AP3976,T1000001462,2026-01-09,attempt_success,
AP3977,T1000001462,2026-02-08,attempt_success,
AP3978,T1000001462,2026-03-10,attempt_success,
AP3979,T1000001462,2026-04-09,attempt_success,
AP3980,T1000001462,2026-05-09,attempt_failed,insufficient_funds
AP3981,T1000001462,2026-05-12,attempt_failed,insufficient_funds
AP3982,T1000001462,2026-06-08,attempt_success,
AP3983,T1000001463,2025-08-11,attempt_failed,bank_declined
AP3984,T1000001463,2025-08-14,attempt_success,
AP3985,T1000001463,2026-02-09,attempt_failed,insufficient_funds
AP3986,T1000001463,2026-02-12,attempt_success,
AP3987,T1000001464,2025-06-30,attempt_success,
AP3988,T1000001464,2026-06-30,attempt_success,
AP3989,T1000001465,2025-08-31,attempt_success,
AP3990,T1000001465,2025-09-30,attempt_success,
AP3991,T1000001465,2025-10-30,attempt_success,
AP3992,T1000001465,2025-11-29,attempt_success,
AP3993,T1000001465,2025-12-29,attempt_success,
AP3994,T1000001465,2026-01-28,attempt_success,
AP3995,T1000001465,2026-02-27,attempt_failed,insufficient_funds
AP3996,T1000001465,2026-03-02,attempt_success,
AP3997,T1000001465,2026-03-29,attempt_failed,insufficient_funds
AP3998,T1000001465,2026-04-01,attempt_success,
AP3999,T1000001465,2026-04-28,attempt_success,
AP4000,T1000001465,2026-05-28,attempt_failed,insufficient_funds
AP4001,T1000001465,2026-05-31,attempt_failed,insufficient_funds
AP4002,T1000001465,2026-06-27,attempt_success,
AP4003,T1000001467,2025-04-05,attempt_success,
AP4004,T1000001467,2026-04-05,attempt_success,
AP4005,T1000001469,2025-03-21,attempt_success,
AP4006,T1000001469,2026-03-21,attempt_failed,card_expired
AP4007,T1000001469,2026-03-24,attempt_success,
AP4008,T1000001474,2025-09-13,attempt_failed,bank_declined
AP4009,T1000001474,2025-09-16,attempt_failed,bank_declined
AP4010,T1000001474,2025-12-13,attempt_success,
AP4011,T1000001474,2026-03-14,attempt_success,
AP4012,T1000001474,2026-06-13,attempt_success,
AP4013,T1000001475,2025-04-25,attempt_success,
AP4014,T1000001475,2026-04-25,attempt_success,
AP4015,T1000001477,2025-09-19,attempt_success,
AP4016,T1000001478,2025-09-29,attempt_failed,bank_declined
AP4017,T1000001478,2025-10-02,attempt_success,
AP4018,T1000001478,2025-10-29,attempt_success,
AP4019,T1000001478,2025-11-28,attempt_success,
AP4020,T1000001478,2025-12-28,attempt_success,
AP4021,T1000001478,2026-01-27,attempt_success,
AP4022,T1000001478,2026-02-26,attempt_success,
AP4023,T1000001478,2026-03-28,attempt_failed,bank_declined
AP4024,T1000001478,2026-03-31,attempt_failed,bank_declined
AP4025,T1000001478,2026-04-27,attempt_success,
AP4026,T1000001478,2026-05-27,attempt_success,
AP4027,T1000001478,2026-06-26,attempt_success,
AP4028,T1000001479,2025-04-17,attempt_success,
AP4029,T1000001479,2026-04-17,attempt_success,
AP4030,T1000001480,2025-01-21,attempt_success,
AP4031,T1000001480,2026-01-21,attempt_success,
AP4032,T1000001483,2025-09-17,attempt_success,
AP4033,T1000001483,2025-10-17,attempt_success,
AP4034,T1000001483,2025-11-16,attempt_success,
AP4035,T1000001483,2025-12-16,attempt_success,
AP4036,T1000001483,2026-01-15,attempt_success,
AP4037,T1000001483,2026-02-14,attempt_success,
AP4038,T1000001483,2026-03-16,attempt_success,
AP4039,T1000001483,2026-04-15,attempt_success,
AP4040,T1000001483,2026-05-15,attempt_success,
AP4041,T1000001483,2026-06-14,attempt_success,
AP4042,T1000001484,2025-09-09,attempt_success,
AP4043,T1000001484,2025-10-09,attempt_failed,insufficient_funds
AP4044,T1000001484,2025-10-12,attempt_failed,insufficient_funds
AP4045,T1000001484,2025-11-08,attempt_success,
AP4046,T1000001484,2025-12-08,attempt_success,
AP4047,T1000001484,2026-01-07,attempt_success,
AP4048,T1000001484,2026-02-06,attempt_success,
AP4049,T1000001484,2026-03-08,attempt_success,
AP4050,T1000001484,2026-04-07,attempt_success,
AP4051,T1000001484,2026-05-07,attempt_success,
AP4052,T1000001484,2026-06-06,attempt_success,
AP4053,T1000001485,2025-09-25,attempt_success,
AP4054,T1000001485,2025-10-25,attempt_success,
AP4055,T1000001485,2025-11-24,attempt_success,
AP4056,T1000001485,2025-12-24,attempt_success,
AP4057,T1000001485,2026-01-23,attempt_success,
AP4058,T1000001485,2026-02-22,attempt_success,
AP4059,T1000001485,2026-03-24,attempt_success,
AP4060,T1000001485,2026-04-23,attempt_success,
AP4061,T1000001485,2026-05-23,attempt_success,
AP4062,T1000001485,2026-06-22,attempt_success,
AP4063,T1000001487,2025-06-25,attempt_success,
AP4064,T1000001487,2026-06-25,attempt_success,
AP4065,T1000001492,2025-05-15,attempt_success,
AP4066,T1000001492,2026-05-15,attempt_success,
AP4067,T1000001494,2025-07-11,attempt_failed,card_expired
AP4068,T1000001494,2025-07-14,attempt_success,
AP4069,T1000001494,2026-01-09,attempt_success,
AP4070,T1000001500,2025-07-26,attempt_success,
AP4071,T1000001500,2025-10-25,attempt_success,
AP4072,T1000001500,2026-01-24,attempt_success,
AP4073,T1000001500,2026-04-25,attempt_success,
AP4074,T1000001502,2025-09-25,attempt_success,
AP4075,T1000001502,2025-10-25,attempt_success,
AP4076,T1000001502,2025-11-24,attempt_success,
AP4077,T1000001502,2025-12-24,attempt_success,
AP4078,T1000001502,2026-01-23,attempt_success,
AP4079,T1000001502,2026-02-22,attempt_success,
AP4080,T1000001502,2026-03-24,attempt_success,
AP4081,T1000001502,2026-04-23,attempt_success,
AP4082,T1000001502,2026-05-23,attempt_success,
AP4083,T1000001502,2026-06-22,attempt_success,
AP4084,T1000001505,2025-06-08,attempt_success,
AP4085,T1000001505,2025-12-07,attempt_success,
AP4086,T1000001505,2026-06-07,attempt_success,
AP4087,T1000001507,2025-09-18,attempt_success,
AP4088,T1000001507,2025-10-18,attempt_success,
AP4089,T1000001507,2025-11-17,attempt_success,
AP4090,T1000001507,2025-12-17,attempt_success,
AP4091,T1000001507,2026-01-16,attempt_success,
AP4092,T1000001507,2026-02-15,attempt_success,
AP4093,T1000001507,2026-03-17,attempt_success,
AP4094,T1000001507,2026-04-16,attempt_success,
AP4095,T1000001507,2026-05-16,attempt_success,
AP4096,T1000001507,2026-06-15,attempt_success,
AP4097,T1000001512,2025-09-10,attempt_success,
AP4098,T1000001512,2025-10-10,attempt_success,
AP4099,T1000001512,2025-11-09,attempt_success,
AP4100,T1000001512,2025-12-09,attempt_failed,card_expired
AP4101,T1000001512,2025-12-12,attempt_success,
AP4102,T1000001512,2026-01-08,attempt_success,
AP4103,T1000001512,2026-02-07,attempt_success,
AP4104,T1000001512,2026-03-09,attempt_success,
AP4105,T1000001512,2026-04-08,attempt_success,
AP4106,T1000001512,2026-05-08,attempt_success,
AP4107,T1000001512,2026-06-07,attempt_success,
AP4108,T1000001514,2025-06-10,attempt_success,
AP4109,T1000001514,2025-12-09,attempt_success,
AP4110,T1000001514,2026-06-09,attempt_success,
AP4111,T1000001515,2025-09-23,attempt_success,
AP4112,T1000001515,2025-10-23,attempt_failed,insufficient_funds
AP4113,T1000001515,2025-10-26,attempt_success,
AP4114,T1000001515,2025-11-22,attempt_success,
AP4115,T1000001515,2025-12-22,attempt_success,
AP4116,T1000001515,2026-01-21,attempt_success,
AP4117,T1000001515,2026-02-20,attempt_success,
AP4118,T1000001515,2026-03-22,attempt_success,
AP4119,T1000001515,2026-04-21,attempt_success,
AP4120,T1000001515,2026-05-21,attempt_success,
AP4121,T1000001515,2026-06-20,attempt_success,
AP4122,T1000001517,2025-05-30,attempt_success,
AP4123,T1000001517,2025-11-28,attempt_success,
AP4124,T1000001517,2026-05-29,attempt_success,
AP4125,T1000001522,2025-09-22,attempt_success,
AP4126,T1000001522,2025-10-22,attempt_failed,insufficient_funds
AP4127,T1000001522,2025-10-25,attempt_failed,insufficient_funds
AP4128,T1000001522,2025-11-21,attempt_failed,insufficient_funds
AP4129,T1000001522,2025-11-24,attempt_success,
AP4130,T1000001522,2025-12-21,attempt_success,
AP4131,T1000001522,2026-01-20,attempt_success,
AP4132,T1000001522,2026-02-19,attempt_success,
AP4133,T1000001522,2026-03-21,attempt_success,
AP4134,T1000001522,2026-04-20,attempt_success,
AP4135,T1000001522,2026-05-20,attempt_success,
AP4136,T1000001522,2026-06-19,attempt_success,
AP4137,T1000001526,2025-06-13,attempt_success,
AP4138,T1000001526,2025-12-12,attempt_success,
AP4139,T1000001526,2026-06-12,attempt_success,
AP4140,T1000001527,2025-09-29,attempt_success,
AP4141,T1000001527,2025-10-29,attempt_success,
AP4142,T1000001527,2025-11-28,attempt_success,
AP4143,T1000001527,2025-12-28,attempt_success,
AP4144,T1000001527,2026-01-27,attempt_failed,insufficient_funds
AP4145,T1000001527,2026-01-30,attempt_failed,insufficient_funds
AP4146,T1000001527,2026-02-26,attempt_success,
AP4147,T1000001527,2026-03-28,attempt_success,
AP4148,T1000001527,2026-04-27,attempt_success,
AP4149,T1000001527,2026-05-27,attempt_success,
AP4150,T1000001527,2026-06-26,attempt_success,
AP4151,T1000001529,2025-04-12,attempt_success,
AP4152,T1000001529,2026-04-12,attempt_success,
AP4153,T1000001530,2025-09-23,attempt_success,
AP4154,T1000001530,2025-10-23,attempt_success,
AP4155,T1000001530,2025-11-22,attempt_success,
AP4156,T1000001530,2025-12-22,attempt_failed,insufficient_funds
AP4157,T1000001530,2025-12-25,attempt_success,
AP4158,T1000001530,2026-01-21,attempt_success,
AP4159,T1000001530,2026-02-20,attempt_success,
AP4160,T1000001530,2026-03-22,attempt_failed,bank_declined
AP4161,T1000001530,2026-03-25,attempt_failed,bank_declined
AP4162,T1000001530,2026-04-21,attempt_failed,insufficient_funds
AP4163,T1000001530,2026-04-24,attempt_failed,insufficient_funds
AP4164,T1000001530,2026-05-21,attempt_success,
AP4165,T1000001530,2026-06-20,attempt_success,
AP4166,T1000001535,2025-09-21,attempt_failed,card_expired
AP4167,T1000001535,2025-09-24,attempt_failed,card_expired
AP4168,T1000001535,2025-10-21,attempt_success,
AP4169,T1000001535,2025-11-20,attempt_success,
AP4170,T1000001535,2025-12-20,attempt_failed,bank_declined
AP4171,T1000001535,2025-12-23,attempt_success,
AP4172,T1000001535,2026-01-19,attempt_success,
AP4173,T1000001535,2026-02-18,attempt_success,
AP4174,T1000001535,2026-03-20,attempt_success,
AP4175,T1000001535,2026-04-19,attempt_success,
AP4176,T1000001535,2026-05-19,attempt_success,
AP4177,T1000001535,2026-06-18,attempt_success,
AP4178,T1000001539,2025-11-26,attempt_success,
AP4179,T1000001539,2026-05-27,attempt_success,
AP4180,T1000001545,2025-09-22,attempt_success,
AP4181,T1000001545,2025-10-22,attempt_success,
AP4182,T1000001545,2025-11-21,attempt_success,
AP4183,T1000001545,2025-12-21,attempt_success,
AP4184,T1000001545,2026-01-20,attempt_success,
AP4185,T1000001545,2026-02-19,attempt_success,
AP4186,T1000001545,2026-03-21,attempt_success,
AP4187,T1000001545,2026-04-20,attempt_success,
AP4188,T1000001545,2026-05-20,attempt_success,
AP4189,T1000001545,2026-06-19,attempt_success,
AP4190,T1000001549,2025-09-03,attempt_failed,insufficient_funds
AP4191,T1000001549,2025-09-06,attempt_success,
AP4192,T1000001549,2026-03-04,attempt_success,
AP4193,T1000001550,2025-09-08,attempt_success,
AP4194,T1000001550,2025-10-08,attempt_success,
AP4195,T1000001550,2025-11-07,attempt_success,
AP4196,T1000001550,2025-12-07,attempt_success,
AP4197,T1000001550,2026-01-06,attempt_success,
AP4198,T1000001550,2026-02-05,attempt_success,
AP4199,T1000001550,2026-03-07,attempt_failed,bank_declined
AP4200,T1000001550,2026-03-10,attempt_failed,bank_declined
AP4201,T1000001550,2026-04-06,attempt_success,
AP4202,T1000001550,2026-05-06,attempt_success,
AP4203,T1000001550,2026-06-05,attempt_success,
AP4204,T1000001553,2025-09-29,attempt_success,
AP4205,T1000001553,2025-10-29,attempt_success,
AP4206,T1000001553,2025-11-28,attempt_success,
AP4207,T1000001553,2025-12-28,attempt_success,
AP4208,T1000001553,2026-01-27,attempt_success,
AP4209,T1000001553,2026-02-26,attempt_success,
AP4210,T1000001553,2026-03-28,attempt_success,
AP4211,T1000001553,2026-04-27,attempt_success,
AP4212,T1000001553,2026-05-27,attempt_success,
AP4213,T1000001553,2026-06-26,attempt_success,
AP4214,T1000001556,2024-11-01,attempt_success,
AP4215,T1000001556,2025-11-01,attempt_success,
AP4216,T1000001562,2025-09-09,attempt_success,
AP4217,T1000001562,2025-10-09,attempt_success,
AP4218,T1000001562,2025-11-08,attempt_success,
AP4219,T1000001562,2025-12-08,attempt_success,
AP4220,T1000001562,2026-01-07,attempt_success,
AP4221,T1000001562,2026-02-06,attempt_success,
AP4222,T1000001562,2026-03-08,attempt_success,
AP4223,T1000001562,2026-04-07,attempt_success,
AP4224,T1000001562,2026-05-07,attempt_success,
AP4225,T1000001562,2026-06-06,attempt_failed,bank_declined
AP4226,T1000001562,2026-06-09,attempt_success,
AP4227,T1000001564,2025-09-05,attempt_success,
AP4228,T1000001564,2025-12-05,attempt_success,
AP4229,T1000001564,2026-03-06,attempt_success,
AP4230,T1000001564,2026-06-05,attempt_success,
AP4231,T1000001566,2025-04-04,attempt_success,
AP4232,T1000001566,2026-04-04,attempt_success,
AP4233,T1000001568,2025-03-31,attempt_success,
AP4234,T1000001568,2026-03-31,attempt_success,
AP4235,T1000001569,2025-06-17,attempt_success,
AP4236,T1000001569,2025-12-16,attempt_success,
AP4237,T1000001569,2026-06-16,attempt_success,
AP4238,T1000001570,2025-09-17,attempt_success,
AP4239,T1000001570,2025-10-17,attempt_success,
AP4240,T1000001570,2025-11-16,attempt_failed,insufficient_funds
AP4241,T1000001570,2025-11-19,attempt_success,
AP4242,T1000001570,2025-12-16,attempt_success,
AP4243,T1000001570,2026-01-15,attempt_failed,insufficient_funds
AP4244,T1000001570,2026-01-18,attempt_success,
AP4245,T1000001570,2026-02-14,attempt_success,
AP4246,T1000001570,2026-03-16,attempt_success,
AP4247,T1000001570,2026-04-15,attempt_success,
AP4248,T1000001570,2026-05-15,attempt_success,
AP4249,T1000001570,2026-06-14,attempt_success,
AP4250,T1000001572,2025-01-15,attempt_success,
AP4251,T1000001572,2026-01-15,attempt_success,
AP4252,T1000001573,2025-09-16,attempt_success,
AP4253,T1000001573,2025-10-16,attempt_success,
AP4254,T1000001573,2025-11-15,attempt_success,
AP4255,T1000001573,2025-12-15,attempt_success,
AP4256,T1000001573,2026-01-14,attempt_success,
AP4257,T1000001573,2026-02-13,attempt_success,
AP4258,T1000001573,2026-03-15,attempt_success,
AP4259,T1000001573,2026-04-14,attempt_failed,insufficient_funds
AP4260,T1000001573,2026-04-17,attempt_failed,insufficient_funds
AP4261,T1000001573,2026-05-14,attempt_success,
AP4262,T1000001573,2026-06-13,attempt_success,
AP4263,T1000001577,2025-09-26,attempt_success,
AP4264,T1000001577,2025-10-26,attempt_success,
AP4265,T1000001577,2025-11-25,attempt_success,
AP4266,T1000001577,2025-12-25,attempt_success,
AP4267,T1000001577,2026-01-24,attempt_success,
AP4268,T1000001577,2026-02-23,attempt_success,
AP4269,T1000001577,2026-03-25,attempt_success,
AP4270,T1000001577,2026-04-24,attempt_success,
AP4271,T1000001577,2026-05-24,attempt_success,
AP4272,T1000001577,2026-06-23,attempt_success,
AP4273,T1000001578,2025-09-13,attempt_success,
AP4274,T1000001578,2025-10-13,attempt_success,
AP4275,T1000001578,2025-11-12,attempt_success,
AP4276,T1000001578,2025-12-12,attempt_success,
AP4277,T1000001578,2026-01-11,attempt_success,
AP4278,T1000001578,2026-02-10,attempt_success,
AP4279,T1000001578,2026-03-12,attempt_success,
AP4280,T1000001578,2026-04-11,attempt_success,
AP4281,T1000001578,2026-05-11,attempt_success,
AP4282,T1000001578,2026-06-10,attempt_success,
AP4283,T1000001580,2025-07-12,attempt_success,
AP4284,T1000001580,2025-10-11,attempt_success,
AP4285,T1000001580,2026-01-10,attempt_success,
AP4286,T1000001580,2026-04-11,attempt_success,
AP4287,T1000001588,2025-07-16,attempt_success,
AP4288,T1000001588,2025-10-15,attempt_failed,bank_declined
AP4289,T1000001588,2025-10-18,attempt_failed,bank_declined
AP4290,T1000001588,2026-01-14,attempt_success,
AP4291,T1000001588,2026-04-15,attempt_success,
AP4292,T1000001589,2025-12-04,attempt_failed,bank_declined
AP4293,T1000001589,2025-12-07,attempt_success,
AP4294,T1000001590,2025-09-25,attempt_success,
AP4295,T1000001590,2025-12-25,attempt_success,
AP4296,T1000001590,2026-03-26,attempt_success,
AP4297,T1000001590,2026-06-25,attempt_success,
AP4298,T1000001591,2025-09-19,attempt_success,
AP4299,T1000001591,2025-10-19,attempt_success,
AP4300,T1000001591,2025-11-18,attempt_success,
AP4301,T1000001591,2025-12-18,attempt_success,
AP4302,T1000001591,2026-01-17,attempt_success,
AP4303,T1000001591,2026-02-16,attempt_success,
AP4304,T1000001591,2026-03-18,attempt_success,
AP4305,T1000001591,2026-04-17,attempt_failed,bank_declined
AP4306,T1000001591,2026-04-20,attempt_success,
AP4307,T1000001591,2026-05-17,attempt_success,
AP4308,T1000001591,2026-06-16,attempt_success,
AP4309,T1000001596,2025-05-10,attempt_success,
AP4310,T1000001596,2025-11-08,attempt_success,
AP4311,T1000001596,2026-05-09,attempt_success,
AP4312,T1000001599,2025-09-10,attempt_success,
AP4313,T1000001603,2025-09-11,attempt_failed,insufficient_funds
AP4314,T1000001603,2025-09-14,attempt_success,
AP4315,T1000001603,2025-10-11,attempt_success,
AP4316,T1000001603,2025-11-10,attempt_success,
AP4317,T1000001603,2025-12-10,attempt_failed,insufficient_funds
AP4318,T1000001603,2025-12-13,attempt_success,
AP4319,T1000001603,2026-01-09,attempt_success,
AP4320,T1000001603,2026-02-08,attempt_success,
AP4321,T1000001603,2026-03-10,attempt_failed,card_expired
AP4322,T1000001603,2026-03-13,attempt_success,
AP4323,T1000001603,2026-04-09,attempt_success,
AP4324,T1000001603,2026-05-09,attempt_success,
AP4325,T1000001603,2026-06-08,attempt_success,
AP4326,T1000001608,2025-10-13,attempt_success,
AP4327,T1000001608,2025-11-12,attempt_success,
AP4328,T1000001608,2025-12-12,attempt_success,
AP4329,T1000001608,2026-01-11,attempt_success,
AP4330,T1000001608,2026-02-10,attempt_failed,card_expired
AP4331,T1000001608,2026-02-13,attempt_success,
AP4332,T1000001608,2026-03-12,attempt_success,
AP4333,T1000001608,2026-04-11,attempt_success,
AP4334,T1000001608,2026-05-11,attempt_success,
AP4335,T1000001608,2026-06-10,attempt_failed,card_expired
AP4336,T1000001608,2026-06-13,attempt_failed,card_expired
AP4337,T1000001609,2025-04-16,attempt_success,
AP4338,T1000001609,2026-04-16,attempt_success,
AP4339,T1000001610,2025-05-08,attempt_success,
AP4340,T1000001610,2025-11-06,attempt_success,
AP4341,T1000001610,2026-05-07,attempt_failed,insufficient_funds
AP4342,T1000001610,2026-05-10,attempt_failed,insufficient_funds
AP4343,T1000001613,2025-09-26,attempt_success,
AP4344,T1000001613,2025-10-26,attempt_success,
AP4345,T1000001613,2025-11-25,attempt_success,
AP4346,T1000001613,2025-12-25,attempt_success,
AP4347,T1000001613,2026-01-24,attempt_success,
AP4348,T1000001613,2026-02-23,attempt_success,
AP4349,T1000001613,2026-03-25,attempt_success,
AP4350,T1000001613,2026-04-24,attempt_success,
AP4351,T1000001613,2026-05-24,attempt_success,
AP4352,T1000001613,2026-06-23,attempt_success,
AP4353,T1000001616,2024-11-18,attempt_success,
AP4354,T1000001616,2025-11-18,attempt_success,
AP4355,T1000001619,2025-09-11,attempt_failed,insufficient_funds
AP4356,T1000001619,2025-09-14,attempt_success,
AP4357,T1000001621,2025-09-18,attempt_success,
AP4358,T1000001621,2025-10-18,attempt_success,
AP4359,T1000001621,2025-11-17,attempt_success,
AP4360,T1000001621,2025-12-17,attempt_success,
AP4361,T1000001621,2026-01-16,attempt_success,
AP4362,T1000001621,2026-02-15,attempt_success,
AP4363,T1000001621,2026-03-17,attempt_success,
AP4364,T1000001621,2026-04-16,attempt_success,
AP4365,T1000001621,2026-05-16,attempt_success,
AP4366,T1000001621,2026-06-15,attempt_failed,insufficient_funds
AP4367,T1000001621,2026-06-18,attempt_success,
AP4368,T1000001623,2024-10-08,attempt_success,
AP4369,T1000001623,2025-10-08,attempt_success,
AP4370,T1000001624,2025-09-14,attempt_failed,card_expired
AP4371,T1000001624,2025-09-17,attempt_success,
AP4372,T1000001624,2025-10-14,attempt_success,
AP4373,T1000001624,2025-11-13,attempt_success,
AP4374,T1000001624,2025-12-13,attempt_success,
AP4375,T1000001624,2026-01-12,attempt_success,
AP4376,T1000001624,2026-02-11,attempt_success,
AP4377,T1000001624,2026-03-13,attempt_success,
AP4378,T1000001624,2026-04-12,attempt_success,
AP4379,T1000001624,2026-05-12,attempt_success,
AP4380,T1000001624,2026-06-11,attempt_success,
AP4381,T1000001627,2025-08-03,attempt_success,
AP4382,T1000001627,2026-02-01,attempt_success,
AP4383,T1000001630,2025-07-06,attempt_success,
AP4384,T1000001630,2026-01-04,attempt_success,
AP4385,T1000001639,2025-09-15,attempt_failed,insufficient_funds
AP4386,T1000001639,2025-09-18,attempt_success,
AP4387,T1000001639,2025-10-15,attempt_success,
AP4388,T1000001639,2025-11-14,attempt_success,
AP4389,T1000001639,2025-12-14,attempt_success,
AP4390,T1000001639,2026-01-13,attempt_success,
AP4391,T1000001639,2026-02-12,attempt_success,
AP4392,T1000001639,2026-03-14,attempt_success,
AP4393,T1000001639,2026-04-13,attempt_success,
AP4394,T1000001639,2026-05-13,attempt_failed,card_expired
AP4395,T1000001639,2026-05-16,attempt_success,
AP4396,T1000001639,2026-06-12,attempt_success,
AP4397,T1000001641,2024-12-19,attempt_success,
AP4398,T1000001641,2025-12-19,attempt_success,
AP4399,T1000001646,2025-09-21,attempt_success,
AP4400,T1000001646,2025-12-21,attempt_success,
AP4401,T1000001646,2026-03-22,attempt_success,
AP4402,T1000001646,2026-06-21,attempt_success,
AP4403,T1000001652,2025-09-27,attempt_success,
AP4404,T1000001652,2025-10-27,attempt_success,
AP4405,T1000001652,2025-11-26,attempt_success,
AP4406,T1000001652,2025-12-26,attempt_success,
AP4407,T1000001652,2026-01-25,attempt_success,
AP4408,T1000001652,2026-02-24,attempt_success,
AP4409,T1000001652,2026-03-26,attempt_success,
AP4410,T1000001652,2026-04-25,attempt_success,
AP4411,T1000001652,2026-05-25,attempt_success,
AP4412,T1000001652,2026-06-24,attempt_success,
AP4413,T1000001654,2025-07-29,attempt_success,
AP4414,T1000001654,2025-10-28,attempt_success,
AP4415,T1000001654,2026-01-27,attempt_success,
AP4416,T1000001654,2026-04-28,attempt_success,
AP4417,T1000001656,2025-09-04,attempt_success,
AP4418,T1000001656,2025-10-04,attempt_success,
AP4419,T1000001656,2025-11-03,attempt_success,
AP4420,T1000001656,2025-12-03,attempt_success,
AP4421,T1000001656,2026-01-02,attempt_success,
AP4422,T1000001656,2026-02-01,attempt_success,
AP4423,T1000001656,2026-03-03,attempt_success,
AP4424,T1000001656,2026-04-02,attempt_success,
AP4425,T1000001656,2026-05-02,attempt_success,
AP4426,T1000001656,2026-06-01,attempt_success,
AP4427,T1000001660,2025-08-08,attempt_success,
AP4428,T1000001660,2025-11-07,attempt_failed,bank_declined
AP4429,T1000001660,2025-11-10,attempt_success,
AP4430,T1000001660,2026-02-06,attempt_success,
AP4431,T1000001660,2026-05-08,attempt_success,
AP4432,T1000001664,2025-08-04,attempt_success,
AP4433,T1000001664,2026-02-02,attempt_success,
AP4434,T1000001665,2025-09-21,attempt_success,
AP4435,T1000001665,2025-12-21,attempt_success,
AP4436,T1000001665,2026-03-22,attempt_success,
AP4437,T1000001665,2026-06-21,attempt_success,
AP4438,T1000001666,2025-07-03,attempt_success,
AP4439,T1000001666,2025-10-02,attempt_success,
AP4440,T1000001666,2026-01-01,attempt_success,
AP4441,T1000001666,2026-04-02,attempt_success,
AP4442,T1000001668,2025-06-06,attempt_success,
AP4443,T1000001668,2026-06-06,attempt_success,
AP4444,T1000001670,2025-09-11,attempt_success,
AP4445,T1000001670,2025-10-11,attempt_success,
AP4446,T1000001670,2025-11-10,attempt_success,
AP4447,T1000001670,2025-12-10,attempt_success,
AP4448,T1000001670,2026-01-09,attempt_success,
AP4449,T1000001670,2026-02-08,attempt_failed,insufficient_funds
AP4450,T1000001670,2026-02-11,attempt_success,
AP4451,T1000001670,2026-03-10,attempt_success,
AP4452,T1000001670,2026-04-09,attempt_success,
AP4453,T1000001670,2026-05-09,attempt_success,
AP4454,T1000001670,2026-06-08,attempt_success,
AP4455,T1000001673,2025-07-24,attempt_success,
AP4456,T1000001673,2025-10-23,attempt_success,
AP4457,T1000001673,2026-01-22,attempt_success,
AP4458,T1000001673,2026-04-23,attempt_success,
AP4459,T1000001674,2025-09-09,attempt_success,
AP4460,T1000001674,2025-12-09,attempt_success,
AP4461,T1000001674,2026-03-10,attempt_success,
AP4462,T1000001674,2026-06-09,attempt_success,
AP4463,T1000001675,2025-07-30,attempt_success,
AP4464,T1000001675,2025-10-29,attempt_success,
AP4465,T1000001675,2026-01-28,attempt_success,
AP4466,T1000001675,2026-04-29,attempt_success,
AP4467,T1000001677,2025-07-20,attempt_success,
AP4468,T1000001678,2025-09-28,attempt_failed,insufficient_funds
AP4469,T1000001678,2025-10-01,attempt_failed,insufficient_funds
AP4470,T1000001678,2025-12-28,attempt_failed,bank_declined
AP4471,T1000001678,2025-12-31,attempt_success,
AP4472,T1000001678,2026-03-29,attempt_success,
AP4473,T1000001678,2026-06-28,attempt_success,
AP4474,T1000001685,2025-09-28,attempt_success,
AP4475,T1000001685,2025-10-28,attempt_success,
AP4476,T1000001685,2025-11-27,attempt_success,
AP4477,T1000001685,2025-12-27,attempt_success,
AP4478,T1000001685,2026-01-26,attempt_success,
AP4479,T1000001685,2026-02-25,attempt_failed,card_expired
AP4480,T1000001685,2026-02-28,attempt_failed,card_expired
AP4481,T1000001685,2026-03-27,attempt_success,
AP4482,T1000001685,2026-04-26,attempt_success,
AP4483,T1000001685,2026-05-26,attempt_success,
AP4484,T1000001685,2026-06-25,attempt_success,
AP4485,T1000001686,2025-07-04,attempt_success,
AP4486,T1000001686,2026-01-02,attempt_success,
AP4487,T1000001691,2025-09-04,attempt_success,
AP4488,T1000001691,2025-10-04,attempt_success,
AP4489,T1000001691,2025-11-03,attempt_success,
AP4490,T1000001691,2025-12-03,attempt_success,
AP4491,T1000001691,2026-01-02,attempt_success,
AP4492,T1000001691,2026-02-01,attempt_success,
AP4493,T1000001691,2026-03-03,attempt_success,
AP4494,T1000001691,2026-04-02,attempt_success,
AP4495,T1000001691,2026-05-02,attempt_success,
AP4496,T1000001691,2026-06-01,attempt_success,
AP4497,T1000001693,2025-04-22,attempt_success,
AP4498,T1000001693,2026-04-22,attempt_success,
AP4499,T1000001694,2025-08-31,attempt_success,
AP4500,T1000001694,2025-09-30,attempt_success,
AP4501,T1000001694,2025-10-30,attempt_failed,insufficient_funds
AP4502,T1000001694,2025-11-02,attempt_success,
AP4503,T1000001694,2025-11-29,attempt_success,
AP4504,T1000001694,2025-12-29,attempt_success,
AP4505,T1000001694,2026-01-28,attempt_success,
AP4506,T1000001694,2026-02-27,attempt_success,
AP4507,T1000001694,2026-03-29,attempt_success,
AP4508,T1000001694,2026-04-28,attempt_success,
AP4509,T1000001694,2026-05-28,attempt_success,
AP4510,T1000001694,2026-06-27,attempt_success,
AP4511,T1000001695,2025-02-11,attempt_success,
AP4512,T1000001695,2026-02-11,attempt_success,
AP4513,T1000001698,2025-08-12,attempt_success,
AP4514,T1000001698,2025-11-11,attempt_success,
AP4515,T1000001698,2026-02-10,attempt_success,
AP4516,T1000001698,2026-05-12,attempt_success,
AP4517,T1000001699,2025-07-02,attempt_success,
AP4518,T1000001700,2025-08-05,attempt_success,
AP4519,T1000001700,2025-11-04,attempt_success,
AP4520,T1000001700,2026-02-03,attempt_success,
AP4521,T1000001700,2026-05-05,attempt_failed,card_expired
AP4522,T1000001700,2026-05-08,attempt_success,
AP4523,T1000001701,2025-01-15,attempt_success,
AP4524,T1000001701,2026-01-15,attempt_success,
AP4525,T1000001702,2025-09-25,attempt_success,
AP4526,T1000001702,2025-10-25,attempt_success,
AP4527,T1000001702,2025-11-24,attempt_success,
AP4528,T1000001702,2025-12-24,attempt_success,
AP4529,T1000001702,2026-01-23,attempt_failed,card_expired
AP4530,T1000001702,2026-01-26,attempt_success,
AP4531,T1000001702,2026-02-22,attempt_success,
AP4532,T1000001702,2026-03-24,attempt_success,
AP4533,T1000001702,2026-04-23,attempt_success,
AP4534,T1000001702,2026-05-23,attempt_success,
AP4535,T1000001702,2026-06-22,attempt_success,
AP4536,T1000001703,2025-07-18,attempt_success,
AP4537,T1000001703,2025-10-17,attempt_success,
AP4538,T1000001703,2026-01-16,attempt_failed,card_expired
AP4539,T1000001703,2026-01-19,attempt_success,
AP4540,T1000001703,2026-04-17,attempt_success,
AP4541,T1000001704,2025-07-28,attempt_success,
AP4542,T1000001704,2026-01-26,attempt_success,
AP4543,T1000001707,2025-05-03,attempt_success,
AP4544,T1000001707,2025-11-01,attempt_success,
AP4545,T1000001707,2026-05-02,attempt_failed,insufficient_funds
AP4546,T1000001707,2026-05-05,attempt_success,
AP4547,T1000001708,2025-08-10,attempt_success,
AP4548,T1000001708,2026-02-08,attempt_success,
AP4549,T1000001711,2025-02-23,attempt_success,
AP4550,T1000001711,2026-02-23,attempt_success,
AP4551,T1000001716,2025-09-03,attempt_success,
AP4552,T1000001716,2025-10-03,attempt_success,
AP4553,T1000001716,2025-11-02,attempt_success,
AP4554,T1000001716,2025-12-02,attempt_success,
AP4555,T1000001716,2026-01-01,attempt_success,
AP4556,T1000001716,2026-01-31,attempt_failed,insufficient_funds
AP4557,T1000001716,2026-02-03,attempt_success,
AP4558,T1000001716,2026-03-02,attempt_success,
AP4559,T1000001716,2026-04-01,attempt_success,
AP4560,T1000001716,2026-05-01,attempt_success,
AP4561,T1000001716,2026-05-31,attempt_success,
AP4562,T1000001716,2026-06-30,attempt_success,
AP4563,T1000001718,2025-09-25,attempt_success,
AP4564,T1000001718,2025-10-25,attempt_success,
AP4565,T1000001718,2025-11-24,attempt_success,
AP4566,T1000001718,2025-12-24,attempt_failed,insufficient_funds
AP4567,T1000001718,2025-12-27,attempt_failed,insufficient_funds
AP4568,T1000001718,2026-01-23,attempt_success,
AP4569,T1000001718,2026-02-22,attempt_success,
AP4570,T1000001718,2026-03-24,attempt_success,
AP4571,T1000001718,2026-04-23,attempt_success,
AP4572,T1000001718,2026-05-23,attempt_success,
AP4573,T1000001718,2026-06-22,attempt_failed,insufficient_funds
AP4574,T1000001718,2026-06-25,attempt_success,
AP4575,T1000001720,2025-09-04,attempt_success,
AP4576,T1000001720,2025-10-04,attempt_success,
AP4577,T1000001720,2025-11-03,attempt_success,
AP4578,T1000001720,2025-12-03,attempt_success,
AP4579,T1000001720,2026-01-02,attempt_failed,card_expired
AP4580,T1000001720,2026-01-05,attempt_success,
AP4581,T1000001720,2026-02-01,attempt_success,
AP4582,T1000001720,2026-03-03,attempt_success,
AP4583,T1000001720,2026-04-02,attempt_success,
AP4584,T1000001720,2026-05-02,attempt_success,
AP4585,T1000001720,2026-06-01,attempt_success,
AP4586,T1000001721,2025-09-19,attempt_success,
AP4587,T1000001721,2025-10-19,attempt_success,
AP4588,T1000001721,2025-11-18,attempt_success,
AP4589,T1000001721,2025-12-18,attempt_success,
AP4590,T1000001721,2026-01-17,attempt_success,
AP4591,T1000001721,2026-02-16,attempt_success,
AP4592,T1000001721,2026-03-18,attempt_success,
AP4593,T1000001721,2026-04-17,attempt_success,
AP4594,T1000001721,2026-05-17,attempt_success,
AP4595,T1000001721,2026-06-16,attempt_success,
AP4596,T1000001722,2025-09-01,attempt_failed,insufficient_funds
AP4597,T1000001722,2025-09-04,attempt_success,
AP4598,T1000001722,2026-03-02,attempt_success,
AP4599,T1000001724,2025-05-22,attempt_success,
AP4600,T1000001724,2026-05-22,attempt_success,
AP4601,T1000001725,2024-12-04,attempt_success,
AP4602,T1000001725,2025-12-04,attempt_success,
AP4603,T1000001726,2025-01-11,attempt_success,
AP4604,T1000001726,2026-01-11,attempt_success,
AP4605,T1000001727,2024-11-10,attempt_success,
AP4606,T1000001727,2025-11-10,attempt_success,
AP4607,T1000001731,2024-10-30,attempt_success,
AP4608,T1000001731,2025-10-30,attempt_success,
AP4609,T1000001732,2025-09-03,attempt_success,
AP4610,T1000001732,2025-10-03,attempt_success,
AP4611,T1000001732,2025-11-02,attempt_success,
AP4612,T1000001732,2025-12-02,attempt_failed,insufficient_funds
AP4613,T1000001732,2025-12-05,attempt_success,
AP4614,T1000001732,2026-01-01,attempt_success,
AP4615,T1000001732,2026-01-31,attempt_success,
AP4616,T1000001732,2026-03-02,attempt_success,
AP4617,T1000001732,2026-04-01,attempt_success,
AP4618,T1000001732,2026-05-01,attempt_success,
AP4619,T1000001732,2026-05-31,attempt_success,
AP4620,T1000001732,2026-06-30,attempt_success,
AP4621,T1000001735,2024-12-08,attempt_failed,insufficient_funds
AP4622,T1000001735,2024-12-11,attempt_failed,insufficient_funds
AP4623,T1000001735,2025-12-08,attempt_success,
AP4624,T1000001738,2025-09-21,attempt_failed,insufficient_funds
AP4625,T1000001738,2025-09-24,attempt_failed,insufficient_funds
AP4626,T1000001738,2025-10-21,attempt_success,
AP4627,T1000001738,2025-11-20,attempt_success,
AP4628,T1000001738,2025-12-20,attempt_success,
AP4629,T1000001738,2026-01-19,attempt_success,
AP4630,T1000001738,2026-02-18,attempt_failed,insufficient_funds
AP4631,T1000001738,2026-02-21,attempt_success,
AP4632,T1000001738,2026-03-20,attempt_success,
AP4633,T1000001738,2026-04-19,attempt_success,
AP4634,T1000001738,2026-05-19,attempt_success,
AP4635,T1000001738,2026-06-18,attempt_success,
AP4636,T1000001739,2025-09-27,attempt_success,
AP4637,T1000001739,2025-10-27,attempt_success,
AP4638,T1000001739,2025-11-26,attempt_success,
AP4639,T1000001739,2025-12-26,attempt_success,
AP4640,T1000001739,2026-01-25,attempt_success,
AP4641,T1000001739,2026-02-24,attempt_success,
AP4642,T1000001739,2026-03-26,attempt_success,
AP4643,T1000001739,2026-04-25,attempt_success,
AP4644,T1000001739,2026-05-25,attempt_success,
AP4645,T1000001739,2026-06-24,attempt_success,
AP4646,T1000001740,2025-04-16,attempt_success,
AP4647,T1000001740,2025-10-15,attempt_failed,card_expired
AP4648,T1000001740,2025-10-18,attempt_failed,card_expired
AP4649,T1000001740,2026-04-15,attempt_success,
AP4650,T1000001742,2025-07-26,attempt_success,
AP4651,T1000001742,2025-10-25,attempt_success,
AP4652,T1000001742,2026-01-24,attempt_success,
AP4653,T1000001742,2026-04-25,attempt_failed,card_expired
AP4654,T1000001742,2026-04-28,attempt_failed,card_expired
AP4655,T1000001743,2025-07-12,attempt_success,
AP4656,T1000001743,2025-10-11,attempt_success,
AP4657,T1000001743,2026-01-10,attempt_failed,bank_declined
AP4658,T1000001743,2026-01-13,attempt_success,
AP4659,T1000001743,2026-04-11,attempt_success,
AP4660,T1000001744,2025-09-14,attempt_success,
AP4661,T1000001744,2025-10-14,attempt_success,
AP4662,T1000001744,2025-11-13,attempt_success,
AP4663,T1000001744,2025-12-13,attempt_success,
AP4664,T1000001744,2026-01-12,attempt_success,
AP4665,T1000001744,2026-02-11,attempt_success,
AP4666,T1000001744,2026-03-13,attempt_failed,insufficient_funds
AP4667,T1000001744,2026-03-16,attempt_failed,insufficient_funds
AP4668,T1000001744,2026-04-12,attempt_failed,card_expired
AP4669,T1000001744,2026-04-15,attempt_failed,card_expired
AP4670,T1000001744,2026-05-12,attempt_failed,insufficient_funds
AP4671,T1000001744,2026-05-15,attempt_success,
AP4672,T1000001744,2026-06-11,attempt_success,
AP4673,T1000001746,2025-09-03,attempt_success,
AP4674,T1000001746,2025-10-03,attempt_success,
AP4675,T1000001746,2025-11-02,attempt_success,
AP4676,T1000001746,2025-12-02,attempt_success,
AP4677,T1000001746,2026-01-01,attempt_failed,card_expired
AP4678,T1000001746,2026-01-04,attempt_failed,card_expired
AP4679,T1000001746,2026-01-31,attempt_success,
AP4680,T1000001746,2026-03-02,attempt_success,
AP4681,T1000001746,2026-04-01,attempt_success,
AP4682,T1000001746,2026-05-01,attempt_success,
AP4683,T1000001746,2026-05-31,attempt_success,
AP4684,T1000001746,2026-06-30,attempt_success,
AP4685,T1000001748,2025-09-26,attempt_success,
AP4686,T1000001748,2025-10-26,attempt_success,
AP4687,T1000001748,2025-11-25,attempt_success,
AP4688,T1000001748,2025-12-25,attempt_success,
AP4689,T1000001748,2026-01-24,attempt_success,
AP4690,T1000001748,2026-02-23,attempt_success,
AP4691,T1000001748,2026-03-25,attempt_success,
AP4692,T1000001748,2026-04-24,attempt_success,
AP4693,T1000001748,2026-05-24,attempt_success,
AP4694,T1000001748,2026-06-23,attempt_success,
AP4695,T1000001757,2025-09-19,attempt_success,
AP4696,T1000001757,2025-10-19,attempt_success,
AP4697,T1000001757,2025-11-18,attempt_success,
AP4698,T1000001757,2025-12-18,attempt_success,
AP4699,T1000001757,2026-01-17,attempt_success,
AP4700,T1000001757,2026-02-16,attempt_success,
AP4701,T1000001757,2026-03-18,attempt_success,
AP4702,T1000001757,2026-04-17,attempt_success,
AP4703,T1000001757,2026-05-17,attempt_success,
AP4704,T1000001757,2026-06-16,attempt_success,
AP4705,T1000001761,2025-05-18,attempt_failed,insufficient_funds
AP4706,T1000001761,2025-05-21,attempt_failed,insufficient_funds
AP4707,T1000001761,2026-05-18,attempt_success,
AP4708,T1000001762,2025-07-15,attempt_failed,insufficient_funds
AP4709,T1000001762,2025-07-18,attempt_success,
AP4710,T1000001762,2026-01-13,attempt_success,
AP4711,T1000001763,2025-09-18,attempt_success,
AP4712,T1000001763,2025-10-18,attempt_success,
AP4713,T1000001763,2025-11-17,attempt_success,
AP4714,T1000001763,2025-12-17,attempt_success,
AP4715,T1000001763,2026-01-16,attempt_success,
AP4716,T1000001763,2026-02-15,attempt_success,
AP4717,T1000001763,2026-03-17,attempt_failed,bank_declined
AP4718,T1000001763,2026-03-20,attempt_failed,bank_declined
AP4719,T1000001763,2026-04-16,attempt_success,
AP4720,T1000001763,2026-05-16,attempt_success,
AP4721,T1000001763,2026-06-15,attempt_success,
AP4722,T1000001765,2025-08-11,attempt_success,
AP4723,T1000001765,2025-11-10,attempt_success,
AP4724,T1000001765,2026-02-09,attempt_success,
AP4725,T1000001765,2026-05-11,attempt_failed,insufficient_funds
AP4726,T1000001765,2026-05-14,attempt_failed,insufficient_funds
AP4727,T1000001767,2025-09-26,attempt_success,
AP4728,T1000001767,2026-03-27,attempt_success,
AP4729,T1000001771,2025-01-09,attempt_success,
AP4730,T1000001771,2026-01-09,attempt_success,
AP4731,T1000001772,2025-07-24,attempt_success,
AP4732,T1000001772,2026-01-22,attempt_success,
AP4733,T1000001774,2025-09-01,attempt_failed,insufficient_funds
AP4734,T1000001774,2025-09-04,attempt_success,
AP4735,T1000001774,2025-10-01,attempt_success,
AP4736,T1000001774,2025-10-31,attempt_success,
AP4737,T1000001774,2025-11-30,attempt_failed,insufficient_funds
AP4738,T1000001774,2025-12-03,attempt_success,
AP4739,T1000001774,2025-12-30,attempt_success,
AP4740,T1000001774,2026-01-29,attempt_success,
AP4741,T1000001774,2026-02-28,attempt_success,
AP4742,T1000001774,2026-03-30,attempt_success,
AP4743,T1000001774,2026-04-29,attempt_failed,card_expired
AP4744,T1000001774,2026-05-02,attempt_failed,card_expired
AP4745,T1000001774,2026-05-29,attempt_success,
AP4746,T1000001774,2026-06-28,attempt_success,
AP4747,T1000001782,2025-09-20,attempt_success,
AP4748,T1000001782,2025-12-20,attempt_success,
AP4749,T1000001782,2026-03-21,attempt_success,
AP4750,T1000001782,2026-06-20,attempt_success,
AP4751,T1000001783,2025-09-23,attempt_success,
AP4752,T1000001783,2025-10-23,attempt_success,
AP4753,T1000001783,2025-11-22,attempt_success,
AP4754,T1000001783,2025-12-22,attempt_success,
AP4755,T1000001783,2026-01-21,attempt_success,
AP4756,T1000001783,2026-02-20,attempt_success,
AP4757,T1000001783,2026-03-22,attempt_success,
AP4758,T1000001783,2026-04-21,attempt_success,
AP4759,T1000001783,2026-05-21,attempt_failed,bank_declined
AP4760,T1000001783,2026-05-24,attempt_success,
AP4761,T1000001783,2026-06-20,attempt_failed,bank_declined
AP4762,T1000001783,2026-06-23,attempt_failed,bank_declined
AP4763,T1000001788,2025-01-29,attempt_success,
AP4764,T1000001788,2026-01-29,attempt_success,
AP4765,T1000001790,2025-11-09,attempt_success,
AP4766,T1000001790,2025-12-09,attempt_success,
AP4767,T1000001790,2026-01-08,attempt_success,
AP4768,T1000001790,2026-02-07,attempt_success,
AP4769,T1000001790,2026-03-09,attempt_success,
AP4770,T1000001790,2026-04-08,attempt_success,
AP4771,T1000001790,2026-05-08,attempt_success,
AP4772,T1000001790,2026-06-07,attempt_success,
AP4773,T1000001791,2025-08-16,attempt_success,
AP4774,T1000001794,2025-09-12,attempt_success,
AP4775,T1000001794,2025-10-12,attempt_success,
AP4776,T1000001794,2025-11-11,attempt_success,
AP4777,T1000001794,2025-12-11,attempt_success,
AP4778,T1000001794,2026-01-10,attempt_success,
AP4779,T1000001794,2026-02-09,attempt_success,
AP4780,T1000001794,2026-03-11,attempt_success,
AP4781,T1000001794,2026-04-10,attempt_success,
AP4782,T1000001794,2026-05-10,attempt_success,
AP4783,T1000001794,2026-06-09,attempt_failed,insufficient_funds
AP4784,T1000001794,2026-06-12,attempt_success,
AP4785,T1000001796,2025-08-21,attempt_success,
AP4786,T1000001796,2025-11-20,attempt_success,
AP4787,T1000001796,2026-02-19,attempt_success,
AP4788,T1000001796,2026-05-21,attempt_success,
AP4789,T1000001797,2025-11-30,attempt_success,
AP4790,T1000001799,2024-11-03,attempt_success,
AP4791,T1000001799,2025-11-03,attempt_success,
AP4792,T1000001800,2025-09-21,attempt_failed,card_expired
AP4793,T1000001800,2025-09-24,attempt_success,
AP4794,T1000001800,2025-10-21,attempt_success,
AP4795,T1000001800,2025-11-20,attempt_success,
AP4796,T1000001800,2025-12-20,attempt_success,
AP4797,T1000001800,2026-01-19,attempt_success,
AP4798,T1000001800,2026-02-18,attempt_success,
AP4799,T1000001800,2026-03-20,attempt_success,
AP4800,T1000001800,2026-04-19,attempt_success,
AP4801,T1000001800,2026-05-19,attempt_failed,card_expired
AP4802,T1000001800,2026-05-22,attempt_success,
AP4803,T1000001800,2026-06-18,attempt_success,
AP4804,T1000001803,2025-09-15,attempt_success,
AP4805,T1000001803,2025-10-15,attempt_success,
AP4806,T1000001803,2025-11-14,attempt_success,
AP4807,T1000001803,2025-12-14,attempt_success,
AP4808,T1000001803,2026-01-13,attempt_success,
AP4809,T1000001803,2026-02-12,attempt_success,
AP4810,T1000001803,2026-03-14,attempt_success,
AP4811,T1000001803,2026-04-13,attempt_success,
AP4812,T1000001803,2026-05-13,attempt_success,
AP4813,T1000001803,2026-06-12,attempt_success,
AP4814,T1000001804,2025-09-07,attempt_success,
AP4815,T1000001804,2025-10-07,attempt_success,
AP4816,T1000001804,2025-11-06,attempt_success,
AP4817,T1000001804,2025-12-06,attempt_success,
AP4818,T1000001804,2026-01-05,attempt_success,
AP4819,T1000001804,2026-02-04,attempt_failed,insufficient_funds
AP4820,T1000001804,2026-02-07,attempt_failed,insufficient_funds
AP4821,T1000001804,2026-03-06,attempt_success,
AP4822,T1000001804,2026-04-05,attempt_failed,card_expired
AP4823,T1000001804,2026-04-08,attempt_failed,card_expired
AP4824,T1000001804,2026-05-05,attempt_success,
AP4825,T1000001804,2026-06-04,attempt_failed,insufficient_funds
AP4826,T1000001804,2026-06-07,attempt_success,
AP4827,T1000001805,2025-10-24,attempt_success,
AP4828,T1000001806,2025-08-29,attempt_success,
AP4829,T1000001806,2025-11-28,attempt_success,
AP4830,T1000001806,2026-02-27,attempt_success,
AP4831,T1000001806,2026-05-29,attempt_success,
AP4832,T1000001807,2025-09-16,attempt_success,
AP4833,T1000001807,2025-10-16,attempt_failed,bank_declined
AP4834,T1000001807,2025-10-19,attempt_failed,bank_declined
AP4835,T1000001807,2025-11-15,attempt_success,
AP4836,T1000001807,2025-12-15,attempt_failed,insufficient_funds
AP4837,T1000001807,2025-12-18,attempt_failed,insufficient_funds
AP4838,T1000001807,2026-01-14,attempt_success,
AP4839,T1000001807,2026-02-13,attempt_success,
AP4840,T1000001807,2026-03-15,attempt_success,
AP4841,T1000001807,2026-04-14,attempt_success,
AP4842,T1000001807,2026-05-14,attempt_success,
AP4843,T1000001807,2026-06-13,attempt_success,
AP4844,T1000001808,2025-12-08,attempt_success,
AP4845,T1000001808,2026-01-07,attempt_success,
AP4846,T1000001808,2026-02-06,attempt_success,
AP4847,T1000001808,2026-03-08,attempt_success,
AP4848,T1000001808,2026-04-07,attempt_success,
AP4849,T1000001808,2026-05-07,attempt_success,
AP4850,T1000001808,2026-06-06,attempt_success,
AP4851,T1000001810,2025-09-09,attempt_success,
AP4852,T1000001810,2025-10-09,attempt_success,
AP4853,T1000001810,2025-11-08,attempt_failed,card_expired
AP4854,T1000001810,2025-11-11,attempt_failed,card_expired
AP4855,T1000001810,2025-12-08,attempt_success,
AP4856,T1000001810,2026-01-07,attempt_success,
AP4857,T1000001810,2026-02-06,attempt_success,
AP4858,T1000001810,2026-03-08,attempt_success,
AP4859,T1000001810,2026-04-07,attempt_success,
AP4860,T1000001810,2026-05-07,attempt_success,
AP4861,T1000001810,2026-06-06,attempt_success,
AP4862,T1000001811,2025-04-14,attempt_success,
AP4863,T1000001811,2025-10-13,attempt_success,
AP4864,T1000001811,2026-04-13,attempt_success,
AP4865,T1000001814,2025-07-12,attempt_success,
AP4866,T1000001814,2025-10-11,attempt_success,
AP4867,T1000001814,2026-01-10,attempt_success,
AP4868,T1000001814,2026-04-11,attempt_success,
AP4869,T1000001815,2024-11-24,attempt_success,
AP4870,T1000001815,2025-11-24,attempt_success,
AP4871,T1000001817,2025-09-16,attempt_failed,insufficient_funds
AP4872,T1000001817,2025-09-19,attempt_success,
AP4873,T1000001817,2025-10-16,attempt_success,
AP4874,T1000001817,2025-11-15,attempt_failed,bank_declined
AP4875,T1000001817,2025-11-18,attempt_success,
AP4876,T1000001817,2025-12-15,attempt_success,
AP4877,T1000001817,2026-01-14,attempt_success,
AP4878,T1000001817,2026-02-13,attempt_success,
AP4879,T1000001817,2026-03-15,attempt_success,
AP4880,T1000001817,2026-04-14,attempt_success,
AP4881,T1000001817,2026-05-14,attempt_success,
AP4882,T1000001817,2026-06-13,attempt_success,
AP4883,T1000001819,2025-08-28,attempt_success,
AP4884,T1000001819,2025-11-27,attempt_success,
AP4885,T1000001819,2026-02-26,attempt_success,
AP4886,T1000001819,2026-05-28,attempt_success,
AP4887,T1000001820,2025-09-14,attempt_success,
AP4888,T1000001820,2025-10-14,attempt_success,
AP4889,T1000001820,2025-11-13,attempt_success,
AP4890,T1000001820,2025-12-13,attempt_success,
AP4891,T1000001820,2026-01-12,attempt_success,
AP4892,T1000001820,2026-02-11,attempt_success,
AP4893,T1000001820,2026-03-13,attempt_failed,card_expired
AP4894,T1000001820,2026-03-16,attempt_failed,card_expired
AP4895,T1000001820,2026-04-12,attempt_success,
AP4896,T1000001820,2026-05-12,attempt_success,
AP4897,T1000001820,2026-06-11,attempt_success,
AP4898,T1000001822,2025-07-21,attempt_success,
AP4899,T1000001822,2025-10-20,attempt_success,
AP4900,T1000001822,2026-01-19,attempt_success,
AP4901,T1000001822,2026-04-20,attempt_success,
AP4902,T1000001825,2025-10-06,attempt_success,
AP4903,T1000001825,2025-11-05,attempt_success,
AP4904,T1000001825,2025-12-05,attempt_success,
AP4905,T1000001825,2026-01-04,attempt_success,
AP4906,T1000001825,2026-02-03,attempt_success,
AP4907,T1000001825,2026-03-05,attempt_success,
AP4908,T1000001825,2026-04-04,attempt_success,
AP4909,T1000001825,2026-05-04,attempt_success,
AP4910,T1000001825,2026-06-03,attempt_success,
AP4911,T1000001826,2025-08-10,attempt_failed,insufficient_funds
AP4912,T1000001826,2025-08-13,attempt_success,
AP4913,T1000001826,2025-11-09,attempt_success,
AP4914,T1000001826,2026-02-08,attempt_failed,card_expired
AP4915,T1000001826,2026-02-11,attempt_failed,card_expired
AP4916,T1000001826,2026-05-10,attempt_success,
AP4917,T1000001827,2025-07-18,attempt_success,
AP4918,T1000001827,2025-10-17,attempt_success,
AP4919,T1000001827,2026-01-16,attempt_success,
AP4920,T1000001827,2026-04-17,attempt_success,
AP4921,T1000001828,2025-10-01,attempt_success,
AP4922,T1000001829,2025-05-22,attempt_success,
AP4923,T1000001829,2026-05-22,attempt_success,
AP4924,T1000001830,2025-08-23,attempt_success,
AP4925,T1000001830,2025-11-22,attempt_success,
AP4926,T1000001830,2026-02-21,attempt_success,
AP4927,T1000001830,2026-05-23,attempt_failed,bank_declined
AP4928,T1000001830,2026-05-26,attempt_success,
AP4929,T1000001831,2025-09-13,attempt_success,
AP4930,T1000001831,2025-10-13,attempt_success,
AP4931,T1000001831,2025-11-12,attempt_success,
AP4932,T1000001831,2025-12-12,attempt_success,
AP4933,T1000001831,2026-01-11,attempt_success,
AP4934,T1000001831,2026-02-10,attempt_success,
AP4935,T1000001831,2026-03-12,attempt_success,
AP4936,T1000001831,2026-04-11,attempt_success,
AP4937,T1000001831,2026-05-11,attempt_success,
AP4938,T1000001831,2026-06-10,attempt_success,
AP4939,T1000001836,2025-10-28,attempt_success,
AP4940,T1000001836,2026-04-28,attempt_success,
AP4941,T1000001837,2025-11-21,attempt_failed,insufficient_funds
AP4942,T1000001837,2025-11-24,attempt_failed,insufficient_funds
AP4943,T1000001837,2026-02-20,attempt_success,
AP4944,T1000001837,2026-05-22,attempt_success,
AP4945,T1000001838,2025-09-24,attempt_success,
AP4946,T1000001838,2025-10-24,attempt_success,
AP4947,T1000001838,2025-11-23,attempt_success,
AP4948,T1000001838,2025-12-23,attempt_success,
AP4949,T1000001838,2026-01-22,attempt_success,
AP4950,T1000001838,2026-02-21,attempt_failed,bank_declined
AP4951,T1000001838,2026-02-24,attempt_failed,bank_declined
AP4952,T1000001838,2026-03-23,attempt_success,
AP4953,T1000001838,2026-04-22,attempt_success,
AP4954,T1000001838,2026-05-22,attempt_failed,insufficient_funds
AP4955,T1000001838,2026-05-25,attempt_success,
AP4956,T1000001838,2026-06-21,attempt_success,
AP4957,T1000001840,2025-02-15,attempt_success,
AP4958,T1000001840,2026-02-15,attempt_success,
AP4959,T1000001841,2025-09-20,attempt_success,
AP4960,T1000001841,2025-10-20,attempt_failed,card_expired
AP4961,T1000001841,2025-10-23,attempt_success,
AP4962,T1000001841,2025-11-19,attempt_success,
AP4963,T1000001841,2025-12-19,attempt_failed,card_expired
AP4964,T1000001841,2025-12-22,attempt_success,
AP4965,T1000001841,2026-01-18,attempt_failed,bank_declined
AP4966,T1000001841,2026-01-21,attempt_success,
AP4967,T1000001841,2026-02-17,attempt_success,
AP4968,T1000001841,2026-03-19,attempt_success,
AP4969,T1000001841,2026-04-18,attempt_success,
AP4970,T1000001841,2026-05-18,attempt_success,
AP4971,T1000001841,2026-06-17,attempt_success,
AP4972,T1000001842,2025-08-18,attempt_success,
AP4973,T1000001842,2025-11-17,attempt_success,
AP4974,T1000001842,2026-02-16,attempt_success,
AP4975,T1000001842,2026-05-18,attempt_success,
AP4976,T1000001843,2024-11-02,attempt_success,
AP4977,T1000001843,2025-11-02,attempt_success,
AP4978,T1000001846,2025-09-22,attempt_failed,insufficient_funds
AP4979,T1000001846,2025-09-25,attempt_success,
AP4980,T1000001846,2025-10-22,attempt_success,
AP4981,T1000001846,2025-11-21,attempt_success,
AP4982,T1000001846,2025-12-21,attempt_success,
AP4983,T1000001846,2026-01-20,attempt_success,
AP4984,T1000001846,2026-02-19,attempt_success,
AP4985,T1000001846,2026-03-21,attempt_success,
AP4986,T1000001846,2026-04-20,attempt_success,
AP4987,T1000001846,2026-05-20,attempt_success,
AP4988,T1000001846,2026-06-19,attempt_success,
AP4989,T1000001854,2025-09-21,attempt_success,
AP4990,T1000001854,2025-10-21,attempt_success,
AP4991,T1000001854,2025-11-20,attempt_success,
AP4992,T1000001854,2025-12-20,attempt_success,
AP4993,T1000001854,2026-01-19,attempt_failed,bank_declined
AP4994,T1000001854,2026-01-22,attempt_success,
AP4995,T1000001854,2026-02-18,attempt_success,
AP4996,T1000001854,2026-03-20,attempt_success,
AP4997,T1000001854,2026-04-19,attempt_failed,bank_declined
AP4998,T1000001854,2026-04-22,attempt_success,
AP4999,T1000001854,2026-05-19,attempt_success,
AP5000,T1000001854,2026-06-18,attempt_failed,insufficient_funds
AP5001,T1000001854,2026-06-21,attempt_success,
AP5002,T1000001856,2024-10-14,attempt_success,
AP5003,T1000001856,2025-10-14,attempt_success,
AP5004,T1000001858,2025-09-11,attempt_success,
AP5005,T1000001858,2025-10-11,attempt_success,
AP5006,T1000001858,2025-11-10,attempt_success,
AP5007,T1000001858,2025-12-10,attempt_success,
AP5008,T1000001858,2026-01-09,attempt_failed,insufficient_funds
AP5009,T1000001858,2026-01-12,attempt_success,
AP5010,T1000001858,2026-02-08,attempt_failed,card_expired
AP5011,T1000001858,2026-02-11,attempt_success,
AP5012,T1000001858,2026-03-10,attempt_success,
AP5013,T1000001858,2026-04-09,attempt_success,
AP5014,T1000001858,2026-05-09,attempt_success,
AP5015,T1000001858,2026-06-08,attempt_success,
AP5016,T1000001860,2025-01-22,attempt_success,
AP5017,T1000001860,2026-01-22,attempt_success,
AP5018,T1000001862,2025-09-04,attempt_success,
AP5019,T1000001862,2025-10-04,attempt_success,
AP5020,T1000001862,2025-11-03,attempt_success,
AP5021,T1000001862,2025-12-03,attempt_success,
AP5022,T1000001862,2026-01-02,attempt_success,
AP5023,T1000001862,2026-02-01,attempt_success,
AP5024,T1000001862,2026-03-03,attempt_success,
AP5025,T1000001862,2026-04-02,attempt_failed,insufficient_funds
AP5026,T1000001862,2026-04-05,attempt_failed,insufficient_funds
AP5027,T1000001862,2026-05-02,attempt_success,
AP5028,T1000001862,2026-06-01,attempt_success,
AP5029,T1000001870,2025-08-21,attempt_success,
AP5030,T1000001870,2025-11-20,attempt_success,
AP5031,T1000001870,2026-02-19,attempt_success,
AP5032,T1000001870,2026-05-21,attempt_success,
AP5033,T1000001872,2025-08-03,attempt_success,
AP5034,T1000001872,2025-11-02,attempt_success,
AP5035,T1000001872,2026-02-01,attempt_failed,insufficient_funds
AP5036,T1000001872,2026-02-04,attempt_success,
AP5037,T1000001872,2026-05-03,attempt_success,
AP5038,T1000001873,2025-09-29,attempt_success,
AP5039,T1000001873,2025-10-29,attempt_success,
AP5040,T1000001873,2025-11-28,attempt_success,
AP5041,T1000001873,2025-12-28,attempt_success,
AP5042,T1000001873,2026-01-27,attempt_success,
AP5043,T1000001873,2026-02-26,attempt_success,
AP5044,T1000001873,2026-03-28,attempt_success,
AP5045,T1000001873,2026-04-27,attempt_success,
AP5046,T1000001873,2026-05-27,attempt_success,
AP5047,T1000001873,2026-06-26,attempt_success,
AP5048,T1000001876,2025-08-31,attempt_success,
AP5049,T1000001876,2025-09-30,attempt_success,
AP5050,T1000001876,2025-10-30,attempt_success,
AP5051,T1000001876,2025-11-29,attempt_success,
AP5052,T1000001876,2025-12-29,attempt_success,
AP5053,T1000001876,2026-01-28,attempt_success,
AP5054,T1000001876,2026-02-27,attempt_success,
AP5055,T1000001876,2026-03-29,attempt_success,
AP5056,T1000001876,2026-04-28,attempt_success,
AP5057,T1000001876,2026-05-28,attempt_success,
AP5058,T1000001876,2026-06-27,attempt_success,
AP5059,T1000001879,2025-09-19,attempt_success,
AP5060,T1000001879,2025-10-19,attempt_success,
AP5061,T1000001879,2025-11-18,attempt_failed,bank_declined
AP5062,T1000001879,2025-11-21,attempt_success,
AP5063,T1000001879,2025-12-18,attempt_success,
AP5064,T1000001879,2026-01-17,attempt_success,
AP5065,T1000001879,2026-02-16,attempt_success,
AP5066,T1000001879,2026-03-18,attempt_success,
AP5067,T1000001879,2026-04-17,attempt_success,
AP5068,T1000001879,2026-05-17,attempt_failed,insufficient_funds
AP5069,T1000001879,2026-05-20,attempt_failed,insufficient_funds
AP5070,T1000001879,2026-06-16,attempt_failed,insufficient_funds
AP5071,T1000001879,2026-06-19,attempt_success,
AP5072,T1000001880,2025-08-01,attempt_success,
AP5073,T1000001880,2025-10-31,attempt_success,
AP5074,T1000001880,2026-01-30,attempt_success,
AP5075,T1000001880,2026-05-01,attempt_success,
AP5076,T1000001881,2025-09-18,attempt_success,
AP5077,T1000001881,2025-10-18,attempt_success,
AP5078,T1000001881,2025-11-17,attempt_success,
AP5079,T1000001881,2025-12-17,attempt_success,
AP5080,T1000001881,2026-01-16,attempt_success,
AP5081,T1000001881,2026-02-15,attempt_success,
AP5082,T1000001881,2026-03-17,attempt_success,
AP5083,T1000001881,2026-04-16,attempt_success,
AP5084,T1000001881,2026-05-16,attempt_success,
AP5085,T1000001881,2026-06-15,attempt_success,
AP5086,T1000001883,2025-03-05,attempt_success,
AP5087,T1000001883,2026-03-05,attempt_success,
AP5088,T1000001885,2025-09-22,attempt_failed,insufficient_funds
AP5089,T1000001885,2025-09-25,attempt_success,
AP5090,T1000001885,2026-03-23,attempt_success,
AP5091,T1000001887,2024-12-19,attempt_success,
AP5092,T1000001887,2025-12-19,attempt_success,
AP5093,T1000001888,2025-09-26,attempt_success,
AP5094,T1000001891,2025-08-31,attempt_success,
AP5095,T1000001891,2025-11-30,attempt_success,
AP5096,T1000001891,2026-03-01,attempt_success,
AP5097,T1000001891,2026-05-31,attempt_success,
AP5098,T1000001900,2025-07-23,attempt_success,
AP5099,T1000001900,2026-01-21,attempt_success,
AP5100,T1000001902,2025-09-14,attempt_success,
AP5101,T1000001902,2025-12-14,attempt_success,
AP5102,T1000001902,2026-03-15,attempt_failed,insufficient_funds
AP5103,T1000001902,2026-03-18,attempt_success,
AP5104,T1000001902,2026-06-14,attempt_success,
AP5105,T1000001903,2025-09-12,attempt_failed,insufficient_funds
AP5106,T1000001903,2025-09-15,attempt_success,
AP5107,T1000001905,2025-08-11,attempt_success,
AP5108,T1000001905,2025-11-10,attempt_failed,card_expired
AP5109,T1000001905,2025-11-13,attempt_failed,card_expired
AP5110,T1000001905,2026-02-09,attempt_success,
AP5111,T1000001905,2026-05-11,attempt_success,
AP5112,T1000001906,2025-08-31,attempt_success,
AP5113,T1000001906,2025-09-30,attempt_success,
AP5114,T1000001906,2025-10-30,attempt_success,
AP5115,T1000001906,2025-11-29,attempt_success,
AP5116,T1000001906,2025-12-29,attempt_success,
AP5117,T1000001906,2026-01-28,attempt_success,
AP5118,T1000001906,2026-02-27,attempt_success,
AP5119,T1000001906,2026-03-29,attempt_success,
AP5120,T1000001906,2026-04-28,attempt_success,
AP5121,T1000001906,2026-05-28,attempt_failed,insufficient_funds
AP5122,T1000001906,2026-05-31,attempt_success,
AP5123,T1000001906,2026-06-27,attempt_success,
AP5124,T1000001908,2025-09-09,attempt_success,
AP5125,T1000001908,2025-10-09,attempt_success,
AP5126,T1000001908,2025-11-08,attempt_success,
AP5127,T1000001908,2025-12-08,attempt_success,
AP5128,T1000001908,2026-01-07,attempt_success,
AP5129,T1000001908,2026-02-06,attempt_success,
AP5130,T1000001908,2026-03-08,attempt_success,
AP5131,T1000001908,2026-04-07,attempt_success,
AP5132,T1000001908,2026-05-07,attempt_success,
AP5133,T1000001908,2026-06-06,attempt_success,
AP5134,T1000001909,2025-04-17,attempt_success,
AP5135,T1000001909,2025-10-16,attempt_success,
AP5136,T1000001909,2026-04-16,attempt_success,
AP5137,T1000001912,2025-04-07,attempt_failed,bank_declined
AP5138,T1000001912,2025-04-10,attempt_success,
AP5139,T1000001912,2025-10-06,attempt_success,
AP5140,T1000001912,2026-04-06,attempt_success,
AP5141,T1000001920,2025-09-12,attempt_success,
AP5142,T1000001920,2025-10-12,attempt_success,
AP5143,T1000001920,2025-11-11,attempt_failed,card_expired
AP5144,T1000001920,2025-11-14,attempt_success,
AP5145,T1000001920,2025-12-11,attempt_success,
AP5146,T1000001920,2026-01-10,attempt_success,
AP5147,T1000001920,2026-02-09,attempt_success,
AP5148,T1000001920,2026-03-11,attempt_success,
AP5149,T1000001920,2026-04-10,attempt_success,
AP5150,T1000001920,2026-05-10,attempt_success,
AP5151,T1000001920,2026-06-09,attempt_failed,insufficient_funds
AP5152,T1000001920,2026-06-12,attempt_success,
AP5153,T1000001927,2025-01-07,attempt_failed,insufficient_funds
AP5154,T1000001927,2025-01-10,attempt_success,
AP5155,T1000001927,2026-01-07,attempt_success,
AP5156,T1000001928,2025-04-24,attempt_success,
AP5157,T1000001928,2025-10-23,attempt_success,
AP5158,T1000001928,2026-04-23,attempt_success,
AP5159,T1000001929,2025-03-06,attempt_success,
AP5160,T1000001929,2026-03-06,attempt_success,
AP5161,T1000001939,2025-08-20,attempt_success,
AP5162,T1000001939,2025-11-19,attempt_success,
AP5163,T1000001939,2026-02-18,attempt_success,
AP5164,T1000001939,2026-05-20,attempt_success,
AP5165,T1000001942,2025-09-24,attempt_success,
AP5166,T1000001942,2025-10-24,attempt_success,
AP5167,T1000001942,2025-11-23,attempt_success,
AP5168,T1000001942,2025-12-23,attempt_success,
AP5169,T1000001942,2026-01-22,attempt_success,
AP5170,T1000001942,2026-02-21,attempt_success,
AP5171,T1000001942,2026-03-23,attempt_success,
AP5172,T1000001942,2026-04-22,attempt_success,
AP5173,T1000001942,2026-05-22,attempt_failed,card_expired
AP5174,T1000001942,2026-05-25,attempt_failed,card_expired
AP5175,T1000001942,2026-06-21,attempt_success,
AP5176,T1000001944,2025-09-09,attempt_success,
AP5177,T1000001944,2025-10-09,attempt_failed,card_expired
AP5178,T1000001944,2025-10-12,attempt_failed,card_expired
AP5179,T1000001944,2025-11-08,attempt_success,
AP5180,T1000001944,2025-12-08,attempt_success,
AP5181,T1000001944,2026-01-07,attempt_success,
AP5182,T1000001944,2026-02-06,attempt_success,
AP5183,T1000001944,2026-03-08,attempt_success,
AP5184,T1000001944,2026-04-07,attempt_success,
AP5185,T1000001944,2026-05-07,attempt_success,
AP5186,T1000001944,2026-06-06,attempt_success,
AP5187,T1000001946,2025-09-08,attempt_success,
AP5188,T1000001946,2025-12-08,attempt_success,
AP5189,T1000001946,2026-03-09,attempt_success,
AP5190,T1000001946,2026-06-08,attempt_success,
AP5191,T1000001949,2025-09-25,attempt_success,
AP5192,T1000001949,2025-12-25,attempt_success,
AP5193,T1000001949,2026-03-26,attempt_success,
AP5194,T1000001949,2026-06-25,attempt_success,
AP5195,T1000001951,2025-10-27,attempt_success,
AP5196,T1000001951,2025-11-26,attempt_success,
AP5197,T1000001951,2025-12-26,attempt_success,
AP5198,T1000001951,2026-01-25,attempt_success,
AP5199,T1000001951,2026-02-24,attempt_success,
AP5200,T1000001951,2026-03-26,attempt_success,
AP5201,T1000001951,2026-04-25,attempt_success,
AP5202,T1000001951,2026-05-25,attempt_success,
AP5203,T1000001951,2026-06-24,attempt_failed,bank_declined
AP5204,T1000001951,2026-06-27,attempt_failed,bank_declined
AP5205,T1000001955,2025-03-16,attempt_success,
AP5206,T1000001955,2026-03-16,attempt_success,
AP5207,T1000001956,2025-05-08,attempt_success,
AP5208,T1000001956,2026-05-08,attempt_failed,card_expired
AP5209,T1000001956,2026-05-11,attempt_failed,card_expired
AP5210,T1000001957,2025-09-08,attempt_success,
AP5211,T1000001957,2025-10-08,attempt_success,
AP5212,T1000001957,2025-11-07,attempt_success,
AP5213,T1000001957,2025-12-07,attempt_success,
AP5214,T1000001957,2026-01-06,attempt_success,
AP5215,T1000001957,2026-02-05,attempt_success,
AP5216,T1000001957,2026-03-07,attempt_success,
AP5217,T1000001957,2026-04-06,attempt_success,
AP5218,T1000001957,2026-05-06,attempt_failed,insufficient_funds
AP5219,T1000001957,2026-05-09,attempt_success,
AP5220,T1000001957,2026-06-05,attempt_success,
AP5221,T1000001962,2025-11-14,attempt_success,
AP5222,T1000001962,2026-02-13,attempt_success,
AP5223,T1000001962,2026-05-15,attempt_success,
AP5224,T1000001963,2025-09-22,attempt_success,
AP5225,T1000001963,2026-03-23,attempt_success,
AP5226,T1000001966,2025-07-05,attempt_success,
AP5227,T1000001966,2026-01-03,attempt_success,
AP5228,T1000001969,2025-09-09,attempt_success,
AP5229,T1000001969,2025-10-09,attempt_success,
AP5230,T1000001969,2025-11-08,attempt_success,
AP5231,T1000001969,2025-12-08,attempt_success,
AP5232,T1000001969,2026-01-07,attempt_success,
AP5233,T1000001969,2026-02-06,attempt_success,
AP5234,T1000001969,2026-03-08,attempt_success,
AP5235,T1000001969,2026-04-07,attempt_success,
AP5236,T1000001969,2026-05-07,attempt_success,
AP5237,T1000001969,2026-06-06,attempt_success,
AP5238,T1000001970,2024-11-03,attempt_success,
AP5239,T1000001970,2025-11-03,attempt_success,
AP5240,T1000001972,2025-09-17,attempt_success,
AP5241,T1000001972,2025-10-17,attempt_success,
AP5242,T1000001972,2025-11-16,attempt_success,
AP5243,T1000001972,2025-12-16,attempt_success,
AP5244,T1000001972,2026-01-15,attempt_success,
AP5245,T1000001972,2026-02-14,attempt_success,
AP5246,T1000001972,2026-03-16,attempt_success,
AP5247,T1000001972,2026-04-15,attempt_success,
AP5248,T1000001972,2026-05-15,attempt_success,
AP5249,T1000001972,2026-06-14,attempt_success,
AP5250,T1000001973,2025-07-06,attempt_success,
AP5251,T1000001973,2026-01-04,attempt_success,
AP5252,T1000001974,2025-09-09,attempt_success,
AP5253,T1000001974,2025-10-09,attempt_success,
AP5254,T1000001974,2025-11-08,attempt_success,
AP5255,T1000001974,2025-12-08,attempt_success,
AP5256,T1000001974,2026-01-07,attempt_success,
AP5257,T1000001974,2026-02-06,attempt_success,
AP5258,T1000001974,2026-03-08,attempt_success,
AP5259,T1000001974,2026-04-07,attempt_success,
AP5260,T1000001974,2026-05-07,attempt_success,
AP5261,T1000001974,2026-06-06,attempt_success,
AP5262,T1000001979,2025-05-05,attempt_success,
AP5263,T1000001979,2025-11-03,attempt_success,
AP5264,T1000001979,2026-05-04,attempt_success,
AP5265,T1000001981,2025-10-04,attempt_success,
AP5266,T1000001984,2025-09-11,attempt_success,
AP5267,T1000001984,2025-10-11,attempt_success,
AP5268,T1000001984,2025-11-10,attempt_success,
AP5269,T1000001984,2025-12-10,attempt_success,
AP5270,T1000001984,2026-01-09,attempt_success,
AP5271,T1000001984,2026-02-08,attempt_failed,bank_declined
AP5272,T1000001984,2026-02-11,attempt_success,
AP5273,T1000001984,2026-03-10,attempt_success,
AP5274,T1000001984,2026-04-09,attempt_success,
AP5275,T1000001984,2026-05-09,attempt_success,
AP5276,T1000001984,2026-06-08,attempt_success,
AP5277,T1000001987,2025-09-21,attempt_success,
AP5278,T1000001987,2025-10-21,attempt_success,
AP5279,T1000001987,2025-11-20,attempt_success,
AP5280,T1000001987,2025-12-20,attempt_success,
AP5281,T1000001987,2026-01-19,attempt_failed,card_expired
AP5282,T1000001987,2026-01-22,attempt_failed,card_expired
AP5283,T1000001987,2026-02-18,attempt_success,
AP5284,T1000001987,2026-03-20,attempt_success,
AP5285,T1000001987,2026-04-19,attempt_success,
AP5286,T1000001987,2026-05-19,attempt_success,
AP5287,T1000001987,2026-06-18,attempt_success,
AP5288,T1000001989,2025-09-10,attempt_success,
AP5289,T1000001989,2025-10-10,attempt_success,
AP5290,T1000001989,2025-11-09,attempt_success,
AP5291,T1000001989,2025-12-09,attempt_success,
AP5292,T1000001989,2026-01-08,attempt_success,
AP5293,T1000001989,2026-02-07,attempt_success,
AP5294,T1000001989,2026-03-09,attempt_success,
AP5295,T1000001989,2026-04-08,attempt_success,
AP5296,T1000001989,2026-05-08,attempt_success,
AP5297,T1000001989,2026-06-07,attempt_success,
AP5298,T1000001992,2025-09-22,attempt_success,
AP5299,T1000001992,2025-12-22,attempt_success,
AP5300,T1000001992,2026-03-23,attempt_success,
AP5301,T1000001992,2026-06-22,attempt_success,
AP5302,T1000001993,2025-09-16,attempt_success,
AP5303,T1000001993,2025-10-16,attempt_success,
AP5304,T1000001993,2025-11-15,attempt_success,
AP5305,T1000001993,2025-12-15,attempt_success,
AP5306,T1000001993,2026-01-14,attempt_success,
AP5307,T1000001993,2026-02-13,attempt_success,
AP5308,T1000001993,2026-03-15,attempt_failed,card_expired
AP5309,T1000001993,2026-03-18,attempt_failed,card_expired
AP5310,T1000001993,2026-04-14,attempt_success,
AP5311,T1000001993,2026-05-14,attempt_success,
AP5312,T1000001993,2026-06-13,attempt_success,
AP5313,T1000001995,2025-09-24,attempt_success,
AP5314,T1000001995,2025-10-24,attempt_success,
AP5315,T1000001995,2025-11-23,attempt_success,
AP5316,T1000001995,2025-12-23,attempt_success,
AP5317,T1000001995,2026-01-22,attempt_success,
AP5318,T1000001995,2026-02-21,attempt_success,
AP5319,T1000001995,2026-03-23,attempt_success,
AP5320,T1000001995,2026-04-22,attempt_success,
AP5321,T1000001995,2026-05-22,attempt_success,
AP5322,T1000001995,2026-06-21,attempt_success,
AP5323,T1000001999,2024-12-05,attempt_success,
AP5324,T1000001999,2025-12-05,attempt_failed,bank_declined
AP5325,T1000001999,2025-12-08,attempt_success,
AP5326,T1000002001,2025-08-12,attempt_success,
AP5327,T1000002002,2025-09-09,attempt_success,
AP5328,T1000002002,2025-10-09,attempt_success,
AP5329,T1000002002,2025-11-08,attempt_success,
AP5330,T1000002002,2025-12-08,attempt_success,
AP5331,T1000002002,2026-01-07,attempt_success,
AP5332,T1000002002,2026-02-06,attempt_failed,bank_declined
AP5333,T1000002002,2026-02-09,attempt_success,
AP5334,T1000002002,2026-03-08,attempt_success,
AP5335,T1000002002,2026-04-07,attempt_success,
AP5336,T1000002002,2026-05-07,attempt_success,
AP5337,T1000002002,2026-06-06,attempt_success,
AP5338,T1000002004,2025-07-27,attempt_success,
AP5339,T1000002004,2025-10-26,attempt_success,
AP5340,T1000002004,2026-01-25,attempt_success,
AP5341,T1000002004,2026-04-26,attempt_success,
AP5342,T1000002005,2025-08-31,attempt_success,
AP5343,T1000002006,2025-08-02,attempt_success,
AP5344,T1000002006,2025-11-01,attempt_success,
AP5345,T1000002006,2026-01-31,attempt_success,
AP5346,T1000002006,2026-05-02,attempt_failed,bank_declined
AP5347,T1000002006,2026-05-05,attempt_success,
AP5348,T1000002008,2024-12-05,attempt_success,
AP5349,T1000002008,2025-12-05,attempt_success,
AP5350,T1000002009,2025-08-31,attempt_success,
AP5351,T1000002011,2025-09-19,attempt_success,
AP5352,T1000002011,2025-10-19,attempt_success,
AP5353,T1000002011,2025-11-18,attempt_success,
AP5354,T1000002011,2025-12-18,attempt_failed,insufficient_funds
AP5355,T1000002011,2025-12-21,attempt_failed,insufficient_funds
AP5356,T1000002011,2026-01-17,attempt_success,
AP5357,T1000002011,2026-02-16,attempt_success,
AP5358,T1000002011,2026-03-18,attempt_success,
AP5359,T1000002011,2026-04-17,attempt_success,
AP5360,T1000002011,2026-05-17,attempt_success,
AP5361,T1000002011,2026-06-16,attempt_success,
AP5362,T1000002014,2025-01-04,attempt_success,
AP5363,T1000002014,2026-01-04,attempt_success,
AP5364,T1000002016,2025-04-07,attempt_success,
AP5365,T1000002016,2026-04-07,attempt_success,
AP5366,T1000002018,2025-04-09,attempt_success,
AP5367,T1000002018,2026-04-09,attempt_success,
AP5368,T1000002021,2024-12-02,attempt_success,
AP5369,T1000002021,2025-12-02,attempt_success,
AP5370,T1000002024,2025-09-29,attempt_success,
AP5371,T1000002024,2025-10-29,attempt_success,
AP5372,T1000002024,2025-11-28,attempt_success,
AP5373,T1000002024,2025-12-28,attempt_success,
AP5374,T1000002024,2026-01-27,attempt_success,
AP5375,T1000002024,2026-02-26,attempt_failed,card_expired
AP5376,T1000002024,2026-03-01,attempt_success,
AP5377,T1000002024,2026-03-28,attempt_success,
AP5378,T1000002024,2026-04-27,attempt_success,
AP5379,T1000002024,2026-05-27,attempt_success,
AP5380,T1000002024,2026-06-26,attempt_success,
AP5381,T1000002028,2025-07-04,attempt_failed,card_expired
AP5382,T1000002028,2025-07-07,attempt_success,
AP5383,T1000002028,2025-10-03,attempt_success,
AP5384,T1000002028,2026-01-02,attempt_success,
AP5385,T1000002028,2026-04-03,attempt_failed,insufficient_funds
AP5386,T1000002028,2026-04-06,attempt_failed,insufficient_funds
AP5387,T1000002029,2025-09-23,attempt_success,
AP5388,T1000002029,2025-10-23,attempt_success,
AP5389,T1000002029,2025-11-22,attempt_success,
AP5390,T1000002029,2025-12-22,attempt_success,
AP5391,T1000002029,2026-01-21,attempt_success,
AP5392,T1000002029,2026-02-20,attempt_success,
AP5393,T1000002029,2026-03-22,attempt_success,
AP5394,T1000002029,2026-04-21,attempt_success,
AP5395,T1000002029,2026-05-21,attempt_failed,insufficient_funds
AP5396,T1000002029,2026-05-24,attempt_failed,insufficient_funds
AP5397,T1000002029,2026-06-20,attempt_success,
AP5398,T1000002030,2025-09-28,attempt_success,
AP5399,T1000002030,2025-10-28,attempt_success,
AP5400,T1000002030,2025-11-27,attempt_success,
AP5401,T1000002030,2025-12-27,attempt_success,
AP5402,T1000002030,2026-01-26,attempt_failed,insufficient_funds
AP5403,T1000002030,2026-01-29,attempt_success,
AP5404,T1000002030,2026-02-25,attempt_success,
AP5405,T1000002030,2026-03-27,attempt_success,
AP5406,T1000002030,2026-04-26,attempt_failed,card_expired
AP5407,T1000002030,2026-04-29,attempt_success,
AP5408,T1000002030,2026-05-26,attempt_success,
AP5409,T1000002030,2026-06-25,attempt_success,
AP5410,T1000002033,2025-05-31,attempt_success,
AP5411,T1000002033,2026-05-31,attempt_success,
AP5412,T1000002035,2025-09-22,attempt_success,
AP5413,T1000002035,2025-10-22,attempt_success,
AP5414,T1000002035,2025-11-21,attempt_success,
AP5415,T1000002035,2025-12-21,attempt_success,
AP5416,T1000002035,2026-01-20,attempt_success,
AP5417,T1000002035,2026-02-19,attempt_failed,card_expired
AP5418,T1000002035,2026-02-22,attempt_success,
AP5419,T1000002035,2026-03-21,attempt_success,
AP5420,T1000002035,2026-04-20,attempt_success,
AP5421,T1000002035,2026-05-20,attempt_success,
AP5422,T1000002035,2026-06-19,attempt_success,
AP5423,T1000002036,2025-07-03,attempt_success,
AP5424,T1000002036,2025-10-02,attempt_success,
AP5425,T1000002036,2026-01-01,attempt_failed,insufficient_funds
AP5426,T1000002036,2026-01-04,attempt_success,
AP5427,T1000002036,2026-04-02,attempt_success,
AP5428,T1000002037,2025-04-08,attempt_success,
AP5429,T1000002037,2025-10-07,attempt_success,
AP5430,T1000002037,2026-04-07,attempt_success,
AP5431,T1000002042,2025-01-09,attempt_success,
AP5432,T1000002042,2026-01-09,attempt_success,
AP5433,T1000002043,2024-11-28,attempt_success,
AP5434,T1000002043,2025-11-28,attempt_success,
AP5435,T1000002046,2025-08-29,attempt_success,
AP5436,T1000002046,2026-02-27,attempt_success,
AP5437,T1000002047,2025-09-22,attempt_success,
AP5438,T1000002047,2025-10-22,attempt_success,
AP5439,T1000002047,2025-11-21,attempt_success,
AP5440,T1000002047,2025-12-21,attempt_success,
AP5441,T1000002047,2026-01-20,attempt_success,
AP5442,T1000002047,2026-02-19,attempt_success,
AP5443,T1000002047,2026-03-21,attempt_success,
AP5444,T1000002047,2026-04-20,attempt_success,
AP5445,T1000002047,2026-05-20,attempt_success,
AP5446,T1000002047,2026-06-19,attempt_success,
AP5447,T1000002049,2025-09-15,attempt_success,
AP5448,T1000002049,2025-10-15,attempt_success,
AP5449,T1000002049,2025-11-14,attempt_success,
AP5450,T1000002049,2025-12-14,attempt_success,
AP5451,T1000002049,2026-01-13,attempt_success,
AP5452,T1000002049,2026-02-12,attempt_failed,card_expired
AP5453,T1000002049,2026-02-15,attempt_success,
AP5454,T1000002049,2026-03-14,attempt_failed,insufficient_funds
AP5455,T1000002049,2026-03-17,attempt_failed,insufficient_funds
AP5456,T1000002049,2026-04-13,attempt_failed,insufficient_funds
AP5457,T1000002049,2026-04-16,attempt_failed,insufficient_funds
AP5458,T1000002049,2026-05-13,attempt_success,
AP5459,T1000002049,2026-06-12,attempt_success,
AP5460,T1000002051,2025-09-08,attempt_success,
AP5461,T1000002051,2025-10-08,attempt_success,
AP5462,T1000002051,2025-11-07,attempt_success,
AP5463,T1000002051,2025-12-07,attempt_success,
AP5464,T1000002051,2026-01-06,attempt_success,
AP5465,T1000002051,2026-02-05,attempt_failed,insufficient_funds
AP5466,T1000002051,2026-02-08,attempt_failed,insufficient_funds
AP5467,T1000002051,2026-03-07,attempt_success,
AP5468,T1000002051,2026-04-06,attempt_success,
AP5469,T1000002051,2026-05-06,attempt_success,
AP5470,T1000002051,2026-06-05,attempt_success,
AP5471,T1000002054,2025-04-25,attempt_success,
AP5472,T1000002054,2026-04-25,attempt_success,
AP5473,T1000002057,2025-07-04,attempt_success,
AP5474,T1000002059,2025-04-15,attempt_success,
AP5475,T1000002059,2026-04-15,attempt_success,
AP5476,T1000002062,2025-09-17,attempt_success,
AP5477,T1000002062,2025-10-17,attempt_success,
AP5478,T1000002062,2025-11-16,attempt_success,
AP5479,T1000002062,2025-12-16,attempt_success,
AP5480,T1000002062,2026-01-15,attempt_success,
AP5481,T1000002062,2026-02-14,attempt_success,
AP5482,T1000002062,2026-03-16,attempt_success,
AP5483,T1000002062,2026-04-15,attempt_success,
AP5484,T1000002062,2026-05-15,attempt_success,
AP5485,T1000002062,2026-06-14,attempt_success,
AP5486,T1000002065,2025-09-19,attempt_success,
AP5487,T1000002068,2025-01-11,attempt_success,
AP5488,T1000002068,2026-01-11,attempt_success,
AP5489,T1000002074,2025-05-19,attempt_success,
AP5490,T1000002074,2026-05-19,attempt_success,
AP5491,T1000002075,2025-07-24,attempt_success,
AP5492,T1000002075,2026-01-22,attempt_success,
AP5493,T1000002080,2025-10-25,attempt_success,
AP5494,T1000002080,2026-01-24,attempt_success,
AP5495,T1000002080,2026-04-25,attempt_success,
AP5496,T1000002082,2025-09-26,attempt_success,
AP5497,T1000002082,2025-10-26,attempt_success,
AP5498,T1000002082,2025-11-25,attempt_success,
AP5499,T1000002082,2025-12-25,attempt_failed,bank_declined
AP5500,T1000002082,2025-12-28,attempt_success,
AP5501,T1000002082,2026-01-24,attempt_success,
AP5502,T1000002082,2026-02-23,attempt_success,
AP5503,T1000002082,2026-03-25,attempt_failed,bank_declined
AP5504,T1000002082,2026-03-28,attempt_failed,bank_declined
AP5505,T1000002082,2026-04-24,attempt_success,
AP5506,T1000002082,2026-05-24,attempt_success,
AP5507,T1000002082,2026-06-23,attempt_success,
AP5508,T1000002083,2025-04-19,attempt_success,
AP5509,T1000002083,2025-10-18,attempt_success,
AP5510,T1000002083,2026-04-18,attempt_success,
AP5511,T1000002090,2024-11-15,attempt_success,
AP5512,T1000002090,2025-11-15,attempt_success,
AP5513,T1000002092,2025-09-27,attempt_success,
AP5514,T1000002092,2025-10-27,attempt_success,
AP5515,T1000002092,2025-11-26,attempt_success,
AP5516,T1000002092,2025-12-26,attempt_success,
AP5517,T1000002092,2026-01-25,attempt_success,
AP5518,T1000002092,2026-02-24,attempt_success,
AP5519,T1000002092,2026-03-26,attempt_success,
AP5520,T1000002092,2026-04-25,attempt_success,
AP5521,T1000002092,2026-05-25,attempt_success,
AP5522,T1000002092,2026-06-24,attempt_success,
AP5523,T1000002095,2025-09-21,attempt_success,
AP5524,T1000002095,2025-10-21,attempt_success,
AP5525,T1000002095,2025-11-20,attempt_success,
AP5526,T1000002095,2025-12-20,attempt_failed,insufficient_funds
AP5527,T1000002095,2025-12-23,attempt_success,
AP5528,T1000002095,2026-01-19,attempt_success,
AP5529,T1000002095,2026-02-18,attempt_success,
AP5530,T1000002095,2026-03-20,attempt_failed,bank_declined
AP5531,T1000002095,2026-03-23,attempt_failed,bank_declined
AP5532,T1000002095,2026-04-19,attempt_success,
AP5533,T1000002095,2026-05-19,attempt_success,
AP5534,T1000002095,2026-06-18,attempt_success,
AP5535,T1000002096,2025-09-18,attempt_success,
AP5536,T1000002096,2025-10-18,attempt_success,
AP5537,T1000002096,2025-11-17,attempt_success,
AP5538,T1000002096,2025-12-17,attempt_failed,insufficient_funds
AP5539,T1000002096,2025-12-20,attempt_failed,insufficient_funds
AP5540,T1000002096,2026-01-16,attempt_success,
AP5541,T1000002096,2026-02-15,attempt_success,
AP5542,T1000002096,2026-03-17,attempt_success,
AP5543,T1000002096,2026-04-16,attempt_success,
AP5544,T1000002096,2026-05-16,attempt_success,
AP5545,T1000002096,2026-06-15,attempt_success,
AP5546,T1000002097,2025-04-18,attempt_success,
AP5547,T1000002097,2026-04-18,attempt_success,
AP5548,T1000002098,2025-12-06,attempt_success,
AP5549,T1000002099,2025-11-28,attempt_success,
AP5550,T1000002100,2025-09-01,attempt_success,
AP5551,T1000002100,2025-10-01,attempt_success,
AP5552,T1000002100,2025-10-31,attempt_success,
AP5553,T1000002100,2025-11-30,attempt_failed,bank_declined
AP5554,T1000002100,2025-12-03,attempt_failed,bank_declined
AP5555,T1000002100,2025-12-30,attempt_success,
AP5556,T1000002100,2026-01-29,attempt_success,
AP5557,T1000002100,2026-02-28,attempt_success,
AP5558,T1000002100,2026-03-30,attempt_success,
AP5559,T1000002100,2026-04-29,attempt_success,
AP5560,T1000002100,2026-05-29,attempt_success,
AP5561,T1000002100,2026-06-28,attempt_success,
AP5562,T1000002101,2025-07-04,attempt_success,
AP5563,T1000002101,2026-01-02,attempt_success,
AP5564,T1000002104,2025-09-16,attempt_success,
AP5565,T1000002104,2025-10-16,attempt_failed,card_expired
AP5566,T1000002104,2025-10-19,attempt_success,
AP5567,T1000002104,2025-11-15,attempt_success,
AP5568,T1000002104,2025-12-15,attempt_success,
AP5569,T1000002104,2026-01-14,attempt_failed,bank_declined
AP5570,T1000002104,2026-01-17,attempt_success,
AP5571,T1000002104,2026-02-13,attempt_success,
AP5572,T1000002104,2026-03-15,attempt_success,
AP5573,T1000002104,2026-04-14,attempt_success,
AP5574,T1000002104,2026-05-14,attempt_success,
AP5575,T1000002104,2026-06-13,attempt_success,
AP5576,T1000002107,2025-08-31,attempt_success,
AP5577,T1000002107,2025-09-30,attempt_success,
AP5578,T1000002107,2025-10-30,attempt_success,
AP5579,T1000002107,2025-11-29,attempt_success,
AP5580,T1000002107,2025-12-29,attempt_success,
AP5581,T1000002107,2026-01-28,attempt_success,
AP5582,T1000002107,2026-02-27,attempt_success,
AP5583,T1000002107,2026-03-29,attempt_success,
AP5584,T1000002107,2026-04-28,attempt_success,
AP5585,T1000002107,2026-05-28,attempt_success,
AP5586,T1000002107,2026-06-27,attempt_failed,card_expired
AP5587,T1000002107,2026-06-30,attempt_success,
AP5588,T1000002109,2025-09-22,attempt_success,
AP5589,T1000002109,2025-10-22,attempt_success,
AP5590,T1000002109,2025-11-21,attempt_success,
AP5591,T1000002109,2025-12-21,attempt_success,
AP5592,T1000002109,2026-01-20,attempt_success,
AP5593,T1000002109,2026-02-19,attempt_success,
AP5594,T1000002109,2026-03-21,attempt_failed,card_expired
AP5595,T1000002109,2026-03-24,attempt_success,
AP5596,T1000002109,2026-04-20,attempt_success,
AP5597,T1000002109,2026-05-20,attempt_success,
AP5598,T1000002109,2026-06-19,attempt_success,
AP5599,T1000002114,2025-06-07,attempt_success,
AP5600,T1000002114,2026-06-07,attempt_success,
AP5601,T1000002116,2025-09-20,attempt_failed,bank_declined
AP5602,T1000002116,2025-09-23,attempt_success,
AP5603,T1000002116,2025-10-20,attempt_success,
AP5604,T1000002116,2025-11-19,attempt_success,
AP5605,T1000002116,2025-12-19,attempt_success,
AP5606,T1000002116,2026-01-18,attempt_success,
AP5607,T1000002116,2026-02-17,attempt_success,
AP5608,T1000002116,2026-03-19,attempt_success,
AP5609,T1000002116,2026-04-18,attempt_success,
AP5610,T1000002116,2026-05-18,attempt_success,
AP5611,T1000002116,2026-06-17,attempt_success,
AP5612,T1000002117,2025-09-20,attempt_success,
AP5613,T1000002117,2025-12-20,attempt_success,
AP5614,T1000002117,2026-03-21,attempt_success,
AP5615,T1000002117,2026-06-20,attempt_failed,insufficient_funds
AP5616,T1000002117,2026-06-23,attempt_success,
AP5617,T1000002119,2025-03-06,attempt_success,
AP5618,T1000002119,2026-03-06,attempt_success,
AP5619,T1000002121,2025-09-10,attempt_failed,insufficient_funds
AP5620,T1000002121,2025-09-13,attempt_failed,insufficient_funds
AP5621,T1000002121,2025-12-10,attempt_success,
AP5622,T1000002121,2026-03-11,attempt_success,
AP5623,T1000002121,2026-06-10,attempt_failed,insufficient_funds
AP5624,T1000002121,2026-06-13,attempt_success,
AP5625,T1000002125,2025-11-09,attempt_failed,card_expired
AP5626,T1000002125,2025-11-12,attempt_success,
AP5627,T1000002126,2025-07-15,attempt_success,
AP5628,T1000002126,2025-10-14,attempt_success,
AP5629,T1000002126,2026-01-13,attempt_success,
AP5630,T1000002126,2026-04-14,attempt_success,
AP5631,T1000002127,2025-08-29,attempt_failed,insufficient_funds
AP5632,T1000002127,2025-09-01,attempt_failed,insufficient_funds
AP5633,T1000002127,2026-02-27,attempt_success,
AP5634,T1000002128,2025-09-29,attempt_success,
AP5635,T1000002128,2025-10-29,attempt_success,
AP5636,T1000002128,2025-11-28,attempt_success,
AP5637,T1000002128,2025-12-28,attempt_success,
AP5638,T1000002128,2026-01-27,attempt_success,
AP5639,T1000002128,2026-02-26,attempt_success,
AP5640,T1000002128,2026-03-28,attempt_success,
AP5641,T1000002128,2026-04-27,attempt_success,
AP5642,T1000002128,2026-05-27,attempt_success,
AP5643,T1000002128,2026-06-26,attempt_success,
AP5644,T1000002130,2025-09-22,attempt_failed,insufficient_funds
AP5645,T1000002130,2025-09-25,attempt_success,
AP5646,T1000002130,2025-10-22,attempt_success,
AP5647,T1000002130,2025-11-21,attempt_success,
AP5648,T1000002130,2025-12-21,attempt_success,
AP5649,T1000002130,2026-01-20,attempt_success,
AP5650,T1000002130,2026-02-19,attempt_success,
AP5651,T1000002130,2026-03-21,attempt_success,
AP5652,T1000002130,2026-04-20,attempt_success,
AP5653,T1000002130,2026-05-20,attempt_success,
AP5654,T1000002130,2026-06-19,attempt_success,
AP5655,T1000002131,2025-04-27,attempt_failed,insufficient_funds
AP5656,T1000002131,2025-04-30,attempt_success,
AP5657,T1000002131,2026-04-27,attempt_success,
AP5658,T1000002134,2024-10-28,attempt_success,
AP5659,T1000002134,2025-10-28,attempt_success,
AP5660,T1000002135,2025-09-29,attempt_failed,insufficient_funds
AP5661,T1000002135,2025-10-02,attempt_failed,insufficient_funds
AP5662,T1000002135,2025-10-29,attempt_success,
AP5663,T1000002135,2025-11-28,attempt_success,
AP5664,T1000002135,2025-12-28,attempt_success,
AP5665,T1000002135,2026-01-27,attempt_failed,bank_declined
AP5666,T1000002135,2026-01-30,attempt_success,
AP5667,T1000002135,2026-02-26,attempt_success,
AP5668,T1000002135,2026-03-28,attempt_success,
AP5669,T1000002135,2026-04-27,attempt_success,
AP5670,T1000002135,2026-05-27,attempt_success,
AP5671,T1000002135,2026-06-26,attempt_success,
AP5672,T1000002136,2025-09-05,attempt_success,
AP5673,T1000002136,2025-10-05,attempt_success,
AP5674,T1000002136,2025-11-04,attempt_success,
AP5675,T1000002136,2025-12-04,attempt_success,
AP5676,T1000002136,2026-01-03,attempt_success,
AP5677,T1000002136,2026-02-02,attempt_success,
AP5678,T1000002136,2026-03-04,attempt_success,
AP5679,T1000002136,2026-04-03,attempt_failed,insufficient_funds
AP5680,T1000002136,2026-04-06,attempt_success,
AP5681,T1000002136,2026-05-03,attempt_success,
AP5682,T1000002136,2026-06-02,attempt_success,
AP5683,T1000002138,2025-09-06,attempt_success,
AP5684,T1000002138,2025-10-06,attempt_failed,insufficient_funds
AP5685,T1000002138,2025-10-09,attempt_failed,insufficient_funds
AP5686,T1000002138,2025-11-05,attempt_success,
AP5687,T1000002138,2025-12-05,attempt_failed,insufficient_funds
AP5688,T1000002138,2025-12-08,attempt_success,
AP5689,T1000002138,2026-01-04,attempt_success,
AP5690,T1000002138,2026-02-03,attempt_success,
AP5691,T1000002138,2026-03-05,attempt_success,
AP5692,T1000002138,2026-04-04,attempt_failed,insufficient_funds
AP5693,T1000002138,2026-04-07,attempt_failed,insufficient_funds
AP5694,T1000002138,2026-05-04,attempt_success,
AP5695,T1000002138,2026-06-03,attempt_success,
AP5696,T1000002144,2025-11-23,attempt_success,
AP5697,T1000002144,2026-05-24,attempt_success,
AP5698,T1000002145,2025-09-27,attempt_success,
AP5699,T1000002145,2026-03-28,attempt_success,
AP5700,T1000002146,2025-06-26,attempt_success,
AP5701,T1000002146,2025-12-25,attempt_success,
AP5702,T1000002146,2026-06-25,attempt_success,
AP5703,T1000002149,2025-09-13,attempt_success,
AP5704,T1000002149,2025-10-13,attempt_success,
AP5705,T1000002149,2025-11-12,attempt_success,
AP5706,T1000002149,2025-12-12,attempt_failed,card_expired
AP5707,T1000002149,2025-12-15,attempt_success,
AP5708,T1000002149,2026-01-11,attempt_success,
AP5709,T1000002149,2026-02-10,attempt_success,
AP5710,T1000002149,2026-03-12,attempt_success,
AP5711,T1000002149,2026-04-11,attempt_failed,insufficient_funds
AP5712,T1000002149,2026-04-14,attempt_success,
AP5713,T1000002149,2026-05-11,attempt_success,
AP5714,T1000002149,2026-06-10,attempt_success,
AP5715,T1000002152,2025-04-14,attempt_success,
AP5716,T1000002152,2026-04-14,attempt_success,
AP5717,T1000002153,2025-08-15,attempt_success,
AP5718,T1000002153,2025-11-14,attempt_success,
AP5719,T1000002153,2026-02-13,attempt_success,
AP5720,T1000002153,2026-05-15,attempt_failed,card_expired
AP5721,T1000002153,2026-05-18,attempt_success,
AP5722,T1000002155,2025-08-09,attempt_success,
AP5723,T1000002155,2025-11-08,attempt_success,
AP5724,T1000002155,2026-02-07,attempt_success,
AP5725,T1000002155,2026-05-09,attempt_success,
AP5726,T1000002156,2025-09-01,attempt_success,
AP5727,T1000002156,2025-10-01,attempt_success,
AP5728,T1000002156,2025-10-31,attempt_success,
AP5729,T1000002156,2025-11-30,attempt_success,
AP5730,T1000002156,2025-12-30,attempt_failed,bank_declined
AP5731,T1000002156,2026-01-02,attempt_success,
AP5732,T1000002156,2026-01-29,attempt_success,
AP5733,T1000002156,2026-02-28,attempt_success,
AP5734,T1000002156,2026-03-30,attempt_success,
AP5735,T1000002156,2026-04-29,attempt_success,
AP5736,T1000002156,2026-05-29,attempt_success,
AP5737,T1000002156,2026-06-28,attempt_success,
AP5738,T1000002157,2025-09-22,attempt_failed,insufficient_funds
AP5739,T1000002157,2025-09-25,attempt_success,
AP5740,T1000002157,2025-10-22,attempt_success,
AP5741,T1000002157,2025-11-21,attempt_success,
AP5742,T1000002157,2025-12-21,attempt_success,
AP5743,T1000002157,2026-01-20,attempt_success,
AP5744,T1000002157,2026-02-19,attempt_success,
AP5745,T1000002157,2026-03-21,attempt_success,
AP5746,T1000002157,2026-04-20,attempt_success,
AP5747,T1000002157,2026-05-20,attempt_success,
AP5748,T1000002157,2026-06-19,attempt_success,
AP5749,T1000002158,2025-04-30,attempt_success,
AP5750,T1000002158,2026-04-30,attempt_success,
AP5751,T1000002159,2025-05-26,attempt_success,
AP5752,T1000002159,2025-11-24,attempt_success,
AP5753,T1000002159,2026-05-25,attempt_success,
AP5754,T1000002164,2025-03-07,attempt_failed,insufficient_funds
AP5755,T1000002164,2025-03-10,attempt_failed,insufficient_funds
AP5756,T1000002164,2026-03-07,attempt_success,
AP5757,T1000002165,2025-08-03,attempt_success,
AP5758,T1000002165,2026-02-01,attempt_success,
AP5759,T1000002166,2025-09-19,attempt_success,
AP5760,T1000002166,2025-12-19,attempt_failed,bank_declined
AP5761,T1000002166,2025-12-22,attempt_success,
AP5762,T1000002166,2026-03-20,attempt_success,
AP5763,T1000002166,2026-06-19,attempt_success,
AP5764,T1000002169,2025-08-31,attempt_success,
AP5765,T1000002169,2025-09-30,attempt_success,
AP5766,T1000002169,2025-10-30,attempt_success,
AP5767,T1000002169,2025-11-29,attempt_success,
AP5768,T1000002169,2025-12-29,attempt_success,
AP5769,T1000002169,2026-01-28,attempt_failed,insufficient_funds
AP5770,T1000002169,2026-01-31,attempt_success,
AP5771,T1000002169,2026-02-27,attempt_success,
AP5772,T1000002169,2026-03-29,attempt_success,
AP5773,T1000002169,2026-04-28,attempt_success,
AP5774,T1000002169,2026-05-28,attempt_failed,bank_declined
AP5775,T1000002169,2026-05-31,attempt_failed,bank_declined
AP5776,T1000002169,2026-06-27,attempt_success,
AP5777,T1000002170,2025-01-30,attempt_success,
AP5778,T1000002170,2026-01-30,attempt_success,
AP5779,T1000002174,2025-09-20,attempt_success,
AP5780,T1000002174,2025-10-20,attempt_success,
AP5781,T1000002174,2025-11-19,attempt_success,
AP5782,T1000002174,2025-12-19,attempt_success,
AP5783,T1000002174,2026-01-18,attempt_success,
AP5784,T1000002174,2026-02-17,attempt_success,
AP5785,T1000002174,2026-03-19,attempt_success,
AP5786,T1000002174,2026-04-18,attempt_success,
AP5787,T1000002174,2026-05-18,attempt_success,
AP5788,T1000002174,2026-06-17,attempt_success,
AP5789,T1000002175,2025-07-08,attempt_success,
AP5790,T1000002175,2025-10-07,attempt_success,
AP5791,T1000002175,2026-01-06,attempt_success,
AP5792,T1000002175,2026-04-07,attempt_success,
AP5793,T1000002179,2025-09-13,attempt_success,
AP5794,T1000002179,2025-10-13,attempt_failed,bank_declined
AP5795,T1000002179,2025-10-16,attempt_failed,bank_declined
AP5796,T1000002179,2025-11-12,attempt_success,
AP5797,T1000002179,2025-12-12,attempt_failed,card_expired
AP5798,T1000002179,2025-12-15,attempt_success,
AP5799,T1000002179,2026-01-11,attempt_success,
AP5800,T1000002179,2026-02-10,attempt_success,
AP5801,T1000002179,2026-03-12,attempt_success,
AP5802,T1000002179,2026-04-11,attempt_success,
AP5803,T1000002179,2026-05-11,attempt_success,
AP5804,T1000002179,2026-06-10,attempt_success,
AP5805,T1000002181,2024-11-26,attempt_success,
AP5806,T1000002181,2025-11-26,attempt_success,
AP5807,T1000002182,2025-09-29,attempt_success,
AP5808,T1000002182,2025-10-29,attempt_success,
AP5809,T1000002182,2025-11-28,attempt_success,
AP5810,T1000002182,2025-12-28,attempt_success,
AP5811,T1000002182,2026-01-27,attempt_success,
AP5812,T1000002182,2026-02-26,attempt_success,
AP5813,T1000002182,2026-03-28,attempt_failed,insufficient_funds
AP5814,T1000002182,2026-03-31,attempt_success,
AP5815,T1000002182,2026-04-27,attempt_success,
AP5816,T1000002182,2026-05-27,attempt_success,
AP5817,T1000002182,2026-06-26,attempt_failed,bank_declined
AP5818,T1000002182,2026-06-29,attempt_success,
AP5819,T1000002184,2025-04-28,attempt_success,
AP5820,T1000002184,2025-10-27,attempt_success,
AP5821,T1000002184,2026-04-27,attempt_success,
AP5822,T1000002186,2025-04-14,attempt_failed,insufficient_funds
AP5823,T1000002186,2025-04-17,attempt_success,
AP5824,T1000002186,2026-04-14,attempt_success,
AP5825,T1000002188,2025-09-29,attempt_failed,insufficient_funds
AP5826,T1000002188,2025-10-02,attempt_success,
AP5827,T1000002188,2025-12-29,attempt_success,
AP5828,T1000002188,2026-03-30,attempt_success,
AP5829,T1000002188,2026-06-29,attempt_success,
AP5830,T1000002190,2025-09-10,attempt_success,
AP5831,T1000002190,2025-10-10,attempt_success,
AP5832,T1000002190,2025-11-09,attempt_success,
AP5833,T1000002190,2025-12-09,attempt_success,
AP5834,T1000002190,2026-01-08,attempt_success,
AP5835,T1000002190,2026-02-07,attempt_success,
AP5836,T1000002190,2026-03-09,attempt_success,
AP5837,T1000002190,2026-04-08,attempt_success,
AP5838,T1000002190,2026-05-08,attempt_success,
AP5839,T1000002190,2026-06-07,attempt_success,
AP5840,T1000002194,2025-05-18,attempt_success,
AP5841,T1000002194,2025-11-16,attempt_success,
AP5842,T1000002194,2026-05-17,attempt_failed,insufficient_funds
AP5843,T1000002194,2026-05-20,attempt_success,
AP5844,T1000002196,2025-06-28,attempt_success,
AP5845,T1000002196,2025-12-27,attempt_success,
AP5846,T1000002196,2026-06-27,attempt_success,
AP5847,T1000002200,2025-09-18,attempt_success,
AP5848,T1000002200,2025-10-18,attempt_success,
AP5849,T1000002200,2025-11-17,attempt_success,
AP5850,T1000002200,2025-12-17,attempt_success,
AP5851,T1000002200,2026-01-16,attempt_success,
AP5852,T1000002200,2026-02-15,attempt_success,
AP5853,T1000002200,2026-03-17,attempt_success,
AP5854,T1000002200,2026-04-16,attempt_success,
AP5855,T1000002200,2026-05-16,attempt_success,
AP5856,T1000002200,2026-06-15,attempt_success,
AP5857,T1000002201,2025-08-06,attempt_success,
AP5858,T1000002201,2025-11-05,attempt_success,
AP5859,T1000002201,2026-02-04,attempt_failed,insufficient_funds
AP5860,T1000002201,2026-02-07,attempt_success,
AP5861,T1000002201,2026-05-06,attempt_success,
AP5862,T1000002204,2025-08-08,attempt_failed,bank_declined
AP5863,T1000002204,2025-08-11,attempt_success,
AP5864,T1000002204,2025-11-07,attempt_success,
AP5865,T1000002204,2026-02-06,attempt_failed,insufficient_funds
AP5866,T1000002204,2026-02-09,attempt_success,
AP5867,T1000002204,2026-05-08,attempt_success,
AP5868,T1000002208,2025-09-01,attempt_success,
AP5869,T1000002208,2025-10-01,attempt_success,
AP5870,T1000002208,2025-10-31,attempt_success,
AP5871,T1000002208,2025-11-30,attempt_success,
AP5872,T1000002208,2025-12-30,attempt_success,
AP5873,T1000002208,2026-01-29,attempt_success,
AP5874,T1000002208,2026-02-28,attempt_success,
AP5875,T1000002208,2026-03-30,attempt_success,
AP5876,T1000002208,2026-04-29,attempt_success,
AP5877,T1000002208,2026-05-29,attempt_failed,bank_declined
AP5878,T1000002208,2026-06-01,attempt_success,
AP5879,T1000002208,2026-06-28,attempt_success,
AP5880,T1000002209,2025-06-13,attempt_success,
AP5881,T1000002209,2026-06-13,attempt_success,
AP5882,T1000002212,2025-09-03,attempt_success,
AP5883,T1000002212,2025-10-03,attempt_success,
AP5884,T1000002212,2025-11-02,attempt_success,
AP5885,T1000002212,2025-12-02,attempt_success,
AP5886,T1000002212,2026-01-01,attempt_failed,insufficient_funds
AP5887,T1000002212,2026-01-04,attempt_failed,insufficient_funds
AP5888,T1000002212,2026-01-31,attempt_failed,card_expired
AP5889,T1000002212,2026-02-03,attempt_success,
AP5890,T1000002212,2026-03-02,attempt_success,
AP5891,T1000002212,2026-04-01,attempt_success,
AP5892,T1000002212,2026-05-01,attempt_success,
AP5893,T1000002212,2026-05-31,attempt_success,
AP5894,T1000002212,2026-06-30,attempt_failed,card_expired
AP5895,T1000002212,2026-07-03,attempt_failed,card_expired
AP5896,T1000002216,2025-04-23,attempt_success,
AP5897,T1000002216,2026-04-23,attempt_success,
AP5898,T1000002223,2025-07-27,attempt_failed,bank_declined
AP5899,T1000002223,2025-07-30,attempt_success,
AP5900,T1000002225,2025-07-12,attempt_failed,bank_declined
AP5901,T1000002225,2025-07-15,attempt_success,
AP5902,T1000002225,2026-01-10,attempt_success,
AP5903,T1000002228,2025-09-12,attempt_success,
AP5904,T1000002228,2025-10-12,attempt_success,
AP5905,T1000002228,2025-11-11,attempt_success,
AP5906,T1000002228,2025-12-11,attempt_success,
AP5907,T1000002228,2026-01-10,attempt_success,
AP5908,T1000002228,2026-02-09,attempt_success,
AP5909,T1000002228,2026-03-11,attempt_success,
AP5910,T1000002228,2026-04-10,attempt_success,
AP5911,T1000002228,2026-05-10,attempt_success,
AP5912,T1000002228,2026-06-09,attempt_success,
AP5913,T1000002231,2025-08-12,attempt_success,
AP5914,T1000002231,2025-11-11,attempt_success,
AP5915,T1000002231,2026-02-10,attempt_success,
AP5916,T1000002231,2026-05-12,attempt_failed,bank_declined
AP5917,T1000002231,2026-05-15,attempt_success,
AP5918,T1000002232,2025-09-16,attempt_success,
AP5919,T1000002232,2025-10-16,attempt_success,
AP5920,T1000002232,2025-11-15,attempt_success,
AP5921,T1000002232,2025-12-15,attempt_success,
AP5922,T1000002232,2026-01-14,attempt_success,
AP5923,T1000002232,2026-02-13,attempt_success,
AP5924,T1000002232,2026-03-15,attempt_failed,card_expired
AP5925,T1000002232,2026-03-18,attempt_failed,card_expired
AP5926,T1000002232,2026-04-14,attempt_success,
AP5927,T1000002232,2026-05-14,attempt_success,
AP5928,T1000002232,2026-06-13,attempt_failed,card_expired
AP5929,T1000002232,2026-06-16,attempt_success,
AP5930,T1000002233,2025-09-10,attempt_success,
AP5931,T1000002233,2026-03-11,attempt_success,
AP5932,T1000002234,2025-09-10,attempt_success,
AP5933,T1000002234,2025-12-10,attempt_success,
AP5934,T1000002234,2026-03-11,attempt_success,
AP5935,T1000002234,2026-06-10,attempt_success,
AP5936,T1000002237,2025-09-20,attempt_success,
AP5937,T1000002237,2025-10-20,attempt_success,
AP5938,T1000002237,2025-11-19,attempt_success,
AP5939,T1000002237,2025-12-19,attempt_success,
AP5940,T1000002237,2026-01-18,attempt_success,
AP5941,T1000002237,2026-02-17,attempt_success,
AP5942,T1000002237,2026-03-19,attempt_success,
AP5943,T1000002237,2026-04-18,attempt_failed,insufficient_funds
AP5944,T1000002237,2026-04-21,attempt_success,
AP5945,T1000002237,2026-05-18,attempt_success,
AP5946,T1000002237,2026-06-17,attempt_success,
AP5947,T1000002238,2025-09-08,attempt_success,
AP5948,T1000002238,2025-10-08,attempt_success,
AP5949,T1000002238,2025-11-07,attempt_success,
AP5950,T1000002238,2025-12-07,attempt_success,
AP5951,T1000002238,2026-01-06,attempt_success,
AP5952,T1000002238,2026-02-05,attempt_success,
AP5953,T1000002238,2026-03-07,attempt_success,
AP5954,T1000002238,2026-04-06,attempt_success,
AP5955,T1000002238,2026-05-06,attempt_success,
AP5956,T1000002238,2026-06-05,attempt_success,
AP5957,T1000002240,2025-07-15,attempt_failed,bank_declined
AP5958,T1000002240,2025-07-18,attempt_success,
AP5959,T1000002240,2025-10-14,attempt_success,
AP5960,T1000002240,2026-01-13,attempt_success,
AP5961,T1000002240,2026-04-14,attempt_success,
AP5962,T1000002246,2025-09-04,attempt_success,
AP5963,T1000002246,2025-10-04,attempt_success,
AP5964,T1000002246,2025-11-03,attempt_success,
AP5965,T1000002246,2025-12-03,attempt_success,
AP5966,T1000002246,2026-01-02,attempt_success,
AP5967,T1000002246,2026-02-01,attempt_success,
AP5968,T1000002246,2026-03-03,attempt_success,
AP5969,T1000002246,2026-04-02,attempt_success,
AP5970,T1000002246,2026-05-02,attempt_success,
AP5971,T1000002246,2026-06-01,attempt_success,
AP5972,T1000002247,2025-09-12,attempt_success,
AP5973,T1000002247,2025-10-12,attempt_success,
AP5974,T1000002247,2025-11-11,attempt_success,
AP5975,T1000002247,2025-12-11,attempt_success,
AP5976,T1000002247,2026-01-10,attempt_success,
AP5977,T1000002247,2026-02-09,attempt_success,
AP5978,T1000002247,2026-03-11,attempt_success,
AP5979,T1000002247,2026-04-10,attempt_success,
AP5980,T1000002247,2026-05-10,attempt_success,
AP5981,T1000002247,2026-06-09,attempt_success,
AP5982,T1000002252,2025-09-02,attempt_success,
AP5983,T1000002252,2025-10-02,attempt_success,
AP5984,T1000002252,2025-11-01,attempt_success,
AP5985,T1000002252,2025-12-01,attempt_success,
AP5986,T1000002252,2025-12-31,attempt_success,
AP5987,T1000002252,2026-01-30,attempt_failed,insufficient_funds
AP5988,T1000002252,2026-02-02,attempt_success,
AP5989,T1000002252,2026-03-01,attempt_success,
AP5990,T1000002252,2026-03-31,attempt_success,
AP5991,T1000002252,2026-04-30,attempt_success,
AP5992,T1000002252,2026-05-30,attempt_success,
AP5993,T1000002252,2026-06-29,attempt_success,
AP5994,T1000002254,2025-01-05,attempt_success,
AP5995,T1000002254,2026-01-05,attempt_success,
AP5996,T1000002256,2025-10-23,attempt_failed,insufficient_funds
AP5997,T1000002256,2025-10-26,attempt_success,
AP5998,T1000002256,2026-01-22,attempt_success,
AP5999,T1000002256,2026-04-23,attempt_success,
AP6000,T1000002258,2025-09-29,attempt_failed,insufficient_funds
AP6001,T1000002258,2025-10-02,attempt_success,
AP6002,T1000002258,2026-03-30,attempt_failed,insufficient_funds
AP6003,T1000002258,2026-04-02,attempt_success,
AP6004,T1000002259,2025-11-11,attempt_success,
AP6005,T1000002259,2026-02-10,attempt_success,
AP6006,T1000002259,2026-05-12,attempt_success,
AP6007,T1000002260,2025-10-22,attempt_success,
AP6008,T1000002262,2025-11-26,attempt_failed,bank_declined
AP6009,T1000002262,2025-11-29,attempt_success,
AP6010,T1000002262,2026-05-27,attempt_success,
AP6011,T1000002263,2025-10-01,attempt_success,
AP6012,T1000002263,2025-10-31,attempt_failed,insufficient_funds
AP6013,T1000002263,2025-11-03,attempt_failed,insufficient_funds
AP6014,T1000002263,2025-11-30,attempt_success,
AP6015,T1000002263,2025-12-30,attempt_success,
AP6016,T1000002263,2026-01-29,attempt_success,
AP6017,T1000002263,2026-02-28,attempt_success,
AP6018,T1000002263,2026-03-30,attempt_success,
AP6019,T1000002263,2026-04-29,attempt_success,
AP6020,T1000002263,2026-05-29,attempt_success,
AP6021,T1000002263,2026-06-28,attempt_success,
AP6022,T1000002267,2025-09-15,attempt_success,
AP6023,T1000002267,2025-10-15,attempt_failed,bank_declined
AP6024,T1000002267,2025-10-18,attempt_success,
AP6025,T1000002267,2025-11-14,attempt_success,
AP6026,T1000002267,2025-12-14,attempt_failed,insufficient_funds
AP6027,T1000002267,2025-12-17,attempt_failed,insufficient_funds
AP6028,T1000002267,2026-01-13,attempt_success,
AP6029,T1000002267,2026-02-12,attempt_failed,insufficient_funds
AP6030,T1000002267,2026-02-15,attempt_success,
AP6031,T1000002267,2026-03-14,attempt_failed,insufficient_funds
AP6032,T1000002267,2026-03-17,attempt_failed,insufficient_funds
AP6033,T1000002267,2026-04-13,attempt_success,
AP6034,T1000002267,2026-05-13,attempt_success,
AP6035,T1000002267,2026-06-12,attempt_success,
AP6036,T1000002270,2025-09-18,attempt_success,
AP6037,T1000002270,2025-10-18,attempt_success,
AP6038,T1000002270,2025-11-17,attempt_success,
AP6039,T1000002270,2025-12-17,attempt_success,
AP6040,T1000002270,2026-01-16,attempt_success,
AP6041,T1000002270,2026-02-15,attempt_success,
AP6042,T1000002270,2026-03-17,attempt_success,
AP6043,T1000002270,2026-04-16,attempt_success,
AP6044,T1000002270,2026-05-16,attempt_success,
AP6045,T1000002270,2026-06-15,attempt_success,
AP6046,T1000002271,2025-12-09,attempt_success,
AP6047,T1000002273,2025-09-11,attempt_success,
AP6048,T1000002273,2025-10-11,attempt_success,
AP6049,T1000002273,2025-11-10,attempt_failed,insufficient_funds
AP6050,T1000002273,2025-11-13,attempt_success,
AP6051,T1000002273,2025-12-10,attempt_success,
AP6052,T1000002273,2026-01-09,attempt_success,
AP6053,T1000002273,2026-02-08,attempt_success,
AP6054,T1000002273,2026-03-10,attempt_success,
AP6055,T1000002273,2026-04-09,attempt_success,
AP6056,T1000002273,2026-05-09,attempt_success,
AP6057,T1000002273,2026-06-08,attempt_success,
AP6058,T1000002274,2025-09-24,attempt_success,
AP6059,T1000002274,2025-10-24,attempt_success,
AP6060,T1000002274,2025-11-23,attempt_success,
AP6061,T1000002274,2025-12-23,attempt_success,
AP6062,T1000002274,2026-01-22,attempt_success,
AP6063,T1000002274,2026-02-21,attempt_success,
AP6064,T1000002274,2026-03-23,attempt_success,
AP6065,T1000002274,2026-04-22,attempt_success,
AP6066,T1000002274,2026-05-22,attempt_success,
AP6067,T1000002274,2026-06-21,attempt_success,
AP6068,T1000002275,2025-06-19,attempt_success,
AP6069,T1000002275,2025-12-18,attempt_success,
AP6070,T1000002275,2026-06-18,attempt_success,
AP6071,T1000002276,2025-09-26,attempt_success,
AP6072,T1000002276,2025-10-26,attempt_success,
AP6073,T1000002276,2025-11-25,attempt_success,
AP6074,T1000002276,2025-12-25,attempt_success,
AP6075,T1000002276,2026-01-24,attempt_success,
AP6076,T1000002276,2026-02-23,attempt_success,
AP6077,T1000002276,2026-03-25,attempt_success,
AP6078,T1000002276,2026-04-24,attempt_success,
AP6079,T1000002276,2026-05-24,attempt_success,
AP6080,T1000002276,2026-06-23,attempt_success,
AP6081,T1000002283,2024-11-15,attempt_success,
AP6082,T1000002283,2025-11-15,attempt_success,
AP6083,T1000002289,2025-09-16,attempt_success,
AP6084,T1000002289,2025-10-16,attempt_failed,insufficient_funds
AP6085,T1000002289,2025-10-19,attempt_success,
AP6086,T1000002289,2025-11-15,attempt_success,
AP6087,T1000002289,2025-12-15,attempt_failed,insufficient_funds
AP6088,T1000002289,2025-12-18,attempt_success,
AP6089,T1000002289,2026-01-14,attempt_success,
AP6090,T1000002289,2026-02-13,attempt_success,
AP6091,T1000002289,2026-03-15,attempt_success,
AP6092,T1000002289,2026-04-14,attempt_success,
AP6093,T1000002289,2026-05-14,attempt_failed,bank_declined
AP6094,T1000002289,2026-05-17,attempt_success,
AP6095,T1000002289,2026-06-13,attempt_success,
AP6096,T1000002290,2025-08-31,attempt_success,
AP6097,T1000002290,2025-09-30,attempt_failed,insufficient_funds
AP6098,T1000002290,2025-10-03,attempt_success,
AP6099,T1000002290,2025-10-30,attempt_success,
AP6100,T1000002290,2025-11-29,attempt_success,
AP6101,T1000002290,2025-12-29,attempt_failed,card_expired
AP6102,T1000002290,2026-01-01,attempt_success,
AP6103,T1000002290,2026-01-28,attempt_success,
AP6104,T1000002290,2026-02-27,attempt_success,
AP6105,T1000002290,2026-03-29,attempt_success,
AP6106,T1000002290,2026-04-28,attempt_success,
AP6107,T1000002290,2026-05-28,attempt_success,
AP6108,T1000002290,2026-06-27,attempt_success,
AP6109,T1000002291,2025-07-09,attempt_success,
AP6110,T1000002291,2025-10-08,attempt_success,
AP6111,T1000002291,2026-01-07,attempt_success,
AP6112,T1000002291,2026-04-08,attempt_failed,card_expired
AP6113,T1000002291,2026-04-11,attempt_success,
AP6114,T1000002293,2025-09-12,attempt_success,
AP6115,T1000002293,2025-10-12,attempt_success,
AP6116,T1000002293,2025-11-11,attempt_success,
AP6117,T1000002293,2025-12-11,attempt_failed,card_expired
AP6118,T1000002293,2025-12-14,attempt_success,
AP6119,T1000002293,2026-01-10,attempt_success,
AP6120,T1000002293,2026-02-09,attempt_failed,insufficient_funds
AP6121,T1000002293,2026-02-12,attempt_success,
AP6122,T1000002293,2026-03-11,attempt_success,
AP6123,T1000002293,2026-04-10,attempt_success,
AP6124,T1000002293,2026-05-10,attempt_success,
AP6125,T1000002293,2026-06-09,attempt_success,
AP6126,T1000002294,2025-09-14,attempt_success,
AP6127,T1000002294,2025-10-14,attempt_success,
AP6128,T1000002294,2025-11-13,attempt_success,
AP6129,T1000002294,2025-12-13,attempt_failed,card_expired
AP6130,T1000002294,2025-12-16,attempt_success,
AP6131,T1000002294,2026-01-12,attempt_success,
AP6132,T1000002294,2026-02-11,attempt_success,
AP6133,T1000002294,2026-03-13,attempt_success,
AP6134,T1000002294,2026-04-12,attempt_success,
AP6135,T1000002294,2026-05-12,attempt_success,
AP6136,T1000002294,2026-06-11,attempt_success,
AP6137,T1000002300,2024-10-14,attempt_success,
AP6138,T1000002300,2025-10-14,attempt_success,
AP6139,T1000002301,2025-09-04,attempt_success,
AP6140,T1000002301,2025-10-04,attempt_success,
AP6141,T1000002301,2025-11-03,attempt_success,
AP6142,T1000002301,2025-12-03,attempt_failed,card_expired
AP6143,T1000002301,2025-12-06,attempt_failed,card_expired
AP6144,T1000002301,2026-01-02,attempt_success,
AP6145,T1000002301,2026-02-01,attempt_success,
AP6146,T1000002301,2026-03-03,attempt_failed,insufficient_funds
AP6147,T1000002301,2026-03-06,attempt_failed,insufficient_funds
AP6148,T1000002301,2026-04-02,attempt_success,
AP6149,T1000002301,2026-05-02,attempt_failed,card_expired
AP6150,T1000002301,2026-05-05,attempt_success,
AP6151,T1000002301,2026-06-01,attempt_success,
AP6152,T1000002303,2025-09-02,attempt_success,
AP6153,T1000002303,2025-10-02,attempt_success,
AP6154,T1000002303,2025-11-01,attempt_success,
AP6155,T1000002303,2025-12-01,attempt_failed,bank_declined
AP6156,T1000002303,2025-12-04,attempt_success,
AP6157,T1000002303,2025-12-31,attempt_success,
AP6158,T1000002303,2026-01-30,attempt_success,
AP6159,T1000002303,2026-03-01,attempt_success,
AP6160,T1000002303,2026-03-31,attempt_success,
AP6161,T1000002303,2026-04-30,attempt_success,
AP6162,T1000002303,2026-05-30,attempt_failed,card_expired
AP6163,T1000002303,2026-06-02,attempt_success,
AP6164,T1000002303,2026-06-29,attempt_success,
AP6165,T1000002304,2025-09-25,attempt_success,
AP6166,T1000002304,2025-10-25,attempt_success,
AP6167,T1000002304,2025-11-24,attempt_success,
AP6168,T1000002304,2025-12-24,attempt_success,
AP6169,T1000002304,2026-01-23,attempt_failed,bank_declined
AP6170,T1000002304,2026-01-26,attempt_failed,bank_declined
AP6171,T1000002304,2026-02-22,attempt_success,
AP6172,T1000002304,2026-03-24,attempt_success,
AP6173,T1000002304,2026-04-23,attempt_success,
AP6174,T1000002304,2026-05-23,attempt_success,
AP6175,T1000002304,2026-06-22,attempt_success,
AP6176,T1000002308,2025-09-07,attempt_success,
AP6177,T1000002308,2025-10-07,attempt_success,
AP6178,T1000002308,2025-11-06,attempt_success,
AP6179,T1000002308,2025-12-06,attempt_success,
AP6180,T1000002308,2026-01-05,attempt_failed,insufficient_funds
AP6181,T1000002308,2026-01-08,attempt_success,
AP6182,T1000002308,2026-02-04,attempt_success,
AP6183,T1000002308,2026-03-06,attempt_success,
AP6184,T1000002308,2026-04-05,attempt_success,
AP6185,T1000002308,2026-05-05,attempt_success,
AP6186,T1000002308,2026-06-04,attempt_success,
AP6187,T1000002309,2025-06-28,attempt_success,
AP6188,T1000002309,2025-12-27,attempt_failed,card_expired
AP6189,T1000002309,2025-12-30,attempt_success,
AP6190,T1000002309,2026-06-27,attempt_success,
AP6191,T1000002310,2025-01-07,attempt_failed,bank_declined
AP6192,T1000002310,2025-01-10,attempt_success,
AP6193,T1000002310,2026-01-07,attempt_success,
AP6194,T1000002312,2025-08-31,attempt_success,
AP6195,T1000002312,2025-11-30,attempt_success,
AP6196,T1000002312,2026-03-01,attempt_failed,bank_declined
AP6197,T1000002312,2026-03-04,attempt_failed,bank_declined
AP6198,T1000002312,2026-05-31,attempt_success,
AP6199,T1000002313,2025-09-04,attempt_success,
AP6200,T1000002313,2025-10-04,attempt_success,
AP6201,T1000002313,2025-11-03,attempt_success,
AP6202,T1000002313,2025-12-03,attempt_success,
AP6203,T1000002313,2026-01-02,attempt_success,
AP6204,T1000002313,2026-02-01,attempt_success,
AP6205,T1000002313,2026-03-03,attempt_success,
AP6206,T1000002313,2026-04-02,attempt_success,
AP6207,T1000002313,2026-05-02,attempt_success,
AP6208,T1000002313,2026-06-01,attempt_failed,insufficient_funds
AP6209,T1000002313,2026-06-04,attempt_success,
AP6210,T1000002315,2025-07-07,attempt_success,
AP6211,T1000002315,2025-10-06,attempt_failed,insufficient_funds
AP6212,T1000002315,2025-10-09,attempt_success,
AP6213,T1000002315,2026-01-05,attempt_success,
AP6214,T1000002315,2026-04-06,attempt_success,
AP6215,T1000002319,2025-11-20,attempt_failed,insufficient_funds
AP6216,T1000002319,2025-11-23,attempt_success,
AP6217,T1000002319,2025-12-20,attempt_success,
AP6218,T1000002319,2026-01-19,attempt_failed,card_expired
AP6219,T1000002319,2026-01-22,attempt_success,
AP6220,T1000002319,2026-02-18,attempt_success,
AP6221,T1000002319,2026-03-20,attempt_success,
AP6222,T1000002319,2026-04-19,attempt_success,
AP6223,T1000002319,2026-05-19,attempt_success,
AP6224,T1000002319,2026-06-18,attempt_success,
AP6225,T1000002324,2025-09-23,attempt_success,
AP6226,T1000002324,2025-10-23,attempt_success,
AP6227,T1000002324,2025-11-22,attempt_success,
AP6228,T1000002324,2025-12-22,attempt_success,
AP6229,T1000002324,2026-01-21,attempt_failed,insufficient_funds
AP6230,T1000002324,2026-01-24,attempt_failed,insufficient_funds
AP6231,T1000002324,2026-02-20,attempt_success,
AP6232,T1000002324,2026-03-22,attempt_success,
AP6233,T1000002324,2026-04-21,attempt_success,
AP6234,T1000002324,2026-05-21,attempt_success,
AP6235,T1000002324,2026-06-20,attempt_success,
AP6236,T1000002325,2025-09-23,attempt_success,
AP6237,T1000002325,2025-10-23,attempt_success,
AP6238,T1000002325,2025-11-22,attempt_success,
AP6239,T1000002325,2025-12-22,attempt_success,
AP6240,T1000002325,2026-01-21,attempt_success,
AP6241,T1000002325,2026-02-20,attempt_success,
AP6242,T1000002325,2026-03-22,attempt_success,
AP6243,T1000002325,2026-04-21,attempt_success,
AP6244,T1000002325,2026-05-21,attempt_success,
AP6245,T1000002325,2026-06-20,attempt_success,
AP6246,T1000002328,2025-10-23,attempt_success,
AP6247,T1000002328,2025-11-22,attempt_success,
AP6248,T1000002328,2025-12-22,attempt_success,
AP6249,T1000002328,2026-01-21,attempt_success,
AP6250,T1000002328,2026-02-20,attempt_success,
AP6251,T1000002328,2026-03-22,attempt_success,
AP6252,T1000002328,2026-04-21,attempt_success,
AP6253,T1000002328,2026-05-21,attempt_success,
AP6254,T1000002328,2026-06-20,attempt_success,
AP6255,T1000002329,2024-11-04,attempt_success,
AP6256,T1000002329,2025-11-04,attempt_failed,card_expired
AP6257,T1000002329,2025-11-07,attempt_success,
AP6258,T1000002331,2025-08-11,attempt_success,
AP6259,T1000002331,2025-11-10,attempt_success,
AP6260,T1000002331,2026-02-09,attempt_success,
AP6261,T1000002331,2026-05-11,attempt_success,
AP6262,T1000002334,2025-03-20,attempt_success,
AP6263,T1000002334,2026-03-20,attempt_success,
AP6264,T1000002335,2025-08-14,attempt_success,
AP6265,T1000002335,2026-02-12,attempt_success,
AP6266,T1000002336,2025-08-19,attempt_success,
AP6267,T1000002337,2025-07-10,attempt_success,
AP6268,T1000002337,2025-10-09,attempt_success,
AP6269,T1000002337,2026-01-08,attempt_success,
AP6270,T1000002337,2026-04-09,attempt_success,
AP6271,T1000002338,2024-11-15,attempt_failed,insufficient_funds
AP6272,T1000002338,2024-11-18,attempt_success,
AP6273,T1000002338,2025-11-15,attempt_success,
AP6274,T1000002341,2025-05-10,attempt_success,
AP6275,T1000002341,2026-05-10,attempt_success,
AP6276,T1000002343,2025-09-12,attempt_success,
AP6277,T1000002343,2025-10-12,attempt_success,
AP6278,T1000002343,2025-11-11,attempt_failed,bank_declined
AP6279,T1000002343,2025-11-14,attempt_success,
AP6280,T1000002343,2025-12-11,attempt_failed,insufficient_funds
AP6281,T1000002343,2025-12-14,attempt_failed,insufficient_funds
AP6282,T1000002343,2026-01-10,attempt_failed,insufficient_funds
AP6283,T1000002343,2026-01-13,attempt_success,
AP6284,T1000002343,2026-02-09,attempt_success,
AP6285,T1000002343,2026-03-11,attempt_success,
AP6286,T1000002343,2026-04-10,attempt_failed,insufficient_funds
AP6287,T1000002343,2026-04-13,attempt_failed,insufficient_funds
AP6288,T1000002343,2026-05-10,attempt_success,
AP6289,T1000002343,2026-06-09,attempt_failed,card_expired
AP6290,T1000002343,2026-06-12,attempt_success,
AP6291,T1000002344,2025-08-08,attempt_success,
AP6292,T1000002344,2026-02-06,attempt_success,
AP6293,T1000002346,2025-09-09,attempt_success,
AP6294,T1000002346,2025-10-09,attempt_success,
AP6295,T1000002346,2025-11-08,attempt_failed,insufficient_funds
AP6296,T1000002346,2025-11-11,attempt_failed,insufficient_funds
AP6297,T1000002346,2025-12-08,attempt_success,
AP6298,T1000002346,2026-01-07,attempt_success,
AP6299,T1000002346,2026-02-06,attempt_success,
AP6300,T1000002346,2026-03-08,attempt_failed,card_expired
AP6301,T1000002346,2026-03-11,attempt_failed,card_expired
AP6302,T1000002346,2026-04-07,attempt_success,
AP6303,T1000002346,2026-05-07,attempt_success,
AP6304,T1000002346,2026-06-06,attempt_success,
AP6305,T1000002349,2025-09-03,attempt_success,
AP6306,T1000002349,2025-10-03,attempt_success,
AP6307,T1000002349,2025-11-02,attempt_success,
AP6308,T1000002349,2025-12-02,attempt_failed,card_expired
AP6309,T1000002349,2025-12-05,attempt_failed,card_expired
AP6310,T1000002349,2026-01-01,attempt_success,
AP6311,T1000002349,2026-01-31,attempt_success,
AP6312,T1000002349,2026-03-02,attempt_success,
AP6313,T1000002349,2026-04-01,attempt_success,
AP6314,T1000002349,2026-05-01,attempt_failed,card_expired
AP6315,T1000002349,2026-05-04,attempt_success,
AP6316,T1000002349,2026-05-31,attempt_success,
AP6317,T1000002349,2026-06-30,attempt_failed,insufficient_funds
AP6318,T1000002349,2026-07-03,attempt_failed,insufficient_funds
AP6319,T1000002361,2025-05-24,attempt_success,
AP6320,T1000002361,2025-11-22,attempt_success,
AP6321,T1000002361,2026-05-23,attempt_failed,card_expired
AP6322,T1000002361,2026-05-26,attempt_success,
AP6323,T1000002362,2025-09-07,attempt_success,
AP6324,T1000002362,2025-10-07,attempt_success,
AP6325,T1000002362,2025-11-06,attempt_success,
AP6326,T1000002362,2025-12-06,attempt_success,
AP6327,T1000002362,2026-01-05,attempt_success,
AP6328,T1000002362,2026-02-04,attempt_success,
AP6329,T1000002362,2026-03-06,attempt_success,
AP6330,T1000002362,2026-04-05,attempt_success,
AP6331,T1000002362,2026-05-05,attempt_success,
AP6332,T1000002362,2026-06-04,attempt_success,
AP6333,T1000002363,2025-09-25,attempt_success,
AP6334,T1000002364,2025-08-25,attempt_success,
AP6335,T1000002365,2024-11-18,attempt_success,
AP6336,T1000002365,2025-11-18,attempt_failed,card_expired
AP6337,T1000002365,2025-11-21,attempt_success,
AP6338,T1000002367,2025-02-07,attempt_failed,insufficient_funds
AP6339,T1000002367,2025-02-10,attempt_failed,insufficient_funds
AP6340,T1000002367,2026-02-07,attempt_success,
AP6341,T1000002368,2025-09-19,attempt_success,
AP6342,T1000002368,2025-10-19,attempt_success,
AP6343,T1000002368,2025-11-18,attempt_success,
AP6344,T1000002368,2025-12-18,attempt_success,
AP6345,T1000002368,2026-01-17,attempt_success,
AP6346,T1000002368,2026-02-16,attempt_success,
AP6347,T1000002368,2026-03-18,attempt_success,
AP6348,T1000002368,2026-04-17,attempt_success,
AP6349,T1000002368,2026-05-17,attempt_success,
AP6350,T1000002368,2026-06-16,attempt_success,
AP6351,T1000002372,2025-09-17,attempt_success,
AP6352,T1000002372,2025-12-17,attempt_failed,bank_declined
AP6353,T1000002372,2025-12-20,attempt_success,
AP6354,T1000002372,2026-03-18,attempt_success,
AP6355,T1000002372,2026-06-17,attempt_success,
AP6356,T1000002374,2025-08-19,attempt_success,
AP6357,T1000002383,2025-09-29,attempt_success,
AP6358,T1000002383,2025-10-29,attempt_success,
AP6359,T1000002383,2025-11-28,attempt_failed,bank_declined
AP6360,T1000002383,2025-12-01,attempt_failed,bank_declined
AP6361,T1000002383,2025-12-28,attempt_success,
AP6362,T1000002383,2026-01-27,attempt_success,
AP6363,T1000002383,2026-02-26,attempt_success,
AP6364,T1000002383,2026-03-28,attempt_success,
AP6365,T1000002383,2026-04-27,attempt_success,
AP6366,T1000002383,2026-05-27,attempt_success,
AP6367,T1000002383,2026-06-26,attempt_success,
AP6368,T1000002384,2025-08-13,attempt_success,
AP6369,T1000002384,2026-02-11,attempt_success,
AP6370,T1000002385,2025-11-21,attempt_failed,bank_declined
AP6371,T1000002385,2025-11-24,attempt_success,
AP6372,T1000002385,2025-12-21,attempt_success,
AP6373,T1000002385,2026-01-20,attempt_failed,card_expired
AP6374,T1000002385,2026-01-23,attempt_success,
AP6375,T1000002385,2026-02-19,attempt_failed,card_expired
AP6376,T1000002385,2026-02-22,attempt_success,
AP6377,T1000002385,2026-03-21,attempt_success,
AP6378,T1000002385,2026-04-20,attempt_success,
AP6379,T1000002385,2026-05-20,attempt_success,
AP6380,T1000002385,2026-06-19,attempt_success,
AP6381,T1000002386,2025-07-20,attempt_success,
AP6382,T1000002386,2026-01-18,attempt_success,
AP6383,T1000002388,2025-07-31,attempt_success,
AP6384,T1000002388,2025-10-30,attempt_success,
AP6385,T1000002388,2026-01-29,attempt_success,
AP6386,T1000002388,2026-04-30,attempt_failed,card_expired
AP6387,T1000002388,2026-05-03,attempt_success,
AP6388,T1000002390,2025-09-12,attempt_success,
AP6389,T1000002390,2025-10-12,attempt_success,
AP6390,T1000002390,2025-11-11,attempt_success,
AP6391,T1000002390,2025-12-11,attempt_failed,bank_declined
AP6392,T1000002390,2025-12-14,attempt_success,
AP6393,T1000002390,2026-01-10,attempt_success,
AP6394,T1000002390,2026-02-09,attempt_success,
AP6395,T1000002390,2026-03-11,attempt_success,
AP6396,T1000002390,2026-04-10,attempt_success,
AP6397,T1000002390,2026-05-10,attempt_success,
AP6398,T1000002390,2026-06-09,attempt_success,
AP6399,T1000002393,2025-06-12,attempt_success,
AP6400,T1000002393,2026-06-12,attempt_success,
AP6401,T1000002394,2025-02-19,attempt_success,
AP6402,T1000002394,2026-02-19,attempt_success,
AP6403,T1000002397,2024-12-28,attempt_success,
AP6404,T1000002397,2025-12-28,attempt_success,
AP6405,T1000002398,2025-02-15,attempt_success,
AP6406,T1000002398,2026-02-15,attempt_failed,bank_declined
AP6407,T1000002398,2026-02-18,attempt_success,
AP6408,T1000002405,2025-09-26,attempt_success,
AP6409,T1000002405,2025-12-26,attempt_success,
AP6410,T1000002405,2026-03-27,attempt_success,
AP6411,T1000002405,2026-06-26,attempt_success,
AP6412,T1000002406,2025-08-05,attempt_success,
AP6413,T1000002412,2025-09-25,attempt_success,
AP6414,T1000002412,2025-10-25,attempt_success,
AP6415,T1000002412,2025-11-24,attempt_success,
AP6416,T1000002412,2025-12-24,attempt_success,
AP6417,T1000002412,2026-01-23,attempt_success,
AP6418,T1000002412,2026-02-22,attempt_success,
AP6419,T1000002412,2026-03-24,attempt_failed,insufficient_funds
AP6420,T1000002412,2026-03-27,attempt_success,
AP6421,T1000002412,2026-04-23,attempt_success,
AP6422,T1000002412,2026-05-23,attempt_success,
AP6423,T1000002412,2026-06-22,attempt_success,
AP6424,T1000002414,2025-09-11,attempt_success,
AP6425,T1000002414,2025-10-11,attempt_success,
AP6426,T1000002414,2025-11-10,attempt_success,
AP6427,T1000002414,2025-12-10,attempt_success,
AP6428,T1000002414,2026-01-09,attempt_success,
AP6429,T1000002414,2026-02-08,attempt_failed,insufficient_funds
AP6430,T1000002414,2026-02-11,attempt_success,
AP6431,T1000002414,2026-03-10,attempt_success,
AP6432,T1000002414,2026-04-09,attempt_success,
AP6433,T1000002414,2026-05-09,attempt_success,
AP6434,T1000002414,2026-06-08,attempt_success,
AP6435,T1000002419,2025-09-25,attempt_success,
AP6436,T1000002419,2025-12-25,attempt_success,
AP6437,T1000002419,2026-03-26,attempt_success,
AP6438,T1000002419,2026-06-25,attempt_success,
AP6439,T1000002420,2025-06-28,attempt_success,
AP6440,T1000002420,2025-12-27,attempt_failed,bank_declined
AP6441,T1000002420,2025-12-30,attempt_success,
AP6442,T1000002420,2026-06-27,attempt_success,
AP6443,T1000002422,2025-09-02,attempt_success,
AP6444,T1000002422,2026-03-03,attempt_failed,insufficient_funds
AP6445,T1000002422,2026-03-06,attempt_success,
AP6446,T1000002429,2025-04-23,attempt_success,
AP6447,T1000002429,2026-04-23,attempt_success,
AP6448,T1000002430,2025-09-15,attempt_failed,card_expired
AP6449,T1000002430,2025-09-18,attempt_success,
AP6450,T1000002430,2025-12-15,attempt_success,
AP6451,T1000002430,2026-03-16,attempt_success,
AP6452,T1000002430,2026-06-15,attempt_success,
AP6453,T1000002431,2025-09-16,attempt_success,
AP6454,T1000002431,2025-10-16,attempt_success,
AP6455,T1000002431,2025-11-15,attempt_success,
AP6456,T1000002431,2025-12-15,attempt_failed,insufficient_funds
AP6457,T1000002431,2025-12-18,attempt_failed,insufficient_funds
AP6458,T1000002431,2026-01-14,attempt_success,
AP6459,T1000002431,2026-02-13,attempt_success,
AP6460,T1000002431,2026-03-15,attempt_success,
AP6461,T1000002431,2026-04-14,attempt_success,
AP6462,T1000002431,2026-05-14,attempt_failed,insufficient_funds
AP6463,T1000002431,2026-05-17,attempt_success,
AP6464,T1000002431,2026-06-13,attempt_success,
AP6465,T1000002434,2025-09-05,attempt_failed,insufficient_funds
AP6466,T1000002434,2025-09-08,attempt_failed,insufficient_funds
AP6467,T1000002434,2025-10-05,attempt_success,
AP6468,T1000002434,2025-11-04,attempt_success,
AP6469,T1000002434,2025-12-04,attempt_success,
AP6470,T1000002434,2026-01-03,attempt_success,
AP6471,T1000002434,2026-02-02,attempt_success,
AP6472,T1000002434,2026-03-04,attempt_success,
AP6473,T1000002434,2026-04-03,attempt_success,
AP6474,T1000002434,2026-05-03,attempt_success,
AP6475,T1000002434,2026-06-02,attempt_success,
AP6476,T1000002435,2025-01-31,attempt_success,
AP6477,T1000002435,2026-01-31,attempt_success,
AP6478,T1000002440,2025-05-19,attempt_success,
AP6479,T1000002440,2026-05-19,attempt_success,
AP6480,T1000002441,2024-12-17,attempt_success,
AP6481,T1000002441,2025-12-17,attempt_success,
AP6482,T1000002444,2025-05-05,attempt_success,
AP6483,T1000002444,2026-05-05,attempt_success,
AP6484,T1000002447,2025-05-28,attempt_success,
AP6485,T1000002447,2025-11-26,attempt_success,
AP6486,T1000002447,2026-05-27,attempt_success,
AP6487,T1000002449,2025-09-26,attempt_success,
AP6488,T1000002449,2025-10-26,attempt_success,
AP6489,T1000002449,2025-11-25,attempt_success,
AP6490,T1000002449,2025-12-25,attempt_success,
AP6491,T1000002449,2026-01-24,attempt_success,
AP6492,T1000002449,2026-02-23,attempt_failed,insufficient_funds
AP6493,T1000002449,2026-02-26,attempt_failed,insufficient_funds
AP6494,T1000002449,2026-03-25,attempt_success,
AP6495,T1000002449,2026-04-24,attempt_success,
AP6496,T1000002449,2026-05-24,attempt_success,
AP6497,T1000002449,2026-06-23,attempt_success,
AP6498,T1000002450,2025-04-21,attempt_success,
AP6499,T1000002450,2025-10-20,attempt_success,
AP6500,T1000002450,2026-04-20,attempt_success,
AP6501,T1000002452,2025-07-26,attempt_success,
AP6502,T1000002452,2025-10-25,attempt_success,
AP6503,T1000002452,2026-01-24,attempt_failed,bank_declined
AP6504,T1000002452,2026-01-27,attempt_success,
AP6505,T1000002452,2026-04-25,attempt_success,
AP6506,T1000002453,2025-09-25,attempt_success,
AP6507,T1000002453,2025-10-25,attempt_success,
AP6508,T1000002453,2025-11-24,attempt_success,
AP6509,T1000002453,2025-12-24,attempt_success,
AP6510,T1000002453,2026-01-23,attempt_success,
AP6511,T1000002453,2026-02-22,attempt_success,
AP6512,T1000002453,2026-03-24,attempt_success,
AP6513,T1000002453,2026-04-23,attempt_success,
AP6514,T1000002453,2026-05-23,attempt_success,
AP6515,T1000002453,2026-06-22,attempt_success,
AP6516,T1000002456,2025-12-03,attempt_success,
AP6517,T1000002456,2026-01-02,attempt_success,
AP6518,T1000002456,2026-02-01,attempt_success,
AP6519,T1000002456,2026-03-03,attempt_success,
AP6520,T1000002456,2026-04-02,attempt_success,
AP6521,T1000002456,2026-05-02,attempt_success,
AP6522,T1000002456,2026-06-01,attempt_failed,bank_declined
AP6523,T1000002456,2026-06-04,attempt_success,
AP6524,T1000002459,2025-09-21,attempt_failed,bank_declined
AP6525,T1000002459,2025-09-24,attempt_success,
AP6526,T1000002459,2025-10-21,attempt_success,
AP6527,T1000002459,2025-11-20,attempt_success,
AP6528,T1000002459,2025-12-20,attempt_success,
AP6529,T1000002459,2026-01-19,attempt_success,
AP6530,T1000002459,2026-02-18,attempt_success,
AP6531,T1000002459,2026-03-20,attempt_success,
AP6532,T1000002459,2026-04-19,attempt_success,
AP6533,T1000002459,2026-05-19,attempt_success,
AP6534,T1000002459,2026-06-18,attempt_success,
AP6535,T1000002460,2025-04-26,attempt_failed,bank_declined
AP6536,T1000002460,2025-04-29,attempt_failed,bank_declined
AP6537,T1000002460,2026-04-26,attempt_success,
AP6538,T1000002461,2025-09-08,attempt_success,
AP6539,T1000002461,2025-10-08,attempt_success,
AP6540,T1000002461,2025-11-07,attempt_success,
AP6541,T1000002461,2025-12-07,attempt_success,
AP6542,T1000002461,2026-01-06,attempt_failed,insufficient_funds
AP6543,T1000002461,2026-01-09,attempt_success,
AP6544,T1000002461,2026-02-05,attempt_success,
AP6545,T1000002461,2026-03-07,attempt_success,
AP6546,T1000002461,2026-04-06,attempt_success,
AP6547,T1000002461,2026-05-06,attempt_success,
AP6548,T1000002461,2026-06-05,attempt_success,
AP6549,T1000002462,2025-10-26,attempt_success,
AP6550,T1000002462,2025-11-25,attempt_success,
AP6551,T1000002462,2025-12-25,attempt_success,
AP6552,T1000002462,2026-01-24,attempt_success,
AP6553,T1000002462,2026-02-23,attempt_success,
AP6554,T1000002462,2026-03-25,attempt_success,
AP6555,T1000002462,2026-04-24,attempt_success,
AP6556,T1000002462,2026-05-24,attempt_failed,insufficient_funds
AP6557,T1000002462,2026-05-27,attempt_success,
AP6558,T1000002462,2026-06-23,attempt_success,
AP6559,T1000002464,2025-09-10,attempt_success,
AP6560,T1000002464,2025-12-10,attempt_failed,bank_declined
AP6561,T1000002464,2025-12-13,attempt_failed,bank_declined
AP6562,T1000002464,2026-03-11,attempt_success,
AP6563,T1000002464,2026-06-10,attempt_success,
AP6564,T1000002469,2025-03-01,attempt_success,
AP6565,T1000002469,2026-03-01,attempt_success,
AP6566,T1000002472,2025-07-31,attempt_success,
AP6567,T1000002472,2025-10-30,attempt_success,
AP6568,T1000002472,2026-01-29,attempt_success,
AP6569,T1000002472,2026-04-30,attempt_success,
AP6570,T1000002475,2025-01-03,attempt_success,
AP6571,T1000002475,2026-01-03,attempt_failed,insufficient_funds
AP6572,T1000002475,2026-01-06,attempt_success,
AP6573,T1000002478,2025-09-27,attempt_success,
AP6574,T1000002478,2025-10-27,attempt_success,
AP6575,T1000002478,2025-11-26,attempt_success,
AP6576,T1000002478,2025-12-26,attempt_success,
AP6577,T1000002478,2026-01-25,attempt_success,
AP6578,T1000002478,2026-02-24,attempt_success,
AP6579,T1000002478,2026-03-26,attempt_success,
AP6580,T1000002478,2026-04-25,attempt_success,
AP6581,T1000002478,2026-05-25,attempt_success,
AP6582,T1000002478,2026-06-24,attempt_success,
AP6583,T1000002479,2025-06-24,attempt_success,
AP6584,T1000002479,2025-12-23,attempt_failed,insufficient_funds
AP6585,T1000002479,2025-12-26,attempt_success,
AP6586,T1000002479,2026-06-23,attempt_success,
AP6587,T1000002480,2025-07-13,attempt_success,
AP6588,T1000002480,2025-10-12,attempt_success,
AP6589,T1000002480,2026-01-11,attempt_success,
AP6590,T1000002480,2026-04-12,attempt_success,
AP6591,T1000002481,2025-09-28,attempt_failed,insufficient_funds
AP6592,T1000002481,2025-10-01,attempt_success,
AP6593,T1000002481,2025-10-28,attempt_success,
AP6594,T1000002481,2025-11-27,attempt_success,
AP6595,T1000002481,2025-12-27,attempt_success,
AP6596,T1000002481,2026-01-26,attempt_success,
AP6597,T1000002481,2026-02-25,attempt_success,
AP6598,T1000002481,2026-03-27,attempt_success,
AP6599,T1000002481,2026-04-26,attempt_success,
AP6600,T1000002481,2026-05-26,attempt_success,
AP6601,T1000002481,2026-06-25,attempt_success,
AP6602,T1000002483,2025-09-02,attempt_success,
AP6603,T1000002483,2025-10-02,attempt_success,
AP6604,T1000002483,2025-11-01,attempt_success,
AP6605,T1000002483,2025-12-01,attempt_success,
AP6606,T1000002483,2025-12-31,attempt_success,
AP6607,T1000002483,2026-01-30,attempt_success,
AP6608,T1000002483,2026-03-01,attempt_success,
AP6609,T1000002483,2026-03-31,attempt_success,
AP6610,T1000002483,2026-04-30,attempt_success,
AP6611,T1000002483,2026-05-30,attempt_failed,insufficient_funds
AP6612,T1000002483,2026-06-02,attempt_success,
AP6613,T1000002483,2026-06-29,attempt_success,
AP6614,T1000002485,2025-04-28,attempt_failed,insufficient_funds
AP6615,T1000002485,2025-05-01,attempt_success,
AP6616,T1000002485,2026-04-28,attempt_success,
AP6617,T1000002486,2025-05-28,attempt_success,
AP6618,T1000002486,2025-11-26,attempt_failed,insufficient_funds
AP6619,T1000002486,2025-11-29,attempt_success,
AP6620,T1000002486,2026-05-27,attempt_success,
AP6621,T1000002487,2025-07-29,attempt_success,
AP6622,T1000002487,2025-10-28,attempt_failed,card_expired
AP6623,T1000002487,2025-10-31,attempt_failed,card_expired
AP6624,T1000002487,2026-01-27,attempt_success,
AP6625,T1000002487,2026-04-28,attempt_success,
AP6626,T1000002489,2025-09-10,attempt_success,
AP6627,T1000002489,2025-10-10,attempt_success,
AP6628,T1000002489,2025-11-09,attempt_success,
AP6629,T1000002489,2025-12-09,attempt_success,
AP6630,T1000002489,2026-01-08,attempt_success,
AP6631,T1000002489,2026-02-07,attempt_success,
AP6632,T1000002489,2026-03-09,attempt_success,
AP6633,T1000002489,2026-04-08,attempt_success,
AP6634,T1000002489,2026-05-08,attempt_failed,insufficient_funds
AP6635,T1000002489,2026-05-11,attempt_success,
AP6636,T1000002489,2026-06-07,attempt_success,
AP6637,T1000002490,2025-01-24,attempt_success,
AP6638,T1000002490,2026-01-24,attempt_failed,insufficient_funds
AP6639,T1000002490,2026-01-27,attempt_success,
AP6640,T1000002492,2025-09-16,attempt_success,
AP6641,T1000002492,2025-10-16,attempt_success,
AP6642,T1000002492,2025-11-15,attempt_success,
AP6643,T1000002492,2025-12-15,attempt_success,
AP6644,T1000002492,2026-01-14,attempt_success,
AP6645,T1000002492,2026-02-13,attempt_success,
AP6646,T1000002492,2026-03-15,attempt_success,
AP6647,T1000002492,2026-04-14,attempt_success,
AP6648,T1000002492,2026-05-14,attempt_success,
AP6649,T1000002492,2026-06-13,attempt_success,
AP6650,T1000002494,2025-08-26,attempt_success,
AP6651,T1000002495,2025-09-13,attempt_success,
AP6652,T1000002495,2025-10-13,attempt_success,
AP6653,T1000002495,2025-11-12,attempt_success,
AP6654,T1000002495,2025-12-12,attempt_success,
AP6655,T1000002495,2026-01-11,attempt_success,
AP6656,T1000002495,2026-02-10,attempt_failed,card_expired
AP6657,T1000002495,2026-02-13,attempt_success,
AP6658,T1000002495,2026-03-12,attempt_failed,card_expired
AP6659,T1000002495,2026-03-15,attempt_success,
AP6660,T1000002495,2026-04-11,attempt_success,
AP6661,T1000002495,2026-05-11,attempt_success,
AP6662,T1000002495,2026-06-10,attempt_success,
AP6663,T1000002496,2025-09-06,attempt_failed,insufficient_funds
AP6664,T1000002496,2025-09-09,attempt_success,
AP6665,T1000002496,2025-12-06,attempt_success,
AP6666,T1000002496,2026-03-07,attempt_success,
AP6667,T1000002496,2026-06-06,attempt_failed,insufficient_funds
AP6668,T1000002496,2026-06-09,attempt_success,
AP6669,T1000002501,2025-08-31,attempt_failed,insufficient_funds
AP6670,T1000002501,2025-09-03,attempt_success,
AP6671,T1000002501,2025-09-30,attempt_success,
AP6672,T1000002501,2025-10-30,attempt_success,
AP6673,T1000002501,2025-11-29,attempt_success,
AP6674,T1000002501,2025-12-29,attempt_success,
AP6675,T1000002501,2026-01-28,attempt_success,
AP6676,T1000002501,2026-02-27,attempt_success,
AP6677,T1000002501,2026-03-29,attempt_success,
AP6678,T1000002501,2026-04-28,attempt_failed,insufficient_funds
AP6679,T1000002501,2026-05-01,attempt_failed,insufficient_funds
AP6680,T1000002501,2026-05-28,attempt_success,
AP6681,T1000002501,2026-06-27,attempt_success,
AP6682,T1000002502,2025-06-30,attempt_success,
AP6683,T1000002502,2025-12-29,attempt_success,
AP6684,T1000002502,2026-06-29,attempt_success,
AP6685,T1000002505,2025-08-31,attempt_success,
AP6686,T1000002505,2025-09-30,attempt_failed,insufficient_funds
AP6687,T1000002505,2025-10-03,attempt_success,
AP6688,T1000002505,2025-10-30,attempt_success,
AP6689,T1000002505,2025-11-29,attempt_success,
AP6690,T1000002505,2025-12-29,attempt_success,
AP6691,T1000002505,2026-01-28,attempt_success,
AP6692,T1000002505,2026-02-27,attempt_success,
AP6693,T1000002505,2026-03-29,attempt_success,
AP6694,T1000002505,2026-04-28,attempt_success,
AP6695,T1000002505,2026-05-28,attempt_success,
AP6696,T1000002505,2026-06-27,attempt_success,
AP6697,T1000002508,2025-09-20,attempt_success,
AP6698,T1000002508,2025-10-20,attempt_success,
AP6699,T1000002508,2025-11-19,attempt_success,
AP6700,T1000002508,2025-12-19,attempt_success,
AP6701,T1000002508,2026-01-18,attempt_success,
AP6702,T1000002508,2026-02-17,attempt_failed,insufficient_funds
AP6703,T1000002508,2026-02-20,attempt_success,
AP6704,T1000002508,2026-03-19,attempt_success,
AP6705,T1000002508,2026-04-18,attempt_success,
AP6706,T1000002508,2026-05-18,attempt_success,
AP6707,T1000002508,2026-06-17,attempt_success,
AP6708,T1000002510,2025-09-11,attempt_success,
AP6709,T1000002510,2025-10-11,attempt_success,
AP6710,T1000002510,2025-11-10,attempt_success,
AP6711,T1000002510,2025-12-10,attempt_success,
AP6712,T1000002510,2026-01-09,attempt_success,
AP6713,T1000002510,2026-02-08,attempt_failed,insufficient_funds
AP6714,T1000002510,2026-02-11,attempt_success,
AP6715,T1000002510,2026-03-10,attempt_success,
AP6716,T1000002510,2026-04-09,attempt_success,
AP6717,T1000002510,2026-05-09,attempt_success,
AP6718,T1000002510,2026-06-08,attempt_success,
AP6719,T1000002511,2025-04-16,attempt_success,
AP6720,T1000002511,2026-04-16,attempt_success,
AP6721,T1000002512,2025-09-25,attempt_success,
AP6722,T1000002512,2025-12-25,attempt_success,
AP6723,T1000002512,2026-03-26,attempt_failed,bank_declined
AP6724,T1000002512,2026-03-29,attempt_success,
AP6725,T1000002512,2026-06-25,attempt_success,
AP6726,T1000002516,2025-04-26,attempt_failed,insufficient_funds
AP6727,T1000002516,2025-04-29,attempt_failed,insufficient_funds
AP6728,T1000002516,2025-10-25,attempt_success,
AP6729,T1000002516,2026-04-25,attempt_success,
AP6730,T1000002521,2025-09-07,attempt_success,
AP6731,T1000002521,2025-12-07,attempt_success,
AP6732,T1000002521,2026-03-08,attempt_success,
AP6733,T1000002521,2026-06-07,attempt_success,
AP6734,T1000002522,2025-07-01,attempt_success,
AP6735,T1000002526,2024-11-17,attempt_success,
AP6736,T1000002526,2025-11-17,attempt_success,
AP6737,T1000002532,2025-09-15,attempt_success,
AP6738,T1000002532,2025-12-15,attempt_success,
AP6739,T1000002532,2026-03-16,attempt_success,
AP6740,T1000002532,2026-06-15,attempt_success,
AP6741,T1000002533,2025-09-08,attempt_success,
AP6742,T1000002533,2025-10-08,attempt_success,
AP6743,T1000002533,2025-11-07,attempt_success,
AP6744,T1000002533,2025-12-07,attempt_success,
AP6745,T1000002533,2026-01-06,attempt_failed,bank_declined
AP6746,T1000002533,2026-01-09,attempt_failed,bank_declined
AP6747,T1000002533,2026-02-05,attempt_success,
AP6748,T1000002533,2026-03-07,attempt_success,
AP6749,T1000002533,2026-04-06,attempt_success,
AP6750,T1000002533,2026-05-06,attempt_success,
AP6751,T1000002533,2026-06-05,attempt_success,
AP6752,T1000002536,2025-06-05,attempt_success,
AP6753,T1000002536,2025-12-04,attempt_success,
AP6754,T1000002536,2026-06-04,attempt_success,
AP6755,T1000002537,2025-09-14,attempt_success,
AP6756,T1000002538,2025-09-06,attempt_success,
AP6757,T1000002538,2025-10-06,attempt_success,
AP6758,T1000002538,2025-11-05,attempt_success,
AP6759,T1000002538,2025-12-05,attempt_success,
AP6760,T1000002538,2026-01-04,attempt_success,
AP6761,T1000002538,2026-02-03,attempt_failed,insufficient_funds
AP6762,T1000002538,2026-02-06,attempt_failed,insufficient_funds
AP6763,T1000002538,2026-03-05,attempt_success,
AP6764,T1000002538,2026-04-04,attempt_success,
AP6765,T1000002538,2026-05-04,attempt_success,
AP6766,T1000002538,2026-06-03,attempt_failed,card_expired
AP6767,T1000002538,2026-06-06,attempt_failed,card_expired
AP6768,T1000002543,2025-09-19,attempt_success,
AP6769,T1000002543,2025-10-19,attempt_success,
AP6770,T1000002543,2025-11-18,attempt_success,
AP6771,T1000002543,2025-12-18,attempt_success,
AP6772,T1000002543,2026-01-17,attempt_success,
AP6773,T1000002543,2026-02-16,attempt_success,
AP6774,T1000002543,2026-03-18,attempt_success,
AP6775,T1000002543,2026-04-17,attempt_success,
AP6776,T1000002543,2026-05-17,attempt_success,
AP6777,T1000002543,2026-06-16,attempt_success,
AP6778,T1000002547,2025-02-28,attempt_success,
AP6779,T1000002547,2026-02-28,attempt_success,
AP6780,T1000002549,2025-12-09,attempt_success,
AP6781,T1000002549,2026-03-10,attempt_success,
AP6782,T1000002549,2026-06-09,attempt_success,
AP6783,T1000002552,2025-06-23,attempt_success,
AP6784,T1000002552,2026-06-23,attempt_success,
AP6785,T1000002555,2025-09-11,attempt_success,
AP6786,T1000002555,2025-10-11,attempt_success,
AP6787,T1000002555,2025-11-10,attempt_success,
AP6788,T1000002555,2025-12-10,attempt_success,
AP6789,T1000002555,2026-01-09,attempt_success,
AP6790,T1000002555,2026-02-08,attempt_success,
AP6791,T1000002555,2026-03-10,attempt_success,
AP6792,T1000002555,2026-04-09,attempt_failed,insufficient_funds
AP6793,T1000002555,2026-04-12,attempt_failed,insufficient_funds
AP6794,T1000002555,2026-05-09,attempt_success,
AP6795,T1000002555,2026-06-08,attempt_success,
AP6796,T1000002560,2025-09-29,attempt_failed,bank_declined
AP6797,T1000002560,2025-10-02,attempt_failed,bank_declined
AP6798,T1000002560,2025-10-29,attempt_success,
AP6799,T1000002560,2025-11-28,attempt_success,
AP6800,T1000002560,2025-12-28,attempt_success,
AP6801,T1000002560,2026-01-27,attempt_success,
AP6802,T1000002560,2026-02-26,attempt_success,
AP6803,T1000002560,2026-03-28,attempt_success,
AP6804,T1000002560,2026-04-27,attempt_success,
AP6805,T1000002560,2026-05-27,attempt_success,
AP6806,T1000002560,2026-06-26,attempt_failed,insufficient_funds
AP6807,T1000002560,2026-06-29,attempt_failed,insufficient_funds
AP6808,T1000002563,2025-12-08,attempt_success,
AP6809,T1000002563,2026-06-08,attempt_failed,insufficient_funds
AP6810,T1000002563,2026-06-11,attempt_success,
AP6811,T1000002565,2025-05-19,attempt_failed,card_expired
AP6812,T1000002565,2025-05-22,attempt_success,
AP6813,T1000002565,2026-05-19,attempt_success,
AP6814,T1000002566,2024-12-22,attempt_failed,insufficient_funds
AP6815,T1000002566,2024-12-25,attempt_success,
AP6816,T1000002566,2025-12-22,attempt_failed,card_expired
AP6817,T1000002566,2025-12-25,attempt_failed,card_expired
AP6818,T1000002571,2025-09-24,attempt_success,
AP6819,T1000002571,2025-10-24,attempt_success,
AP6820,T1000002571,2025-11-23,attempt_success,
AP6821,T1000002571,2025-12-23,attempt_success,
AP6822,T1000002571,2026-01-22,attempt_success,
AP6823,T1000002571,2026-02-21,attempt_success,
AP6824,T1000002571,2026-03-23,attempt_success,
AP6825,T1000002571,2026-04-22,attempt_success,
AP6826,T1000002571,2026-05-22,attempt_success,
AP6827,T1000002571,2026-06-21,attempt_success,
AP6828,T1000002572,2025-05-14,attempt_success,
AP6829,T1000002572,2025-11-12,attempt_success,
AP6830,T1000002572,2026-05-13,attempt_success,
AP6831,T1000002574,2025-07-22,attempt_success,
AP6832,T1000002574,2025-10-21,attempt_success,
AP6833,T1000002574,2026-01-20,attempt_success,
AP6834,T1000002574,2026-04-21,attempt_success,
AP6835,T1000002576,2025-09-21,attempt_success,
AP6836,T1000002576,2025-10-21,attempt_success,
AP6837,T1000002576,2025-11-20,attempt_failed,insufficient_funds
AP6838,T1000002576,2025-11-23,attempt_success,
AP6839,T1000002576,2025-12-20,attempt_success,
AP6840,T1000002576,2026-01-19,attempt_failed,card_expired
AP6841,T1000002576,2026-01-22,attempt_success,
AP6842,T1000002576,2026-02-18,attempt_success,
AP6843,T1000002576,2026-03-20,attempt_success,
AP6844,T1000002576,2026-04-19,attempt_success,
AP6845,T1000002576,2026-05-19,attempt_success,
AP6846,T1000002576,2026-06-18,attempt_success,
AP6847,T1000002577,2025-07-12,attempt_success,
AP6848,T1000002577,2026-01-10,attempt_success,
AP6849,T1000002580,2025-02-07,attempt_success,
AP6850,T1000002580,2026-02-07,attempt_success,
AP6851,T1000002581,2025-08-13,attempt_success,
AP6852,T1000002581,2025-11-12,attempt_failed,card_expired
AP6853,T1000002581,2025-11-15,attempt_failed,card_expired
AP6854,T1000002581,2026-02-11,attempt_success,
AP6855,T1000002581,2026-05-13,attempt_success,
AP6856,T1000002585,2025-09-18,attempt_success,
AP6857,T1000002585,2025-10-18,attempt_success,
AP6858,T1000002585,2025-11-17,attempt_success,
AP6859,T1000002585,2025-12-17,attempt_success,
AP6860,T1000002585,2026-01-16,attempt_failed,card_expired
AP6861,T1000002585,2026-01-19,attempt_success,
AP6862,T1000002585,2026-02-15,attempt_success,
AP6863,T1000002585,2026-03-17,attempt_success,
AP6864,T1000002585,2026-04-16,attempt_success,
AP6865,T1000002585,2026-05-16,attempt_success,
AP6866,T1000002585,2026-06-15,attempt_success,
AP6867,T1000002589,2024-11-02,attempt_success,
AP6868,T1000002589,2025-11-02,attempt_success,
AP6869,T1000002591,2025-08-25,attempt_success,
AP6870,T1000002591,2025-11-24,attempt_success,
AP6871,T1000002591,2026-02-23,attempt_success,
AP6872,T1000002591,2026-05-25,attempt_success,
AP6873,T1000002592,2025-09-10,attempt_success,
AP6874,T1000002592,2026-03-11,attempt_success,
AP6875,T1000002595,2025-12-07,attempt_success,
AP6876,T1000002595,2026-01-06,attempt_success,
AP6877,T1000002595,2026-02-05,attempt_failed,insufficient_funds
AP6878,T1000002595,2026-02-08,attempt_success,
AP6879,T1000002595,2026-03-07,attempt_success,
AP6880,T1000002595,2026-04-06,attempt_failed,bank_declined
AP6881,T1000002595,2026-04-09,attempt_success,
AP6882,T1000002595,2026-05-06,attempt_success,
AP6883,T1000002595,2026-06-05,attempt_failed,insufficient_funds
AP6884,T1000002595,2026-06-08,attempt_failed,insufficient_funds
AP6885,T1000002599,2025-07-17,attempt_success,
AP6886,T1000002599,2026-01-15,attempt_failed,insufficient_funds
AP6887,T1000002599,2026-01-18,attempt_success,
AP6888,T1000002603,2025-08-13,attempt_success,
AP6889,T1000002603,2025-11-12,attempt_success,
AP6890,T1000002603,2026-02-11,attempt_success,
AP6891,T1000002603,2026-05-13,attempt_success,
AP6892,T1000002604,2025-09-23,attempt_success,
AP6893,T1000002604,2025-12-23,attempt_success,
AP6894,T1000002604,2026-03-24,attempt_success,
AP6895,T1000002604,2026-06-23,attempt_success,
AP6896,T1000002608,2024-10-07,attempt_success,
AP6897,T1000002608,2025-10-07,attempt_failed,bank_declined
AP6898,T1000002608,2025-10-10,attempt_success,
AP6899,T1000002609,2025-09-05,attempt_success,
AP6900,T1000002609,2025-10-05,attempt_success,
AP6901,T1000002609,2025-11-04,attempt_success,
AP6902,T1000002609,2025-12-04,attempt_success,
AP6903,T1000002609,2026-01-03,attempt_success,
AP6904,T1000002609,2026-02-02,attempt_success,
AP6905,T1000002609,2026-03-04,attempt_success,
AP6906,T1000002609,2026-04-03,attempt_success,
AP6907,T1000002609,2026-05-03,attempt_success,
AP6908,T1000002609,2026-06-02,attempt_success,
AP6909,T1000002610,2025-07-25,attempt_success,
AP6910,T1000002610,2025-10-24,attempt_success,
AP6911,T1000002610,2026-01-23,attempt_success,
AP6912,T1000002610,2026-04-24,attempt_failed,insufficient_funds
AP6913,T1000002610,2026-04-27,attempt_failed,insufficient_funds
AP6914,T1000002613,2025-09-13,attempt_failed,bank_declined
AP6915,T1000002613,2025-09-16,attempt_success,
AP6916,T1000002613,2025-10-13,attempt_success,
AP6917,T1000002613,2025-11-12,attempt_success,
AP6918,T1000002613,2025-12-12,attempt_success,
AP6919,T1000002613,2026-01-11,attempt_success,
AP6920,T1000002613,2026-02-10,attempt_success,
AP6921,T1000002613,2026-03-12,attempt_success,
AP6922,T1000002613,2026-04-11,attempt_success,
AP6923,T1000002613,2026-05-11,attempt_failed,insufficient_funds
AP6924,T1000002613,2026-05-14,attempt_success,
AP6925,T1000002613,2026-06-10,attempt_success,
AP6926,T1000002614,2025-08-14,attempt_success,
AP6927,T1000002614,2025-11-13,attempt_success,
AP6928,T1000002614,2026-02-12,attempt_success,
AP6929,T1000002614,2026-05-14,attempt_success,
AP6930,T1000002619,2025-09-04,attempt_success,
AP6931,T1000002619,2025-10-04,attempt_failed,card_expired
AP6932,T1000002619,2025-10-07,attempt_success,
AP6933,T1000002619,2025-11-03,attempt_success,
AP6934,T1000002619,2025-12-03,attempt_failed,card_expired
AP6935,T1000002619,2025-12-06,attempt_success,
AP6936,T1000002619,2026-01-02,attempt_success,
AP6937,T1000002619,2026-02-01,attempt_success,
AP6938,T1000002619,2026-03-03,attempt_success,
AP6939,T1000002619,2026-04-02,attempt_success,
AP6940,T1000002619,2026-05-02,attempt_success,
AP6941,T1000002619,2026-06-01,attempt_success,
AP6942,T1000002620,2025-02-20,attempt_success,
AP6943,T1000002620,2026-02-20,attempt_success,
AP6944,T1000002621,2025-06-02,attempt_success,
AP6945,T1000002621,2025-12-01,attempt_success,
AP6946,T1000002621,2026-06-01,attempt_success,
AP6947,T1000002622,2025-09-22,attempt_success,
AP6948,T1000002622,2025-10-22,attempt_failed,insufficient_funds
AP6949,T1000002622,2025-10-25,attempt_failed,insufficient_funds
AP6950,T1000002622,2025-11-21,attempt_success,
AP6951,T1000002622,2025-12-21,attempt_success,
AP6952,T1000002622,2026-01-20,attempt_success,
AP6953,T1000002622,2026-02-19,attempt_success,
AP6954,T1000002622,2026-03-21,attempt_success,
AP6955,T1000002622,2026-04-20,attempt_success,
AP6956,T1000002622,2026-05-20,attempt_success,
AP6957,T1000002622,2026-06-19,attempt_success,
AP6958,T1000002623,2025-09-07,attempt_success,
AP6959,T1000002623,2025-12-07,attempt_success,
AP6960,T1000002623,2026-03-08,attempt_failed,card_expired
AP6961,T1000002623,2026-03-11,attempt_failed,card_expired
AP6962,T1000002623,2026-06-07,attempt_success,
AP6963,T1000002624,2025-03-05,attempt_success,
AP6964,T1000002624,2026-03-05,attempt_success,
AP6965,T1000002630,2025-09-13,attempt_success,
AP6966,T1000002630,2025-12-13,attempt_success,
AP6967,T1000002630,2026-03-14,attempt_success,
AP6968,T1000002630,2026-06-13,attempt_success,
AP6969,T1000002634,2025-07-30,attempt_success,
AP6970,T1000002634,2025-10-29,attempt_success,
AP6971,T1000002634,2026-01-28,attempt_success,
AP6972,T1000002634,2026-04-29,attempt_success,
AP6973,T1000002635,2025-09-21,attempt_success,
AP6974,T1000002635,2025-10-21,attempt_success,
AP6975,T1000002635,2025-11-20,attempt_failed,insufficient_funds
AP6976,T1000002635,2025-11-23,attempt_success,
AP6977,T1000002635,2025-12-20,attempt_success,
AP6978,T1000002635,2026-01-19,attempt_success,
AP6979,T1000002635,2026-02-18,attempt_success,
AP6980,T1000002635,2026-03-20,attempt_success,
AP6981,T1000002635,2026-04-19,attempt_success,
AP6982,T1000002635,2026-05-19,attempt_failed,insufficient_funds
AP6983,T1000002635,2026-05-22,attempt_success,
AP6984,T1000002635,2026-06-18,attempt_success,
AP6985,T1000002636,2025-09-20,attempt_success,
AP6986,T1000002636,2025-10-20,attempt_success,
AP6987,T1000002636,2025-11-19,attempt_success,
AP6988,T1000002636,2025-12-19,attempt_success,
AP6989,T1000002636,2026-01-18,attempt_success,
AP6990,T1000002636,2026-02-17,attempt_success,
AP6991,T1000002636,2026-03-19,attempt_success,
AP6992,T1000002636,2026-04-18,attempt_success,
AP6993,T1000002636,2026-05-18,attempt_success,
AP6994,T1000002636,2026-06-17,attempt_success,
AP6995,T1000002637,2025-03-12,attempt_success,
AP6996,T1000002637,2026-03-12,attempt_success,
AP6997,T1000002639,2025-09-04,attempt_success,
AP6998,T1000002639,2025-10-04,attempt_success,
AP6999,T1000002639,2025-11-03,attempt_success,
AP7000,T1000002639,2025-12-03,attempt_success,
AP7001,T1000002639,2026-01-02,attempt_success,
AP7002,T1000002639,2026-02-01,attempt_success,
AP7003,T1000002639,2026-03-03,attempt_success,
AP7004,T1000002639,2026-04-02,attempt_success,
AP7005,T1000002639,2026-05-02,attempt_success,
AP7006,T1000002639,2026-06-01,attempt_success,
AP7007,T1000002641,2025-07-09,attempt_success,
AP7008,T1000002644,2025-09-04,attempt_success,
AP7009,T1000002644,2025-10-04,attempt_success,
AP7010,T1000002644,2025-11-03,attempt_success,
AP7011,T1000002644,2025-12-03,attempt_success,
AP7012,T1000002644,2026-01-02,attempt_success,
AP7013,T1000002644,2026-02-01,attempt_success,
AP7014,T1000002644,2026-03-03,attempt_success,
AP7015,T1000002644,2026-04-02,attempt_success,
AP7016,T1000002644,2026-05-02,attempt_success,
AP7017,T1000002644,2026-06-01,attempt_success,
AP7018,T1000002645,2025-09-15,attempt_success,
AP7019,T1000002648,2025-08-25,attempt_success,
AP7020,T1000002648,2025-11-24,attempt_success,
AP7021,T1000002648,2026-02-23,attempt_success,
AP7022,T1000002648,2026-05-25,attempt_success,
AP7023,T1000002649,2025-08-31,attempt_success,
AP7024,T1000002649,2025-09-30,attempt_success,
AP7025,T1000002649,2025-10-30,attempt_success,
AP7026,T1000002649,2025-11-29,attempt_success,
AP7027,T1000002649,2025-12-29,attempt_success,
AP7028,T1000002649,2026-01-28,attempt_success,
AP7029,T1000002649,2026-02-27,attempt_success,
AP7030,T1000002649,2026-03-29,attempt_success,
AP7031,T1000002649,2026-04-28,attempt_success,
AP7032,T1000002649,2026-05-28,attempt_failed,insufficient_funds
AP7033,T1000002649,2026-05-31,attempt_success,
AP7034,T1000002649,2026-06-27,attempt_success,
AP7035,T1000002651,2025-08-01,attempt_success,
AP7036,T1000002651,2025-10-31,attempt_failed,insufficient_funds
AP7037,T1000002651,2025-11-03,attempt_success,
AP7038,T1000002651,2026-01-30,attempt_success,
AP7039,T1000002651,2026-05-01,attempt_success,
AP7040,T1000002653,2025-04-27,attempt_success,
AP7041,T1000002653,2026-04-27,attempt_failed,insufficient_funds
AP7042,T1000002653,2026-04-30,attempt_failed,insufficient_funds
AP7043,T1000002654,2025-03-15,attempt_success,
AP7044,T1000002654,2026-03-15,attempt_success,
AP7045,T1000002655,2025-02-13,attempt_success,
AP7046,T1000002655,2026-02-13,attempt_failed,insufficient_funds
AP7047,T1000002655,2026-02-16,attempt_success,
AP7048,T1000002657,2025-09-07,attempt_failed,insufficient_funds
AP7049,T1000002657,2025-09-10,attempt_success,
AP7050,T1000002657,2025-10-07,attempt_success,
AP7051,T1000002657,2025-11-06,attempt_failed,bank_declined
AP7052,T1000002657,2025-11-09,attempt_failed,bank_declined
AP7053,T1000002657,2025-12-06,attempt_success,
AP7054,T1000002657,2026-01-05,attempt_failed,bank_declined
AP7055,T1000002657,2026-01-08,attempt_success,
AP7056,T1000002657,2026-02-04,attempt_failed,card_expired
AP7057,T1000002657,2026-02-07,attempt_success,
AP7058,T1000002657,2026-03-06,attempt_success,
AP7059,T1000002657,2026-04-05,attempt_success,
AP7060,T1000002657,2026-05-05,attempt_success,
AP7061,T1000002657,2026-06-04,attempt_success,
AP7062,T1000002659,2025-09-11,attempt_success,
AP7063,T1000002659,2025-10-11,attempt_failed,card_expired
AP7064,T1000002659,2025-10-14,attempt_success,
AP7065,T1000002659,2025-11-10,attempt_success,
AP7066,T1000002659,2025-12-10,attempt_success,
AP7067,T1000002659,2026-01-09,attempt_success,
AP7068,T1000002659,2026-02-08,attempt_success,
AP7069,T1000002659,2026-03-10,attempt_success,
AP7070,T1000002659,2026-04-09,attempt_failed,insufficient_funds
AP7071,T1000002659,2026-04-12,attempt_success,
AP7072,T1000002659,2026-05-09,attempt_success,
AP7073,T1000002659,2026-06-08,attempt_success,
AP7074,T1000002660,2025-09-20,attempt_success,
AP7075,T1000002660,2025-10-20,attempt_success,
AP7076,T1000002660,2025-11-19,attempt_success,
AP7077,T1000002660,2025-12-19,attempt_success,
AP7078,T1000002660,2026-01-18,attempt_success,
AP7079,T1000002660,2026-02-17,attempt_success,
AP7080,T1000002660,2026-03-19,attempt_success,
AP7081,T1000002660,2026-04-18,attempt_success,
AP7082,T1000002660,2026-05-18,attempt_success,
AP7083,T1000002660,2026-06-17,attempt_success,
AP7084,T1000002663,2025-09-21,attempt_success,
AP7085,T1000002663,2025-10-21,attempt_success,
AP7086,T1000002663,2025-11-20,attempt_success,
AP7087,T1000002663,2025-12-20,attempt_success,
AP7088,T1000002663,2026-01-19,attempt_success,
AP7089,T1000002663,2026-02-18,attempt_success,
AP7090,T1000002663,2026-03-20,attempt_success,
AP7091,T1000002663,2026-04-19,attempt_failed,insufficient_funds
AP7092,T1000002663,2026-04-22,attempt_success,
AP7093,T1000002663,2026-05-19,attempt_success,
AP7094,T1000002663,2026-06-18,attempt_success,
AP7095,T1000002664,2025-09-29,attempt_success,
AP7096,T1000002664,2025-10-29,attempt_failed,insufficient_funds
AP7097,T1000002664,2025-11-01,attempt_success,
AP7098,T1000002664,2025-11-28,attempt_success,
AP7099,T1000002664,2025-12-28,attempt_success,
AP7100,T1000002664,2026-01-27,attempt_failed,card_expired
AP7101,T1000002664,2026-01-30,attempt_failed,card_expired
AP7102,T1000002664,2026-02-26,attempt_success,
AP7103,T1000002664,2026-03-28,attempt_success,
AP7104,T1000002664,2026-04-27,attempt_success,
AP7105,T1000002664,2026-05-27,attempt_success,
AP7106,T1000002664,2026-06-26,attempt_success,
AP7107,T1000002667,2025-08-07,attempt_failed,bank_declined
AP7108,T1000002667,2025-08-10,attempt_failed,bank_declined
AP7109,T1000002667,2025-11-06,attempt_success,
AP7110,T1000002667,2026-02-05,attempt_success,
AP7111,T1000002667,2026-05-07,attempt_failed,insufficient_funds
AP7112,T1000002667,2026-05-10,attempt_failed,insufficient_funds
AP7113,T1000002668,2025-08-29,attempt_success,
AP7114,T1000002668,2025-11-28,attempt_success,
AP7115,T1000002668,2026-02-27,attempt_success,
AP7116,T1000002668,2026-05-29,attempt_success,
AP7117,T1000002670,2024-12-30,attempt_success,
AP7118,T1000002670,2025-12-30,attempt_success,
AP7119,T1000002675,2025-06-27,attempt_success,
AP7120,T1000002675,2025-12-26,attempt_success,
AP7121,T1000002675,2026-06-26,attempt_success,
AP7122,T1000002678,2025-09-20,attempt_success,
AP7123,T1000002678,2025-10-20,attempt_success,
AP7124,T1000002678,2025-11-19,attempt_success,
AP7125,T1000002678,2025-12-19,attempt_success,
AP7126,T1000002678,2026-01-18,attempt_success,
AP7127,T1000002678,2026-02-17,attempt_success,
AP7128,T1000002678,2026-03-19,attempt_success,
AP7129,T1000002678,2026-04-18,attempt_success,
AP7130,T1000002678,2026-05-18,attempt_success,
AP7131,T1000002678,2026-06-17,attempt_success,
AP7132,T1000002684,2025-07-03,attempt_success,
AP7133,T1000002686,2025-09-12,attempt_failed,insufficient_funds
AP7134,T1000002686,2025-09-15,attempt_failed,insufficient_funds
AP7135,T1000002686,2025-10-12,attempt_success,
AP7136,T1000002686,2025-11-11,attempt_success,
AP7137,T1000002686,2025-12-11,attempt_success,
AP7138,T1000002686,2026-01-10,attempt_success,
AP7139,T1000002686,2026-02-09,attempt_success,
AP7140,T1000002686,2026-03-11,attempt_success,
AP7141,T1000002686,2026-04-10,attempt_failed,insufficient_funds
AP7142,T1000002686,2026-04-13,attempt_success,
AP7143,T1000002686,2026-05-10,attempt_success,
AP7144,T1000002686,2026-06-09,attempt_failed,insufficient_funds
AP7145,T1000002686,2026-06-12,attempt_failed,insufficient_funds
AP7146,T1000002690,2025-08-22,attempt_success,
AP7147,T1000002690,2025-11-21,attempt_success,
AP7148,T1000002690,2026-02-20,attempt_success,
AP7149,T1000002690,2026-05-22,attempt_success,
AP7150,T1000002701,2025-04-07,attempt_success,
AP7151,T1000002701,2026-04-07,attempt_failed,insufficient_funds
AP7152,T1000002701,2026-04-10,attempt_success,
AP7153,T1000002702,2025-09-02,attempt_success,
AP7154,T1000002702,2025-10-02,attempt_success,
AP7155,T1000002702,2025-11-01,attempt_success,
AP7156,T1000002702,2025-12-01,attempt_success,
AP7157,T1000002702,2025-12-31,attempt_success,
AP7158,T1000002702,2026-01-30,attempt_success,
AP7159,T1000002702,2026-03-01,attempt_success,
AP7160,T1000002702,2026-03-31,attempt_success,
AP7161,T1000002702,2026-04-30,attempt_success,
AP7162,T1000002702,2026-05-30,attempt_success,
AP7163,T1000002702,2026-06-29,attempt_success,
AP7164,T1000002703,2025-01-20,attempt_success,
AP7165,T1000002703,2026-01-20,attempt_success,
AP7166,T1000002704,2025-09-05,attempt_success,
AP7167,T1000002704,2025-10-05,attempt_success,
AP7168,T1000002704,2025-11-04,attempt_success,
AP7169,T1000002704,2025-12-04,attempt_success,
AP7170,T1000002704,2026-01-03,attempt_success,
AP7171,T1000002704,2026-02-02,attempt_success,
AP7172,T1000002704,2026-03-04,attempt_failed,insufficient_funds
AP7173,T1000002704,2026-03-07,attempt_success,
AP7174,T1000002704,2026-04-03,attempt_success,
AP7175,T1000002704,2026-05-03,attempt_success,
AP7176,T1000002704,2026-06-02,attempt_success,
AP7177,T1000002705,2025-05-02,attempt_success,
AP7178,T1000002705,2026-05-02,attempt_success,
AP7179,T1000002707,2025-07-01,attempt_success,
AP7180,T1000002707,2025-09-30,attempt_success,
AP7181,T1000002707,2025-12-30,attempt_success,
AP7182,T1000002707,2026-03-31,attempt_failed,insufficient_funds
AP7183,T1000002707,2026-04-03,attempt_success,
AP7184,T1000002707,2026-06-30,attempt_success,
AP7185,T1000002714,2025-04-07,attempt_failed,insufficient_funds
AP7186,T1000002714,2025-04-10,attempt_success,
AP7187,T1000002714,2025-10-06,attempt_success,
AP7188,T1000002714,2026-04-06,attempt_failed,bank_declined
AP7189,T1000002714,2026-04-09,attempt_success,
AP7190,T1000002719,2025-09-16,attempt_success,
AP7191,T1000002719,2025-10-16,attempt_success,
AP7192,T1000002719,2025-11-15,attempt_success,
AP7193,T1000002719,2025-12-15,attempt_success,
AP7194,T1000002719,2026-01-14,attempt_success,
AP7195,T1000002719,2026-02-13,attempt_success,
AP7196,T1000002719,2026-03-15,attempt_success,
AP7197,T1000002719,2026-04-14,attempt_success,
AP7198,T1000002719,2026-05-14,attempt_success,
AP7199,T1000002719,2026-06-13,attempt_success,
AP7200,T1000002720,2025-07-30,attempt_success,
AP7201,T1000002720,2026-01-28,attempt_success,
AP7202,T1000002721,2025-02-24,attempt_success,
AP7203,T1000002721,2026-02-24,attempt_failed,insufficient_funds
AP7204,T1000002721,2026-02-27,attempt_success,
AP7205,T1000002722,2025-07-20,attempt_success,
AP7206,T1000002722,2025-10-19,attempt_success,
AP7207,T1000002722,2026-01-18,attempt_success,
AP7208,T1000002722,2026-04-19,attempt_failed,card_expired
AP7209,T1000002722,2026-04-22,attempt_success,
AP7210,T1000002723,2025-09-20,attempt_success,
AP7211,T1000002723,2025-10-20,attempt_failed,insufficient_funds
AP7212,T1000002723,2025-10-23,attempt_success,
AP7213,T1000002723,2025-11-19,attempt_success,
AP7214,T1000002723,2025-12-19,attempt_success,
AP7215,T1000002723,2026-01-18,attempt_success,
AP7216,T1000002723,2026-02-17,attempt_success,
AP7217,T1000002723,2026-03-19,attempt_success,
AP7218,T1000002723,2026-04-18,attempt_success,
AP7219,T1000002723,2026-05-18,attempt_failed,insufficient_funds
AP7220,T1000002723,2026-05-21,attempt_success,
AP7221,T1000002723,2026-06-17,attempt_success,
AP7222,T1000002727,2024-10-07,attempt_failed,bank_declined
AP7223,T1000002727,2024-10-10,attempt_failed,bank_declined
AP7224,T1000002727,2025-10-07,attempt_success,
AP7225,T1000002728,2025-05-27,attempt_success,
AP7226,T1000002728,2025-11-25,attempt_success,
AP7227,T1000002728,2026-05-26,attempt_success,
AP7228,T1000002729,2025-09-12,attempt_success,
AP7229,T1000002729,2025-12-12,attempt_success,
AP7230,T1000002729,2026-03-13,attempt_success,
AP7231,T1000002729,2026-06-12,attempt_success,
AP7232,T1000002730,2025-09-25,attempt_success,
AP7233,T1000002730,2025-10-25,attempt_failed,insufficient_funds
AP7234,T1000002730,2025-10-28,attempt_success,
AP7235,T1000002730,2025-11-24,attempt_failed,bank_declined
AP7236,T1000002730,2025-11-27,attempt_success,
AP7237,T1000002730,2025-12-24,attempt_failed,card_expired
AP7238,T1000002730,2025-12-27,attempt_success,
AP7239,T1000002730,2026-01-23,attempt_success,
AP7240,T1000002730,2026-02-22,attempt_success,
AP7241,T1000002730,2026-03-24,attempt_success,
AP7242,T1000002730,2026-04-23,attempt_success,
AP7243,T1000002730,2026-05-23,attempt_success,
AP7244,T1000002730,2026-06-22,attempt_success,
AP7245,T1000002731,2025-06-21,attempt_success,
AP7246,T1000002731,2025-12-20,attempt_success,
AP7247,T1000002731,2026-06-20,attempt_success,
AP7248,T1000002734,2025-09-29,attempt_failed,insufficient_funds
AP7249,T1000002734,2025-10-02,attempt_success,
AP7250,T1000002734,2025-10-29,attempt_success,
AP7251,T1000002734,2025-11-28,attempt_success,
AP7252,T1000002734,2025-12-28,attempt_success,
AP7253,T1000002734,2026-01-27,attempt_success,
AP7254,T1000002734,2026-02-26,attempt_success,
AP7255,T1000002734,2026-03-28,attempt_success,
AP7256,T1000002734,2026-04-27,attempt_success,
AP7257,T1000002734,2026-05-27,attempt_success,
AP7258,T1000002734,2026-06-26,attempt_success,
AP7259,T1000002735,2025-08-26,attempt_success,
AP7260,T1000002739,2025-07-18,attempt_success,
AP7261,T1000002740,2025-09-06,attempt_failed,insufficient_funds
AP7262,T1000002740,2025-09-09,attempt_failed,insufficient_funds
AP7263,T1000002740,2025-10-06,attempt_success,
AP7264,T1000002740,2025-11-05,attempt_success,
AP7265,T1000002740,2025-12-05,attempt_success,
AP7266,T1000002740,2026-01-04,attempt_success,
AP7267,T1000002740,2026-02-03,attempt_success,
AP7268,T1000002740,2026-03-05,attempt_success,
AP7269,T1000002740,2026-04-04,attempt_success,
AP7270,T1000002740,2026-05-04,attempt_success,
AP7271,T1000002740,2026-06-03,attempt_success,
AP7272,T1000002741,2025-04-27,attempt_success,
AP7273,T1000002741,2025-10-26,attempt_success,
AP7274,T1000002741,2026-04-26,attempt_failed,insufficient_funds
AP7275,T1000002741,2026-04-29,attempt_success,
AP7276,T1000002742,2025-07-01,attempt_success,
AP7277,T1000002742,2025-12-30,attempt_success,
AP7278,T1000002742,2026-06-30,attempt_success,
AP7279,T1000002744,2025-09-19,attempt_failed,insufficient_funds
AP7280,T1000002744,2025-09-22,attempt_success,
AP7281,T1000002744,2025-10-19,attempt_success,
AP7282,T1000002744,2025-11-18,attempt_success,
AP7283,T1000002744,2025-12-18,attempt_failed,insufficient_funds
AP7284,T1000002744,2025-12-21,attempt_success,
AP7285,T1000002744,2026-01-17,attempt_failed,insufficient_funds
AP7286,T1000002744,2026-01-20,attempt_success,
AP7287,T1000002744,2026-02-16,attempt_success,
AP7288,T1000002744,2026-03-18,attempt_success,
AP7289,T1000002744,2026-04-17,attempt_success,
AP7290,T1000002744,2026-05-17,attempt_success,
AP7291,T1000002744,2026-06-16,attempt_success,
AP7292,T1000002746,2025-07-02,attempt_success,
AP7293,T1000002746,2025-12-31,attempt_success,
AP7294,T1000002747,2025-09-27,attempt_success,
AP7295,T1000002747,2025-10-27,attempt_success,
AP7296,T1000002747,2025-11-26,attempt_success,
AP7297,T1000002747,2025-12-26,attempt_success,
AP7298,T1000002747,2026-01-25,attempt_success,
AP7299,T1000002747,2026-02-24,attempt_success,
AP7300,T1000002747,2026-03-26,attempt_success,
AP7301,T1000002747,2026-04-25,attempt_success,
AP7302,T1000002747,2026-05-25,attempt_success,
AP7303,T1000002747,2026-06-24,attempt_success,
AP7304,T1000002748,2025-09-01,attempt_failed,insufficient_funds
AP7305,T1000002748,2025-09-04,attempt_success,
AP7306,T1000002748,2025-10-01,attempt_success,
AP7307,T1000002748,2025-10-31,attempt_success,
AP7308,T1000002748,2025-11-30,attempt_success,
AP7309,T1000002748,2025-12-30,attempt_success,
AP7310,T1000002748,2026-01-29,attempt_success,
AP7311,T1000002748,2026-02-28,attempt_success,
AP7312,T1000002748,2026-03-30,attempt_success,
AP7313,T1000002748,2026-04-29,attempt_success,
AP7314,T1000002748,2026-05-29,attempt_success,
AP7315,T1000002748,2026-06-28,attempt_success,
AP7316,T1000002751,2025-09-04,attempt_success,
AP7317,T1000002751,2025-12-04,attempt_success,
AP7318,T1000002751,2026-03-05,attempt_success,
AP7319,T1000002751,2026-06-04,attempt_failed,insufficient_funds
AP7320,T1000002751,2026-06-07,attempt_success,
AP7321,T1000002752,2025-06-16,attempt_success,
AP7322,T1000002752,2025-12-15,attempt_success,
AP7323,T1000002752,2026-06-15,attempt_success,
AP7324,T1000002756,2024-12-10,attempt_success,
AP7325,T1000002756,2025-12-10,attempt_success,
AP7326,T1000002758,2025-08-21,attempt_success,
AP7327,T1000002758,2025-11-20,attempt_success,
AP7328,T1000002758,2026-02-19,attempt_success,
AP7329,T1000002758,2026-05-21,attempt_success,
AP7330,T1000002763,2025-09-20,attempt_success,
AP7331,T1000002765,2025-09-04,attempt_success,
AP7332,T1000002765,2025-10-04,attempt_failed,bank_declined
AP7333,T1000002765,2025-10-07,attempt_success,
AP7334,T1000002765,2025-11-03,attempt_success,
AP7335,T1000002765,2025-12-03,attempt_success,
AP7336,T1000002765,2026-01-02,attempt_success,
AP7337,T1000002765,2026-02-01,attempt_success,
AP7338,T1000002765,2026-03-03,attempt_failed,card_expired
AP7339,T1000002765,2026-03-06,attempt_success,
AP7340,T1000002765,2026-04-02,attempt_success,
AP7341,T1000002765,2026-05-02,attempt_success,
AP7342,T1000002765,2026-06-01,attempt_success,
AP7343,T1000002766,2025-09-21,attempt_success,
AP7344,T1000002766,2026-03-22,attempt_failed,card_expired
AP7345,T1000002766,2026-03-25,attempt_success,
AP7346,T1000002767,2025-09-25,attempt_success,
AP7347,T1000002767,2025-12-25,attempt_success,
AP7348,T1000002767,2026-03-26,attempt_success,
AP7349,T1000002767,2026-06-25,attempt_success,
AP7350,T1000002769,2025-09-24,attempt_failed,insufficient_funds
AP7351,T1000002769,2025-09-27,attempt_failed,insufficient_funds
AP7352,T1000002777,2025-06-17,attempt_success,
AP7353,T1000002777,2025-12-16,attempt_success,
AP7354,T1000002777,2026-06-16,attempt_success,
AP7355,T1000002778,2024-10-11,attempt_success,
AP7356,T1000002778,2025-10-11,attempt_success,
AP7357,T1000002780,2025-11-03,attempt_success,
AP7358,T1000002783,2025-08-27,attempt_success,
AP7359,T1000002785,2024-10-31,attempt_success,
AP7360,T1000002785,2025-10-31,attempt_success,
AP7361,T1000002786,2025-07-28,attempt_success,
AP7362,T1000002788,2025-04-24,attempt_success,
AP7363,T1000002788,2025-10-23,attempt_success,
AP7364,T1000002788,2026-04-23,attempt_success,
AP7365,T1000002793,2025-01-09,attempt_success,
AP7366,T1000002793,2026-01-09,attempt_failed,bank_declined
AP7367,T1000002793,2026-01-12,attempt_success,
AP7368,T1000002794,2025-08-08,attempt_success,
AP7369,T1000002794,2025-11-07,attempt_success,
AP7370,T1000002794,2026-02-06,attempt_success,
AP7371,T1000002794,2026-05-08,attempt_success,
AP7372,T1000002795,2025-07-01,attempt_success,
AP7373,T1000002795,2025-09-30,attempt_success,
AP7374,T1000002795,2025-12-30,attempt_success,
AP7375,T1000002795,2026-03-31,attempt_success,
AP7376,T1000002795,2026-06-30,attempt_success,
AP7377,T1000002800,2025-08-13,attempt_success,
AP7378,T1000002800,2025-11-12,attempt_success,
AP7379,T1000002800,2026-02-11,attempt_success,
AP7380,T1000002800,2026-05-13,attempt_success,
AP7381,T1000002805,2025-09-12,attempt_success,
AP7382,T1000002805,2025-10-12,attempt_success,
AP7383,T1000002805,2025-11-11,attempt_success,
AP7384,T1000002805,2025-12-11,attempt_success,
AP7385,T1000002805,2026-01-10,attempt_success,
AP7386,T1000002805,2026-02-09,attempt_success,
AP7387,T1000002805,2026-03-11,attempt_success,
AP7388,T1000002805,2026-04-10,attempt_success,
AP7389,T1000002805,2026-05-10,attempt_success,
AP7390,T1000002805,2026-06-09,attempt_success,
AP7391,T1000002806,2025-07-16,attempt_success,
AP7392,T1000002806,2025-10-15,attempt_success,
AP7393,T1000002806,2026-01-14,attempt_success,
AP7394,T1000002806,2026-04-15,attempt_success,
AP7395,T1000002808,2025-07-10,attempt_success,
AP7396,T1000002808,2025-10-09,attempt_failed,insufficient_funds
AP7397,T1000002808,2025-10-12,attempt_success,
AP7398,T1000002808,2026-01-08,attempt_failed,insufficient_funds
AP7399,T1000002808,2026-01-11,attempt_failed,insufficient_funds
AP7400,T1000002808,2026-04-09,attempt_success,
AP7401,T1000002809,2025-05-23,attempt_success,
AP7402,T1000002809,2026-05-23,attempt_success,
AP7403,T1000002810,2025-09-22,attempt_success,
AP7404,T1000002810,2025-10-22,attempt_failed,card_expired
AP7405,T1000002810,2025-10-25,attempt_success,
AP7406,T1000002810,2025-11-21,attempt_success,
AP7407,T1000002810,2025-12-21,attempt_success,
AP7408,T1000002810,2026-01-20,attempt_success,
AP7409,T1000002810,2026-02-19,attempt_success,
AP7410,T1000002810,2026-03-21,attempt_success,
AP7411,T1000002810,2026-04-20,attempt_success,
AP7412,T1000002810,2026-05-20,attempt_failed,card_expired
AP7413,T1000002810,2026-05-23,attempt_success,
AP7414,T1000002810,2026-06-19,attempt_success,
AP7415,T1000002811,2025-09-07,attempt_success,
AP7416,T1000002811,2025-10-07,attempt_success,
AP7417,T1000002811,2025-11-06,attempt_success,
AP7418,T1000002811,2025-12-06,attempt_success,
AP7419,T1000002811,2026-01-05,attempt_success,
AP7420,T1000002811,2026-02-04,attempt_success,
AP7421,T1000002811,2026-03-06,attempt_success,
AP7422,T1000002811,2026-04-05,attempt_success,
AP7423,T1000002811,2026-05-05,attempt_success,
AP7424,T1000002811,2026-06-04,attempt_success,
AP7425,T1000002813,2025-07-04,attempt_success,
AP7426,T1000002813,2025-10-03,attempt_success,
AP7427,T1000002813,2026-01-02,attempt_success,
AP7428,T1000002813,2026-04-03,attempt_failed,insufficient_funds
AP7429,T1000002813,2026-04-06,attempt_failed,insufficient_funds
AP7430,T1000002814,2025-05-29,attempt_success,
AP7431,T1000002814,2025-11-27,attempt_failed,insufficient_funds
AP7432,T1000002814,2025-11-30,attempt_success,
AP7433,T1000002814,2026-05-28,attempt_success,
AP7434,T1000002816,2025-05-28,attempt_success,
AP7435,T1000002816,2026-05-28,attempt_success,
AP7436,T1000002818,2025-09-21,attempt_success,
AP7437,T1000002818,2025-10-21,attempt_success,
AP7438,T1000002818,2025-11-20,attempt_success,
AP7439,T1000002818,2025-12-20,attempt_success,
AP7440,T1000002818,2026-01-19,attempt_success,
AP7441,T1000002818,2026-02-18,attempt_success,
AP7442,T1000002818,2026-03-20,attempt_success,
AP7443,T1000002818,2026-04-19,attempt_failed,insufficient_funds
AP7444,T1000002818,2026-04-22,attempt_failed,insufficient_funds
AP7445,T1000002818,2026-05-19,attempt_success,
AP7446,T1000002818,2026-06-18,attempt_success,
AP7447,T1000002820,2025-09-18,attempt_success,
AP7448,T1000002820,2025-12-18,attempt_success,
AP7449,T1000002820,2026-03-19,attempt_success,
AP7450,T1000002820,2026-06-18,attempt_success,
AP7451,T1000002821,2025-09-27,attempt_success,
AP7452,T1000002821,2025-10-27,attempt_success,
AP7453,T1000002821,2025-11-26,attempt_success,
AP7454,T1000002821,2025-12-26,attempt_success,
AP7455,T1000002821,2026-01-25,attempt_success,
AP7456,T1000002821,2026-02-24,attempt_success,
AP7457,T1000002821,2026-03-26,attempt_failed,insufficient_funds
AP7458,T1000002821,2026-03-29,attempt_success,
AP7459,T1000002821,2026-04-25,attempt_success,
AP7460,T1000002821,2026-05-25,attempt_success,
AP7461,T1000002821,2026-06-24,attempt_failed,card_expired
AP7462,T1000002821,2026-06-27,attempt_success,
AP7463,T1000002829,2025-07-19,attempt_success,
AP7464,T1000002829,2025-10-18,attempt_failed,card_expired
AP7465,T1000002829,2025-10-21,attempt_success,
AP7466,T1000002829,2026-01-17,attempt_success,
AP7467,T1000002829,2026-04-18,attempt_success,
AP7468,T1000002830,2025-09-06,attempt_success,
AP7469,T1000002830,2025-10-06,attempt_success,
AP7470,T1000002830,2025-11-05,attempt_success,
AP7471,T1000002830,2025-12-05,attempt_success,
AP7472,T1000002830,2026-01-04,attempt_success,
AP7473,T1000002830,2026-02-03,attempt_success,
AP7474,T1000002830,2026-03-05,attempt_success,
AP7475,T1000002830,2026-04-04,attempt_success,
AP7476,T1000002830,2026-05-04,attempt_success,
AP7477,T1000002830,2026-06-03,attempt_success,
AP7478,T1000002831,2025-09-19,attempt_success,
AP7479,T1000002831,2025-10-19,attempt_success,
AP7480,T1000002831,2025-11-18,attempt_success,
AP7481,T1000002831,2025-12-18,attempt_success,
AP7482,T1000002831,2026-01-17,attempt_failed,card_expired
AP7483,T1000002831,2026-01-20,attempt_failed,card_expired
AP7484,T1000002831,2026-02-16,attempt_failed,insufficient_funds
AP7485,T1000002831,2026-02-19,attempt_failed,insufficient_funds
AP7486,T1000002831,2026-03-18,attempt_success,
AP7487,T1000002831,2026-04-17,attempt_success,
AP7488,T1000002831,2026-05-17,attempt_success,
AP7489,T1000002831,2026-06-16,attempt_success,
AP7490,T1000002832,2025-04-21,attempt_success,
AP7491,T1000002832,2025-10-20,attempt_success,
AP7492,T1000002832,2026-04-20,attempt_success,
AP7493,T1000002835,2025-09-04,attempt_failed,card_expired
AP7494,T1000002835,2025-09-07,attempt_success,
AP7495,T1000002835,2025-10-04,attempt_success,
AP7496,T1000002835,2025-11-03,attempt_success,
AP7497,T1000002835,2025-12-03,attempt_failed,insufficient_funds
AP7498,T1000002835,2025-12-06,attempt_failed,insufficient_funds
AP7499,T1000002835,2026-01-02,attempt_success,
AP7500,T1000002835,2026-02-01,attempt_success,
AP7501,T1000002835,2026-03-03,attempt_success,
AP7502,T1000002835,2026-04-02,attempt_success,
AP7503,T1000002835,2026-05-02,attempt_success,
AP7504,T1000002835,2026-06-01,attempt_success,
AP7505,T1000002839,2025-11-25,attempt_failed,bank_declined
AP7506,T1000002839,2025-11-28,attempt_success,
AP7507,T1000002839,2026-02-24,attempt_success,
AP7508,T1000002839,2026-05-26,attempt_success,
AP7509,T1000002845,2025-04-21,attempt_success,
AP7510,T1000002845,2026-04-21,attempt_success,
AP7511,T1000002849,2025-09-26,attempt_success,
AP7512,T1000002849,2025-10-26,attempt_failed,insufficient_funds
AP7513,T1000002849,2025-10-29,attempt_success,
AP7514,T1000002849,2025-11-25,attempt_success,
AP7515,T1000002849,2025-12-25,attempt_success,
AP7516,T1000002849,2026-01-24,attempt_success,
AP7517,T1000002849,2026-02-23,attempt_success,
AP7518,T1000002849,2026-03-25,attempt_success,
AP7519,T1000002849,2026-04-24,attempt_success,
AP7520,T1000002849,2026-05-24,attempt_success,
AP7521,T1000002849,2026-06-23,attempt_success,
AP7522,T1000002851,2025-01-29,attempt_success,
AP7523,T1000002851,2026-01-29,attempt_success,
AP7524,T1000002857,2025-05-14,attempt_failed,bank_declined
AP7525,T1000002857,2025-05-17,attempt_success,
AP7526,T1000002857,2026-05-14,attempt_failed,card_expired
AP7527,T1000002857,2026-05-17,attempt_success,
AP7528,T1000002860,2025-08-31,attempt_success,
AP7529,T1000002860,2025-09-30,attempt_success,
AP7530,T1000002860,2025-10-30,attempt_success,
AP7531,T1000002860,2025-11-29,attempt_success,
AP7532,T1000002860,2025-12-29,attempt_success,
AP7533,T1000002860,2026-01-28,attempt_success,
AP7534,T1000002860,2026-02-27,attempt_success,
AP7535,T1000002860,2026-03-29,attempt_failed,card_expired
AP7536,T1000002860,2026-04-01,attempt_failed,card_expired
AP7537,T1000002860,2026-04-28,attempt_failed,insufficient_funds
AP7538,T1000002860,2026-05-01,attempt_success,
AP7539,T1000002860,2026-05-28,attempt_success,
AP7540,T1000002860,2026-06-27,attempt_success,
AP7541,T1000002862,2025-09-20,attempt_success,
AP7542,T1000002862,2025-10-20,attempt_success,
AP7543,T1000002862,2025-11-19,attempt_success,
AP7544,T1000002862,2025-12-19,attempt_success,
AP7545,T1000002862,2026-01-18,attempt_success,
AP7546,T1000002862,2026-02-17,attempt_success,
AP7547,T1000002862,2026-03-19,attempt_success,
AP7548,T1000002862,2026-04-18,attempt_success,
AP7549,T1000002862,2026-05-18,attempt_success,
AP7550,T1000002862,2026-06-17,attempt_success,
AP7551,T1000002864,2025-07-05,attempt_success,
AP7552,T1000002864,2026-01-03,attempt_success,
AP7553,T1000002866,2025-09-06,attempt_success,
AP7554,T1000002866,2025-10-06,attempt_success,
AP7555,T1000002866,2025-11-05,attempt_success,
AP7556,T1000002866,2025-12-05,attempt_success,
AP7557,T1000002866,2026-01-04,attempt_success,
AP7558,T1000002866,2026-02-03,attempt_success,
AP7559,T1000002866,2026-03-05,attempt_success,
AP7560,T1000002866,2026-04-04,attempt_success,
AP7561,T1000002866,2026-05-04,attempt_success,
AP7562,T1000002866,2026-06-03,attempt_success,
AP7563,T1000002871,2025-09-05,attempt_success,
AP7564,T1000002871,2025-10-05,attempt_success,
AP7565,T1000002871,2025-11-04,attempt_success,
AP7566,T1000002871,2025-12-04,attempt_success,
AP7567,T1000002871,2026-01-03,attempt_success,
AP7568,T1000002871,2026-02-02,attempt_success,
AP7569,T1000002871,2026-03-04,attempt_success,
AP7570,T1000002871,2026-04-03,attempt_success,
AP7571,T1000002871,2026-05-03,attempt_success,
AP7572,T1000002871,2026-06-02,attempt_success,
AP7573,T1000002872,2025-09-22,attempt_success,
AP7574,T1000002872,2025-10-22,attempt_success,
AP7575,T1000002872,2025-11-21,attempt_success,
AP7576,T1000002872,2025-12-21,attempt_success,
AP7577,T1000002872,2026-01-20,attempt_success,
AP7578,T1000002872,2026-02-19,attempt_failed,insufficient_funds
AP7579,T1000002872,2026-02-22,attempt_success,
AP7580,T1000002872,2026-03-21,attempt_success,
AP7581,T1000002872,2026-04-20,attempt_success,
AP7582,T1000002872,2026-05-20,attempt_success,
AP7583,T1000002872,2026-06-19,attempt_failed,insufficient_funds
AP7584,T1000002872,2026-06-22,attempt_success,
AP7585,T1000002874,2025-09-07,attempt_success,
AP7586,T1000002874,2026-03-08,attempt_success,
AP7587,T1000002879,2025-09-18,attempt_failed,insufficient_funds
AP7588,T1000002879,2025-09-21,attempt_success,
AP7589,T1000002879,2025-10-18,attempt_success,
AP7590,T1000002879,2025-11-17,attempt_success,
AP7591,T1000002879,2025-12-17,attempt_success,
AP7592,T1000002879,2026-01-16,attempt_failed,card_expired
AP7593,T1000002879,2026-01-19,attempt_success,
AP7594,T1000002879,2026-02-15,attempt_success,
AP7595,T1000002879,2026-03-17,attempt_success,
AP7596,T1000002879,2026-04-16,attempt_success,
AP7597,T1000002879,2026-05-16,attempt_success,
AP7598,T1000002879,2026-06-15,attempt_success,
AP7599,T1000002880,2025-09-18,attempt_failed,card_expired
AP7600,T1000002880,2025-09-21,attempt_failed,card_expired
AP7601,T1000002880,2025-12-18,attempt_success,
AP7602,T1000002880,2026-03-19,attempt_success,
AP7603,T1000002880,2026-06-18,attempt_success,
AP7604,T1000002881,2025-08-03,attempt_success,
AP7605,T1000002881,2026-02-01,attempt_success,
AP7606,T1000002883,2025-09-26,attempt_success,
AP7607,T1000002883,2025-12-26,attempt_success,
AP7608,T1000002883,2026-03-27,attempt_success,
AP7609,T1000002883,2026-06-26,attempt_success,
AP7610,T1000002884,2025-09-23,attempt_success,
AP7611,T1000002884,2025-10-23,attempt_success,
AP7612,T1000002884,2025-11-22,attempt_success,
AP7613,T1000002884,2025-12-22,attempt_success,
AP7614,T1000002884,2026-01-21,attempt_success,
AP7615,T1000002884,2026-02-20,attempt_success,
AP7616,T1000002884,2026-03-22,attempt_success,
AP7617,T1000002884,2026-04-21,attempt_success,
AP7618,T1000002884,2026-05-21,attempt_success,
AP7619,T1000002884,2026-06-20,attempt_success,
AP7620,T1000002885,2025-08-08,attempt_success,
AP7621,T1000002885,2025-11-07,attempt_success,
AP7622,T1000002885,2026-02-06,attempt_success,
AP7623,T1000002885,2026-05-08,attempt_success,
AP7624,T1000002890,2025-05-12,attempt_success,
AP7625,T1000002890,2026-05-12,attempt_success,
AP7626,T1000002891,2025-08-01,attempt_success,
AP7627,T1000002891,2025-10-31,attempt_success,
AP7628,T1000002891,2026-01-30,attempt_success,
AP7629,T1000002891,2026-05-01,attempt_success,
AP7630,T1000002893,2025-06-23,attempt_success,
AP7631,T1000002893,2026-06-23,attempt_success,
AP7632,T1000002894,2025-09-29,attempt_success,
AP7633,T1000002894,2025-10-29,attempt_failed,card_expired
AP7634,T1000002894,2025-11-01,attempt_success,
AP7635,T1000002894,2025-11-28,attempt_success,
AP7636,T1000002894,2025-12-28,attempt_success,
AP7637,T1000002894,2026-01-27,attempt_success,
AP7638,T1000002894,2026-02-26,attempt_success,
AP7639,T1000002894,2026-03-28,attempt_success,
AP7640,T1000002894,2026-04-27,attempt_success,
AP7641,T1000002894,2026-05-27,attempt_success,
AP7642,T1000002894,2026-06-26,attempt_success,
AP7643,T1000002895,2025-05-11,attempt_success,
AP7644,T1000002895,2026-05-11,attempt_success,
AP7645,T1000002900,2025-05-31,attempt_success,
AP7646,T1000002900,2026-05-31,attempt_success,
AP7647,T1000002905,2025-09-16,attempt_success,
AP7648,T1000002906,2025-10-17,attempt_failed,insufficient_funds
AP7649,T1000002906,2025-10-20,attempt_success,
AP7650,T1000002906,2025-11-16,attempt_success,
AP7651,T1000002906,2025-12-16,attempt_success,
AP7652,T1000002906,2026-01-15,attempt_success,
AP7653,T1000002906,2026-02-14,attempt_success,
AP7654,T1000002906,2026-03-16,attempt_success,
AP7655,T1000002906,2026-04-15,attempt_success,
AP7656,T1000002906,2026-05-15,attempt_success,
AP7657,T1000002906,2026-06-14,attempt_success,
AP7658,T1000002907,2025-11-08,attempt_success,
AP7659,T1000002907,2026-05-09,attempt_success,
AP7660,T1000002913,2025-03-25,attempt_failed,insufficient_funds
AP7661,T1000002913,2025-03-28,attempt_success,
AP7662,T1000002913,2026-03-25,attempt_success,
AP7663,T1000002916,2025-09-15,attempt_success,
AP7664,T1000002916,2025-10-15,attempt_success,
AP7665,T1000002916,2025-11-14,attempt_success,
AP7666,T1000002916,2025-12-14,attempt_success,
AP7667,T1000002916,2026-01-13,attempt_success,
AP7668,T1000002916,2026-02-12,attempt_success,
AP7669,T1000002916,2026-03-14,attempt_failed,insufficient_funds
AP7670,T1000002916,2026-03-17,attempt_failed,insufficient_funds
AP7671,T1000002916,2026-04-13,attempt_success,
AP7672,T1000002916,2026-05-13,attempt_failed,insufficient_funds
AP7673,T1000002916,2026-05-16,attempt_success,
AP7674,T1000002916,2026-06-12,attempt_success,
AP7675,T1000002922,2025-09-16,attempt_success,
AP7676,T1000002922,2025-10-16,attempt_success,
AP7677,T1000002922,2025-11-15,attempt_success,
AP7678,T1000002922,2025-12-15,attempt_success,
AP7679,T1000002922,2026-01-14,attempt_failed,bank_declined
AP7680,T1000002922,2026-01-17,attempt_success,
AP7681,T1000002922,2026-02-13,attempt_failed,card_expired
AP7682,T1000002922,2026-02-16,attempt_success,
AP7683,T1000002922,2026-03-15,attempt_success,
AP7684,T1000002922,2026-04-14,attempt_success,
AP7685,T1000002922,2026-05-14,attempt_success,
AP7686,T1000002922,2026-06-13,attempt_success,
AP7687,T1000002925,2025-08-13,attempt_success,
AP7688,T1000002925,2025-11-12,attempt_success,
AP7689,T1000002925,2026-02-11,attempt_success,
AP7690,T1000002925,2026-05-13,attempt_failed,insufficient_funds
AP7691,T1000002925,2026-05-16,attempt_failed,insufficient_funds
AP7692,T1000002930,2025-08-31,attempt_failed,card_expired
AP7693,T1000002930,2025-09-03,attempt_failed,card_expired
AP7694,T1000002930,2025-09-30,attempt_success,
AP7695,T1000002930,2025-10-30,attempt_success,
AP7696,T1000002930,2025-11-29,attempt_success,
AP7697,T1000002930,2025-12-29,attempt_failed,insufficient_funds
AP7698,T1000002930,2026-01-01,attempt_success,
AP7699,T1000002930,2026-01-28,attempt_success,
AP7700,T1000002930,2026-02-27,attempt_success,
AP7701,T1000002930,2026-03-29,attempt_success,
AP7702,T1000002930,2026-04-28,attempt_failed,card_expired
AP7703,T1000002930,2026-05-01,attempt_success,
AP7704,T1000002930,2026-05-28,attempt_success,
AP7705,T1000002930,2026-06-27,attempt_success,
AP7706,T1000002931,2025-08-31,attempt_success,
AP7707,T1000002931,2025-09-30,attempt_success,
AP7708,T1000002931,2025-10-30,attempt_success,
AP7709,T1000002931,2025-11-29,attempt_success,
AP7710,T1000002931,2025-12-29,attempt_success,
AP7711,T1000002931,2026-01-28,attempt_success,
AP7712,T1000002931,2026-02-27,attempt_success,
AP7713,T1000002931,2026-03-29,attempt_success,
AP7714,T1000002931,2026-04-28,attempt_success,
AP7715,T1000002931,2026-05-28,attempt_success,
AP7716,T1000002931,2026-06-27,attempt_success,
AP7717,T1000002935,2025-09-09,attempt_success,
AP7718,T1000002935,2025-10-09,attempt_success,
AP7719,T1000002935,2025-11-08,attempt_success,
AP7720,T1000002935,2025-12-08,attempt_success,
AP7721,T1000002935,2026-01-07,attempt_success,
AP7722,T1000002935,2026-02-06,attempt_success,
AP7723,T1000002935,2026-03-08,attempt_success,
AP7724,T1000002935,2026-04-07,attempt_failed,card_expired
AP7725,T1000002935,2026-04-10,attempt_success,
AP7726,T1000002935,2026-05-07,attempt_success,
AP7727,T1000002935,2026-06-06,attempt_success,
AP7728,T1000002936,2025-09-06,attempt_success,
AP7729,T1000002936,2026-03-07,attempt_success,
AP7730,T1000002937,2025-03-07,attempt_success,
AP7731,T1000002937,2026-03-07,attempt_success,
AP7732,T1000002938,2025-04-18,attempt_success,
AP7733,T1000002938,2026-04-18,attempt_success,
AP7734,T1000002940,2025-09-06,attempt_success,
AP7735,T1000002940,2025-10-06,attempt_success,
AP7736,T1000002940,2025-11-05,attempt_success,
AP7737,T1000002940,2025-12-05,attempt_success,
AP7738,T1000002940,2026-01-04,attempt_failed,insufficient_funds
AP7739,T1000002940,2026-01-07,attempt_success,
AP7740,T1000002940,2026-02-03,attempt_success,
AP7741,T1000002940,2026-03-05,attempt_success,
AP7742,T1000002940,2026-04-04,attempt_success,
AP7743,T1000002940,2026-05-04,attempt_success,
AP7744,T1000002940,2026-06-03,attempt_success,
AP7745,T1000002941,2025-05-15,attempt_success,
AP7746,T1000002941,2026-05-15,attempt_success,
AP7747,T1000002945,2025-09-12,attempt_failed,insufficient_funds
AP7748,T1000002945,2025-09-15,attempt_success,
AP7749,T1000002945,2025-10-12,attempt_success,
AP7750,T1000002945,2025-11-11,attempt_success,
AP7751,T1000002945,2025-12-11,attempt_success,
AP7752,T1000002945,2026-01-10,attempt_success,
AP7753,T1000002945,2026-02-09,attempt_failed,insufficient_funds
AP7754,T1000002945,2026-02-12,attempt_success,
AP7755,T1000002945,2026-03-11,attempt_success,
AP7756,T1000002945,2026-04-10,attempt_success,
AP7757,T1000002945,2026-05-10,attempt_success,
AP7758,T1000002945,2026-06-09,attempt_success,
AP7759,T1000002947,2025-09-27,attempt_success,
AP7760,T1000002947,2025-10-27,attempt_success,
AP7761,T1000002947,2025-11-26,attempt_success,
AP7762,T1000002947,2025-12-26,attempt_success,
AP7763,T1000002947,2026-01-25,attempt_success,
AP7764,T1000002947,2026-02-24,attempt_success,
AP7765,T1000002947,2026-03-26,attempt_success,
AP7766,T1000002947,2026-04-25,attempt_success,
AP7767,T1000002947,2026-05-25,attempt_success,
AP7768,T1000002947,2026-06-24,attempt_failed,insufficient_funds
AP7769,T1000002947,2026-06-27,attempt_failed,insufficient_funds
AP7770,T1000002948,2025-05-23,attempt_success,
AP7771,T1000002948,2026-05-23,attempt_failed,card_expired
AP7772,T1000002948,2026-05-26,attempt_failed,card_expired
AP7773,T1000002951,2025-01-11,attempt_success,
AP7774,T1000002951,2026-01-11,attempt_success,
AP7775,T1000002953,2025-09-22,attempt_success,
AP7776,T1000002953,2025-12-22,attempt_success,
AP7777,T1000002953,2026-03-23,attempt_failed,card_expired
AP7778,T1000002953,2026-03-26,attempt_success,
AP7779,T1000002953,2026-06-22,attempt_success,
AP7780,T1000002954,2025-09-04,attempt_success,
AP7781,T1000002954,2025-10-04,attempt_success,
AP7782,T1000002954,2025-11-03,attempt_success,
AP7783,T1000002954,2025-12-03,attempt_success,
AP7784,T1000002954,2026-01-02,attempt_success,
AP7785,T1000002954,2026-02-01,attempt_failed,insufficient_funds
AP7786,T1000002954,2026-02-04,attempt_success,
AP7787,T1000002954,2026-03-03,attempt_success,
AP7788,T1000002954,2026-04-02,attempt_success,
AP7789,T1000002954,2026-05-02,attempt_success,
AP7790,T1000002954,2026-06-01,attempt_success,
AP7791,T1000002955,2025-09-15,attempt_success,
AP7792,T1000002955,2025-10-15,attempt_success,
AP7793,T1000002955,2025-11-14,attempt_success,
AP7794,T1000002955,2025-12-14,attempt_success,
AP7795,T1000002955,2026-01-13,attempt_success,
AP7796,T1000002955,2026-02-12,attempt_success,
AP7797,T1000002955,2026-03-14,attempt_success,
AP7798,T1000002955,2026-04-13,attempt_success,
AP7799,T1000002955,2026-05-13,attempt_success,
AP7800,T1000002955,2026-06-12,attempt_success,
AP7801,T1000002958,2025-09-21,attempt_success,
AP7802,T1000002958,2025-10-21,attempt_success,
AP7803,T1000002958,2025-11-20,attempt_success,
AP7804,T1000002958,2025-12-20,attempt_success,
AP7805,T1000002958,2026-01-19,attempt_success,
AP7806,T1000002958,2026-02-18,attempt_success,
AP7807,T1000002958,2026-03-20,attempt_success,
AP7808,T1000002958,2026-04-19,attempt_success,
AP7809,T1000002958,2026-05-19,attempt_success,
AP7810,T1000002958,2026-06-18,attempt_success,
AP7811,T1000002960,2025-09-01,attempt_success,
AP7812,T1000002960,2025-10-01,attempt_success,
AP7813,T1000002960,2025-10-31,attempt_success,
AP7814,T1000002960,2025-11-30,attempt_success,
AP7815,T1000002960,2025-12-30,attempt_success,
AP7816,T1000002960,2026-01-29,attempt_success,
AP7817,T1000002960,2026-02-28,attempt_success,
AP7818,T1000002960,2026-03-30,attempt_failed,card_expired
AP7819,T1000002960,2026-04-02,attempt_failed,card_expired
AP7820,T1000002960,2026-04-29,attempt_success,
AP7821,T1000002960,2026-05-29,attempt_success,
AP7822,T1000002960,2026-06-28,attempt_success,
AP7823,T1000002961,2024-12-01,attempt_success,
AP7824,T1000002961,2025-12-01,attempt_success,
AP7825,T1000002962,2025-09-19,attempt_success,
AP7826,T1000002962,2025-10-19,attempt_success,
AP7827,T1000002962,2025-11-18,attempt_success,
AP7828,T1000002962,2025-12-18,attempt_success,
AP7829,T1000002962,2026-01-17,attempt_failed,insufficient_funds
AP7830,T1000002962,2026-01-20,attempt_success,
AP7831,T1000002962,2026-02-16,attempt_success,
AP7832,T1000002962,2026-03-18,attempt_success,
AP7833,T1000002962,2026-04-17,attempt_success,
AP7834,T1000002962,2026-05-17,attempt_success,
AP7835,T1000002962,2026-06-16,attempt_success,
AP7836,T1000002964,2024-11-15,attempt_success,
AP7837,T1000002964,2025-11-15,attempt_success,
AP7838,T1000002967,2025-09-10,attempt_success,
AP7839,T1000002967,2025-10-10,attempt_failed,insufficient_funds
AP7840,T1000002967,2025-10-13,attempt_failed,insufficient_funds
AP7841,T1000002967,2025-11-09,attempt_success,
AP7842,T1000002967,2025-12-09,attempt_failed,insufficient_funds
AP7843,T1000002967,2025-12-12,attempt_success,
AP7844,T1000002967,2026-01-08,attempt_success,
AP7845,T1000002967,2026-02-07,attempt_success,
AP7846,T1000002967,2026-03-09,attempt_failed,bank_declined
AP7847,T1000002967,2026-03-12,attempt_success,
AP7848,T1000002967,2026-04-08,attempt_success,
AP7849,T1000002967,2026-05-08,attempt_success,
AP7850,T1000002967,2026-06-07,attempt_success,
AP7851,T1000002969,2025-04-12,attempt_success,
AP7852,T1000002969,2026-04-12,attempt_success,
AP7853,T1000002970,2025-09-10,attempt_success,
AP7854,T1000002970,2025-10-10,attempt_success,
AP7855,T1000002970,2025-11-09,attempt_success,
AP7856,T1000002970,2025-12-09,attempt_failed,card_expired
AP7857,T1000002970,2025-12-12,attempt_failed,card_expired
AP7858,T1000002970,2026-01-08,attempt_success,
AP7859,T1000002970,2026-02-07,attempt_success,
AP7860,T1000002970,2026-03-09,attempt_failed,card_expired
AP7861,T1000002970,2026-03-12,attempt_success,
AP7862,T1000002970,2026-04-08,attempt_failed,insufficient_funds
AP7863,T1000002970,2026-04-11,attempt_success,
AP7864,T1000002970,2026-05-08,attempt_success,
AP7865,T1000002970,2026-06-07,attempt_success,
AP7866,T1000002973,2025-08-31,attempt_success,
AP7867,T1000002973,2025-09-30,attempt_success,
AP7868,T1000002973,2025-10-30,attempt_success,
AP7869,T1000002973,2025-11-29,attempt_success,
AP7870,T1000002973,2025-12-29,attempt_success,
AP7871,T1000002973,2026-01-28,attempt_success,
AP7872,T1000002973,2026-02-27,attempt_failed,insufficient_funds
AP7873,T1000002973,2026-03-02,attempt_success,
AP7874,T1000002973,2026-03-29,attempt_success,
AP7875,T1000002973,2026-04-28,attempt_failed,insufficient_funds
AP7876,T1000002973,2026-05-01,attempt_success,
AP7877,T1000002973,2026-05-28,attempt_success,
AP7878,T1000002973,2026-06-27,attempt_success,
AP7879,T1000002974,2025-07-04,attempt_success,
AP7880,T1000002978,2025-09-17,attempt_failed,bank_declined
AP7881,T1000002978,2025-09-20,attempt_success,
AP7882,T1000002978,2025-10-17,attempt_success,
AP7883,T1000002978,2025-11-16,attempt_success,
AP7884,T1000002978,2025-12-16,attempt_success,
AP7885,T1000002978,2026-01-15,attempt_success,
AP7886,T1000002978,2026-02-14,attempt_failed,insufficient_funds
AP7887,T1000002978,2026-02-17,attempt_success,
AP7888,T1000002978,2026-03-16,attempt_success,
AP7889,T1000002978,2026-04-15,attempt_success,
AP7890,T1000002978,2026-05-15,attempt_success,
AP7891,T1000002978,2026-06-14,attempt_success,
AP7892,T1000002982,2025-09-13,attempt_success,
AP7893,T1000002982,2025-10-13,attempt_failed,insufficient_funds
AP7894,T1000002982,2025-10-16,attempt_success,
AP7895,T1000002982,2025-11-12,attempt_failed,card_expired
AP7896,T1000002982,2025-11-15,attempt_success,
AP7897,T1000002982,2025-12-12,attempt_success,
AP7898,T1000002982,2026-01-11,attempt_success,
AP7899,T1000002982,2026-02-10,attempt_success,
AP7900,T1000002982,2026-03-12,attempt_success,
AP7901,T1000002982,2026-04-11,attempt_success,
AP7902,T1000002982,2026-05-11,attempt_success,
AP7903,T1000002982,2026-06-10,attempt_success,
AP7904,T1000002986,2025-09-07,attempt_failed,card_expired
AP7905,T1000002986,2025-09-10,attempt_success,
AP7906,T1000002986,2025-10-07,attempt_success,
AP7907,T1000002986,2025-11-06,attempt_success,
AP7908,T1000002986,2025-12-06,attempt_success,
AP7909,T1000002986,2026-01-05,attempt_success,
AP7910,T1000002986,2026-02-04,attempt_success,
AP7911,T1000002986,2026-03-06,attempt_success,
AP7912,T1000002986,2026-04-05,attempt_success,
AP7913,T1000002986,2026-05-05,attempt_success,
AP7914,T1000002986,2026-06-04,attempt_failed,insufficient_funds
AP7915,T1000002986,2026-06-07,attempt_success,
AP7916,T1000002987,2025-03-06,attempt_success,
AP7917,T1000002987,2026-03-06,attempt_failed,card_expired
AP7918,T1000002987,2026-03-09,attempt_success,
AP7919,T1000002992,2025-09-28,attempt_success,
AP7920,T1000002992,2025-10-28,attempt_success,
AP7921,T1000002992,2025-11-27,attempt_success,
AP7922,T1000002992,2025-12-27,attempt_success,
AP7923,T1000002992,2026-01-26,attempt_success,
AP7924,T1000002992,2026-02-25,attempt_failed,bank_declined
AP7925,T1000002992,2026-02-28,attempt_success,
AP7926,T1000002992,2026-03-27,attempt_success,
AP7927,T1000002992,2026-04-26,attempt_failed,insufficient_funds
AP7928,T1000002992,2026-04-29,attempt_failed,insufficient_funds
AP7929,T1000002992,2026-05-26,attempt_success,
AP7930,T1000002992,2026-06-25,attempt_success,
AP7931,T1000002993,2025-09-02,attempt_success,
AP7932,T1000002993,2025-10-02,attempt_success,
AP7933,T1000002993,2025-11-01,attempt_success,
AP7934,T1000002993,2025-12-01,attempt_success,
AP7935,T1000002993,2025-12-31,attempt_failed,bank_declined
AP7936,T1000002993,2026-01-03,attempt_failed,bank_declined
AP7937,T1000002993,2026-01-30,attempt_success,
AP7938,T1000002993,2026-03-01,attempt_success,
AP7939,T1000002993,2026-03-31,attempt_success,
AP7940,T1000002993,2026-04-30,attempt_failed,card_expired
AP7941,T1000002993,2026-05-03,attempt_failed,card_expired
AP7942,T1000002993,2026-05-30,attempt_success,
AP7943,T1000002993,2026-06-29,attempt_success,
AP7944,T1000002995,2025-07-26,attempt_success,
AP7945,T1000002995,2025-10-25,attempt_success,
AP7946,T1000002995,2026-01-24,attempt_success,
AP7947,T1000002995,2026-04-25,attempt_success,
AP7948,T1000002996,2025-09-02,attempt_success,
AP7949,T1000002997,2024-10-26,attempt_failed,card_expired
AP7950,T1000002997,2024-10-29,attempt_success,
AP7951,T1000002997,2025-10-26,attempt_success,
AP7952,T1000002998,2025-09-16,attempt_success,
AP7953,T1000002998,2025-10-16,attempt_success,
AP7954,T1000002998,2025-11-15,attempt_success,
AP7955,T1000002998,2025-12-15,attempt_success,
AP7956,T1000002998,2026-01-14,attempt_success,
AP7957,T1000002998,2026-02-13,attempt_failed,bank_declined
AP7958,T1000002998,2026-02-16,attempt_failed,bank_declined
AP7959,T1000002998,2026-03-15,attempt_success,
AP7960,T1000002998,2026-04-14,attempt_success,
AP7961,T1000002998,2026-05-14,attempt_success,
AP7962,T1000002998,2026-06-13,attempt_success,
AP7963,T1000003001,2025-06-06,attempt_success,
AP7964,T1000003001,2025-12-05,attempt_success,
AP7965,T1000003001,2026-06-05,attempt_success,
AP7966,T1000003002,2025-09-22,attempt_success,
AP7967,T1000003002,2025-12-22,attempt_success,
AP7968,T1000003002,2026-03-23,attempt_failed,card_expired
AP7969,T1000003002,2026-03-26,attempt_failed,card_expired
AP7970,T1000003002,2026-06-22,attempt_success,
AP7971,T1000003003,2025-09-29,attempt_success,
AP7972,T1000003003,2025-10-29,attempt_failed,bank_declined
AP7973,T1000003003,2025-11-01,attempt_success,
AP7974,T1000003003,2025-11-28,attempt_failed,card_expired
AP7975,T1000003003,2025-12-01,attempt_success,
AP7976,T1000003003,2025-12-28,attempt_success,
AP7977,T1000003003,2026-01-27,attempt_success,
AP7978,T1000003003,2026-02-26,attempt_success,
AP7979,T1000003003,2026-03-28,attempt_success,
AP7980,T1000003003,2026-04-27,attempt_success,
AP7981,T1000003003,2026-05-27,attempt_success,
AP7982,T1000003003,2026-06-26,attempt_success,
AP7983,T1000003007,2025-09-15,attempt_failed,insufficient_funds
AP7984,T1000003007,2025-09-18,attempt_success,
AP7985,T1000003007,2025-10-15,attempt_success,
AP7986,T1000003007,2025-11-14,attempt_success,
AP7987,T1000003007,2025-12-14,attempt_success,
AP7988,T1000003007,2026-01-13,attempt_success,
AP7989,T1000003007,2026-02-12,attempt_success,
AP7990,T1000003007,2026-03-14,attempt_success,
AP7991,T1000003007,2026-04-13,attempt_success,
AP7992,T1000003007,2026-05-13,attempt_success,
AP7993,T1000003007,2026-06-12,attempt_success,
AP7994,T1000003010,2025-05-14,attempt_success,
AP7995,T1000003010,2025-11-12,attempt_success,
AP7996,T1000003010,2026-05-13,attempt_success,
AP7997,T1000003012,2024-11-01,attempt_success,
AP7998,T1000003012,2025-11-01,attempt_success,
AP7999,T1000003013,2025-01-11,attempt_success,
AP8000,T1000003013,2026-01-11,attempt_success,
AP8001,T1000003015,2025-04-03,attempt_failed,card_expired
AP8002,T1000003015,2025-04-06,attempt_success,
AP8003,T1000003015,2026-04-03,attempt_success,
AP8004,T1000003021,2025-07-21,attempt_success,
AP8005,T1000003022,2025-05-21,attempt_failed,insufficient_funds
AP8006,T1000003022,2025-05-24,attempt_success,
AP8007,T1000003022,2026-05-21,attempt_success,
AP8008,T1000003025,2025-05-12,attempt_success,
AP8009,T1000003025,2026-05-12,attempt_success,
AP8010,T1000003026,2025-04-26,attempt_success,
AP8011,T1000003026,2025-10-25,attempt_failed,insufficient_funds
AP8012,T1000003026,2025-10-28,attempt_success,
AP8013,T1000003026,2026-04-25,attempt_success,
AP8014,T1000003028,2025-08-18,attempt_failed,insufficient_funds
AP8015,T1000003028,2025-08-21,attempt_success,
AP8016,T1000003028,2025-11-17,attempt_success,
AP8017,T1000003028,2026-02-16,attempt_failed,card_expired
AP8018,T1000003028,2026-02-19,attempt_success,
AP8019,T1000003028,2026-05-18,attempt_success,
AP8020,T1000003031,2025-08-20,attempt_success,
AP8021,T1000003031,2025-11-19,attempt_success,
AP8022,T1000003031,2026-02-18,attempt_success,
AP8023,T1000003031,2026-05-20,attempt_success,
AP8024,T1000003033,2025-08-31,attempt_success,
AP8025,T1000003033,2025-09-30,attempt_success,
AP8026,T1000003033,2025-10-30,attempt_success,
AP8027,T1000003033,2025-11-29,attempt_success,
AP8028,T1000003033,2025-12-29,attempt_failed,insufficient_funds
AP8029,T1000003033,2026-01-01,attempt_success,
AP8030,T1000003033,2026-01-28,attempt_success,
AP8031,T1000003033,2026-02-27,attempt_success,
AP8032,T1000003033,2026-03-29,attempt_success,
AP8033,T1000003033,2026-04-28,attempt_success,
AP8034,T1000003033,2026-05-28,attempt_failed,card_expired
AP8035,T1000003033,2026-05-31,attempt_success,
AP8036,T1000003033,2026-06-27,attempt_failed,insufficient_funds
AP8037,T1000003033,2026-06-30,attempt_success,
AP8038,T1000003035,2024-12-03,attempt_success,
AP8039,T1000003035,2025-12-03,attempt_success,
AP8040,T1000003037,2025-09-06,attempt_success,
AP8041,T1000003037,2025-12-06,attempt_success,
AP8042,T1000003037,2026-03-07,attempt_success,
AP8043,T1000003037,2026-06-06,attempt_success,
AP8044,T1000003039,2025-09-06,attempt_success,
AP8045,T1000003039,2025-10-06,attempt_success,
AP8046,T1000003039,2025-11-05,attempt_success,
AP8047,T1000003039,2025-12-05,attempt_failed,insufficient_funds
AP8048,T1000003039,2025-12-08,attempt_failed,insufficient_funds
AP8049,T1000003039,2026-01-04,attempt_success,
AP8050,T1000003039,2026-02-03,attempt_success,
AP8051,T1000003039,2026-03-05,attempt_failed,insufficient_funds
AP8052,T1000003039,2026-03-08,attempt_success,
AP8053,T1000003039,2026-04-04,attempt_success,
AP8054,T1000003039,2026-05-04,attempt_failed,card_expired
AP8055,T1000003039,2026-05-07,attempt_failed,card_expired
AP8056,T1000003039,2026-06-03,attempt_success,
AP8057,T1000003041,2025-07-10,attempt_success,
AP8058,T1000003041,2026-01-08,attempt_success,
AP8059,T1000003043,2025-08-01,attempt_success,
AP8060,T1000003043,2025-10-31,attempt_success,
AP8061,T1000003043,2026-01-30,attempt_success,
AP8062,T1000003043,2026-05-01,attempt_success,
AP8063,T1000003045,2024-11-09,attempt_success,
AP8064,T1000003045,2025-11-09,attempt_success,
AP8065,T1000003047,2025-09-12,attempt_failed,bank_declined
AP8066,T1000003047,2025-09-15,attempt_success,
AP8067,T1000003047,2025-10-12,attempt_failed,card_expired
AP8068,T1000003047,2025-10-15,attempt_success,
AP8069,T1000003047,2025-11-11,attempt_success,
AP8070,T1000003047,2025-12-11,attempt_success,
AP8071,T1000003047,2026-01-10,attempt_success,
AP8072,T1000003047,2026-02-09,attempt_success,
AP8073,T1000003047,2026-03-11,attempt_success,
AP8074,T1000003047,2026-04-10,attempt_failed,insufficient_funds
AP8075,T1000003047,2026-04-13,attempt_success,
AP8076,T1000003047,2026-05-10,attempt_success,
AP8077,T1000003047,2026-06-09,attempt_success,
AP8078,T1000003049,2025-05-11,attempt_success,
AP8079,T1000003049,2025-11-09,attempt_success,
AP8080,T1000003049,2026-05-10,attempt_success,
AP8081,T1000003050,2024-12-26,attempt_success,
AP8082,T1000003050,2025-12-26,attempt_success,
AP8083,T1000003051,2025-04-02,attempt_success,
AP8084,T1000003051,2026-04-02,attempt_success,
AP8085,T1000003053,2025-09-26,attempt_success,
AP8086,T1000003053,2025-10-26,attempt_success,
AP8087,T1000003053,2025-11-25,attempt_failed,card_expired
AP8088,T1000003053,2025-11-28,attempt_success,
AP8089,T1000003053,2025-12-25,attempt_success,
AP8090,T1000003053,2026-01-24,attempt_success,
AP8091,T1000003053,2026-02-23,attempt_success,
AP8092,T1000003053,2026-03-25,attempt_success,
AP8093,T1000003053,2026-04-24,attempt_success,
AP8094,T1000003053,2026-05-24,attempt_success,
AP8095,T1000003053,2026-06-23,attempt_success,
AP8096,T1000003054,2025-04-21,attempt_success,
AP8097,T1000003054,2026-04-21,attempt_success,
AP8098,T1000003055,2025-09-23,attempt_success,
AP8099,T1000003055,2025-10-23,attempt_success,
AP8100,T1000003055,2025-11-22,attempt_failed,insufficient_funds
AP8101,T1000003055,2025-11-25,attempt_success,
AP8102,T1000003055,2025-12-22,attempt_failed,insufficient_funds
AP8103,T1000003055,2025-12-25,attempt_success,
AP8104,T1000003055,2026-01-21,attempt_success,
AP8105,T1000003055,2026-02-20,attempt_failed,insufficient_funds
AP8106,T1000003055,2026-02-23,attempt_success,
AP8107,T1000003055,2026-03-22,attempt_success,
AP8108,T1000003055,2026-04-21,attempt_success,
AP8109,T1000003055,2026-05-21,attempt_success,
AP8110,T1000003055,2026-06-20,attempt_success,
AP8111,T1000003056,2025-06-05,attempt_success,
AP8112,T1000003056,2026-06-05,attempt_success,
AP8113,T1000003058,2025-06-08,attempt_success,
AP8114,T1000003058,2025-12-07,attempt_success,
AP8115,T1000003058,2026-06-07,attempt_success,
AP8116,T1000003059,2025-09-12,attempt_success,
AP8117,T1000003059,2025-10-12,attempt_success,
AP8118,T1000003059,2025-11-11,attempt_success,
AP8119,T1000003059,2025-12-11,attempt_success,
AP8120,T1000003059,2026-01-10,attempt_success,
AP8121,T1000003059,2026-02-09,attempt_failed,card_expired
AP8122,T1000003059,2026-02-12,attempt_failed,card_expired
AP8123,T1000003059,2026-03-11,attempt_success,
AP8124,T1000003059,2026-04-10,attempt_success,
AP8125,T1000003059,2026-05-10,attempt_success,
AP8126,T1000003059,2026-06-09,attempt_success,
AP8127,T1000003060,2025-08-16,attempt_failed,insufficient_funds
AP8128,T1000003060,2025-08-19,attempt_success,
AP8129,T1000003060,2025-11-15,attempt_failed,card_expired
AP8130,T1000003060,2025-11-18,attempt_success,
AP8131,T1000003060,2026-02-14,attempt_success,
AP8132,T1000003060,2026-05-16,attempt_success,
AP8133,T1000003066,2025-08-25,attempt_success,
AP8134,T1000003066,2025-11-24,attempt_success,
AP8135,T1000003066,2026-02-23,attempt_success,
AP8136,T1000003066,2026-05-25,attempt_failed,insufficient_funds
AP8137,T1000003066,2026-05-28,attempt_success,
AP8138,T1000003072,2025-07-22,attempt_success,
AP8139,T1000003072,2025-10-21,attempt_success,
AP8140,T1000003072,2026-01-20,attempt_success,
AP8141,T1000003072,2026-04-21,attempt_success,
AP8142,T1000003076,2025-07-03,attempt_success,
AP8143,T1000003076,2025-10-02,attempt_success,
AP8144,T1000003076,2026-01-01,attempt_success,
AP8145,T1000003076,2026-04-02,attempt_success,
AP8146,T1000003077,2025-09-06,attempt_success,
AP8147,T1000003077,2025-10-06,attempt_success,
AP8148,T1000003077,2025-11-05,attempt_success,
AP8149,T1000003077,2025-12-05,attempt_success,
AP8150,T1000003077,2026-01-04,attempt_failed,card_expired
AP8151,T1000003077,2026-01-07,attempt_success,
AP8152,T1000003077,2026-02-03,attempt_success,
AP8153,T1000003077,2026-03-05,attempt_success,
AP8154,T1000003077,2026-04-04,attempt_success,
AP8155,T1000003077,2026-05-04,attempt_failed,card_expired
AP8156,T1000003077,2026-05-07,attempt_success,
AP8157,T1000003077,2026-06-03,attempt_success,
AP8158,T1000003079,2025-04-14,attempt_success,
AP8159,T1000003079,2025-10-13,attempt_success,
AP8160,T1000003079,2026-04-13,attempt_success,
AP8161,T1000003083,2025-07-08,attempt_success,
AP8162,T1000003083,2026-01-06,attempt_success,
AP8163,T1000003084,2025-09-15,attempt_success,
AP8164,T1000003084,2025-12-15,attempt_success,
AP8165,T1000003084,2026-03-16,attempt_failed,insufficient_funds
AP8166,T1000003084,2026-03-19,attempt_success,
AP8167,T1000003084,2026-06-15,attempt_success,
AP8168,T1000003086,2025-09-21,attempt_success,
AP8169,T1000003088,2025-09-11,attempt_failed,insufficient_funds
AP8170,T1000003088,2025-09-14,attempt_success,
AP8171,T1000003088,2026-03-12,attempt_success,
AP8172,T1000003092,2025-04-02,attempt_failed,bank_declined
AP8173,T1000003092,2025-04-05,attempt_success,
AP8174,T1000003092,2026-04-02,attempt_success,
AP8175,T1000003093,2025-07-16,attempt_success,
AP8176,T1000003093,2026-01-14,attempt_failed,insufficient_funds
AP8177,T1000003093,2026-01-17,attempt_failed,insufficient_funds
AP8178,T1000003095,2025-09-13,attempt_failed,card_expired
AP8179,T1000003095,2025-09-16,attempt_success,
AP8180,T1000003095,2025-10-13,attempt_failed,card_expired
AP8181,T1000003095,2025-10-16,attempt_success,
AP8182,T1000003095,2025-11-12,attempt_success,
AP8183,T1000003095,2025-12-12,attempt_success,
AP8184,T1000003095,2026-01-11,attempt_failed,insufficient_funds
AP8185,T1000003095,2026-01-14,attempt_success,
AP8186,T1000003095,2026-02-10,attempt_success,
AP8187,T1000003095,2026-03-12,attempt_success,
AP8188,T1000003095,2026-04-11,attempt_failed,card_expired
AP8189,T1000003095,2026-04-14,attempt_success,
AP8190,T1000003095,2026-05-11,attempt_success,
AP8191,T1000003095,2026-06-10,attempt_success,
AP8192,T1000003096,2025-09-13,attempt_success,
AP8193,T1000003096,2025-10-13,attempt_success,
AP8194,T1000003096,2025-11-12,attempt_failed,insufficient_funds
AP8195,T1000003096,2025-11-15,attempt_success,
AP8196,T1000003096,2025-12-12,attempt_failed,insufficient_funds
AP8197,T1000003096,2025-12-15,attempt_success,
AP8198,T1000003096,2026-01-11,attempt_success,
AP8199,T1000003096,2026-02-10,attempt_success,
AP8200,T1000003096,2026-03-12,attempt_failed,insufficient_funds
AP8201,T1000003096,2026-03-15,attempt_failed,insufficient_funds
AP8202,T1000003096,2026-04-11,attempt_success,
AP8203,T1000003096,2026-05-11,attempt_success,
AP8204,T1000003096,2026-06-10,attempt_success,
AP8205,T1000003098,2025-07-05,attempt_success,
AP8206,T1000003098,2025-10-04,attempt_success,
AP8207,T1000003098,2026-01-03,attempt_success,
AP8208,T1000003098,2026-04-04,attempt_success,
AP8209,T1000003101,2025-07-20,attempt_failed,bank_declined
AP8210,T1000003101,2025-07-23,attempt_success,
AP8211,T1000003101,2025-10-19,attempt_success,
AP8212,T1000003101,2026-01-18,attempt_success,
AP8213,T1000003101,2026-04-19,attempt_failed,insufficient_funds
AP8214,T1000003101,2026-04-22,attempt_success,
AP8215,T1000003104,2025-07-24,attempt_success,
AP8216,T1000003104,2025-10-23,attempt_success,
AP8217,T1000003104,2026-01-22,attempt_success,
AP8218,T1000003104,2026-04-23,attempt_failed,card_expired
AP8219,T1000003104,2026-04-26,attempt_success,
AP8220,T1000003107,2025-08-20,attempt_failed,bank_declined
AP8221,T1000003107,2025-08-23,attempt_success,
AP8222,T1000003107,2025-11-19,attempt_success,
AP8223,T1000003107,2026-02-18,attempt_success,
AP8224,T1000003107,2026-05-20,attempt_success,
AP8225,T1000003112,2025-12-02,attempt_success,
AP8226,T1000003112,2026-01-01,attempt_success,
AP8227,T1000003112,2026-01-31,attempt_success,
AP8228,T1000003112,2026-03-02,attempt_success,
AP8229,T1000003112,2026-04-01,attempt_failed,insufficient_funds
AP8230,T1000003112,2026-04-04,attempt_failed,insufficient_funds
AP8231,T1000003112,2026-05-01,attempt_success,
AP8232,T1000003112,2026-05-31,attempt_success,
AP8233,T1000003112,2026-06-30,attempt_failed,card_expired
AP8234,T1000003112,2026-07-03,attempt_failed,card_expired
AP8235,T1000003113,2025-11-27,attempt_success,
AP8236,T1000003113,2025-12-27,attempt_success,
AP8237,T1000003113,2026-01-26,attempt_failed,card_expired
AP8238,T1000003113,2026-01-29,attempt_failed,card_expired
AP8239,T1000003113,2026-02-25,attempt_success,
AP8240,T1000003113,2026-03-27,attempt_success,
AP8241,T1000003113,2026-04-26,attempt_success,
AP8242,T1000003113,2026-05-26,attempt_success,
AP8243,T1000003113,2026-06-25,attempt_success,
AP8244,T1000003121,2025-09-07,attempt_failed,insufficient_funds
AP8245,T1000003121,2025-09-10,attempt_success,
AP8246,T1000003121,2025-10-07,attempt_success,
AP8247,T1000003121,2025-11-06,attempt_success,
AP8248,T1000003121,2025-12-06,attempt_success,
AP8249,T1000003121,2026-01-05,attempt_success,
AP8250,T1000003121,2026-02-04,attempt_success,
AP8251,T1000003121,2026-03-06,attempt_success,
AP8252,T1000003121,2026-04-05,attempt_success,
AP8253,T1000003121,2026-05-05,attempt_success,
AP8254,T1000003121,2026-06-04,attempt_success,
AP8255,T1000003124,2024-10-24,attempt_success,
AP8256,T1000003124,2025-10-24,attempt_success,
AP8257,T1000003125,2024-12-07,attempt_success,
AP8258,T1000003125,2025-12-07,attempt_success,
AP8259,T1000003127,2025-07-25,attempt_success,
AP8260,T1000003127,2025-10-24,attempt_success,
AP8261,T1000003127,2026-01-23,attempt_success,
AP8262,T1000003127,2026-04-24,attempt_success,
AP8263,T1000003128,2025-07-25,attempt_success,
AP8264,T1000003128,2025-10-24,attempt_success,
AP8265,T1000003128,2026-01-23,attempt_success,
AP8266,T1000003128,2026-04-24,attempt_success,
AP8267,T1000003129,2025-08-04,attempt_success,
AP8268,T1000003129,2026-02-02,attempt_success,
AP8269,T1000003130,2025-07-07,attempt_success,
AP8270,T1000003130,2025-10-06,attempt_success,
AP8271,T1000003130,2026-01-05,attempt_failed,bank_declined
AP8272,T1000003130,2026-01-08,attempt_success,
AP8273,T1000003130,2026-04-06,attempt_success,
AP8274,T1000003132,2025-09-07,attempt_failed,bank_declined
AP8275,T1000003132,2025-09-10,attempt_success,
AP8276,T1000003132,2025-10-07,attempt_success,
AP8277,T1000003132,2025-11-06,attempt_success,
AP8278,T1000003132,2025-12-06,attempt_success,
AP8279,T1000003132,2026-01-05,attempt_success,
AP8280,T1000003132,2026-02-04,attempt_success,
AP8281,T1000003132,2026-03-06,attempt_success,
AP8282,T1000003132,2026-04-05,attempt_success,
AP8283,T1000003132,2026-05-05,attempt_success,
AP8284,T1000003132,2026-06-04,attempt_success,
AP8285,T1000003133,2025-08-28,attempt_success,
AP8286,T1000003133,2025-11-27,attempt_success,
AP8287,T1000003133,2026-02-26,attempt_success,
AP8288,T1000003133,2026-05-28,attempt_success,
AP8289,T1000003134,2025-09-09,attempt_success,
AP8290,T1000003134,2025-10-09,attempt_success,
AP8291,T1000003134,2025-11-08,attempt_success,
AP8292,T1000003134,2025-12-08,attempt_success,
AP8293,T1000003134,2026-01-07,attempt_success,
AP8294,T1000003134,2026-02-06,attempt_success,
AP8295,T1000003134,2026-03-08,attempt_success,
AP8296,T1000003134,2026-04-07,attempt_success,
AP8297,T1000003134,2026-05-07,attempt_success,
AP8298,T1000003134,2026-06-06,attempt_success,
AP8299,T1000003135,2025-09-04,attempt_success,
AP8300,T1000003135,2025-10-04,attempt_success,
AP8301,T1000003135,2025-11-03,attempt_failed,insufficient_funds
AP8302,T1000003135,2025-11-06,attempt_success,
AP8303,T1000003135,2025-12-03,attempt_success,
AP8304,T1000003135,2026-01-02,attempt_success,
AP8305,T1000003135,2026-02-01,attempt_success,
AP8306,T1000003135,2026-03-03,attempt_success,
AP8307,T1000003135,2026-04-02,attempt_success,
AP8308,T1000003135,2026-05-02,attempt_success,
AP8309,T1000003135,2026-06-01,attempt_success,
AP8310,T1000003141,2024-12-22,attempt_success,
AP8311,T1000003141,2025-12-22,attempt_success,
AP8312,T1000003148,2025-07-17,attempt_success,
AP8313,T1000003149,2024-11-13,attempt_success,
AP8314,T1000003149,2025-11-13,attempt_success,
AP8315,T1000003156,2025-10-22,attempt_success,
AP8316,T1000003156,2025-11-21,attempt_success,
AP8317,T1000003156,2025-12-21,attempt_success,
AP8318,T1000003156,2026-01-20,attempt_success,
AP8319,T1000003156,2026-02-19,attempt_success,
AP8320,T1000003156,2026-03-21,attempt_success,
AP8321,T1000003156,2026-04-20,attempt_success,
AP8322,T1000003156,2026-05-20,attempt_success,
AP8323,T1000003156,2026-06-19,attempt_success,
AP8324,T1000003159,2025-08-28,attempt_success,
AP8325,T1000003159,2025-11-27,attempt_success,
AP8326,T1000003159,2026-02-26,attempt_success,
AP8327,T1000003159,2026-05-28,attempt_success,
AP8328,T1000003160,2025-09-09,attempt_success,
AP8329,T1000003160,2026-03-10,attempt_success,
AP8330,T1000003163,2025-07-06,attempt_success,
AP8331,T1000003163,2025-10-05,attempt_success,
AP8332,T1000003163,2026-01-04,attempt_failed,card_expired
AP8333,T1000003163,2026-01-07,attempt_success,
AP8334,T1000003163,2026-04-05,attempt_success,
AP8335,T1000003168,2025-09-29,attempt_success,
AP8336,T1000003168,2026-03-30,attempt_success,
AP8337,T1000003169,2024-10-25,attempt_success,
AP8338,T1000003169,2025-10-25,attempt_success,
AP8339,T1000003171,2025-10-23,attempt_success,
AP8340,T1000003171,2025-11-22,attempt_failed,card_expired
AP8341,T1000003171,2025-11-25,attempt_failed,card_expired
AP8342,T1000003171,2025-12-22,attempt_success,
AP8343,T1000003171,2026-01-21,attempt_success,
AP8344,T1000003171,2026-02-20,attempt_success,
AP8345,T1000003171,2026-03-22,attempt_success,
AP8346,T1000003171,2026-04-21,attempt_success,
AP8347,T1000003171,2026-05-21,attempt_success,
AP8348,T1000003171,2026-06-20,attempt_success,
AP8349,T1000003172,2025-11-27,attempt_success,
AP8350,T1000003185,2025-04-13,attempt_success,
AP8351,T1000003185,2026-04-13,attempt_success,
AP8352,T1000003186,2025-09-06,attempt_success,
AP8353,T1000003186,2025-10-06,attempt_success,
AP8354,T1000003186,2025-11-05,attempt_success,
AP8355,T1000003186,2025-12-05,attempt_success,
AP8356,T1000003186,2026-01-04,attempt_success,
AP8357,T1000003186,2026-02-03,attempt_failed,card_expired
AP8358,T1000003186,2026-02-06,attempt_failed,card_expired
AP8359,T1000003186,2026-03-05,attempt_success,
AP8360,T1000003186,2026-04-04,attempt_success,
AP8361,T1000003186,2026-05-04,attempt_success,
AP8362,T1000003186,2026-06-03,attempt_success,
AP8363,T1000003187,2025-05-17,attempt_success,
AP8364,T1000003187,2026-05-17,attempt_success,
AP8365,T1000003188,2025-06-10,attempt_success,
AP8366,T1000003188,2025-12-09,attempt_success,
AP8367,T1000003188,2026-06-09,attempt_success,
AP8368,T1000003190,2025-11-08,attempt_success,
AP8369,T1000003190,2026-02-07,attempt_success,
AP8370,T1000003190,2026-05-09,attempt_success,
AP8371,T1000003192,2024-11-27,attempt_success,
AP8372,T1000003192,2025-11-27,attempt_success,
AP8373,T1000003193,2025-06-30,attempt_success,
AP8374,T1000003193,2025-12-29,attempt_success,
AP8375,T1000003193,2026-06-29,attempt_success,
AP8376,T1000003196,2025-07-05,attempt_success,
AP8377,T1000003196,2026-01-03,attempt_success,
AP8378,T1000003198,2025-07-18,attempt_success,
AP8379,T1000003198,2025-10-17,attempt_success,
AP8380,T1000003198,2026-01-16,attempt_success,
AP8381,T1000003198,2026-04-17,attempt_success,
AP8382,T1000003200,2025-09-29,attempt_success,
AP8383,T1000003200,2025-10-29,attempt_success,
AP8384,T1000003200,2025-11-28,attempt_success,
AP8385,T1000003200,2025-12-28,attempt_success,
AP8386,T1000003200,2026-01-27,attempt_success,
AP8387,T1000003200,2026-02-26,attempt_success,
AP8388,T1000003200,2026-03-28,attempt_success,
AP8389,T1000003200,2026-04-27,attempt_success,
AP8390,T1000003200,2026-05-27,attempt_failed,insufficient_funds
AP8391,T1000003200,2026-05-30,attempt_failed,insufficient_funds
AP8392,T1000003200,2026-06-26,attempt_success,
AP8393,T1000003204,2025-08-23,attempt_success,
AP8394,T1000003204,2025-11-22,attempt_failed,bank_declined
AP8395,T1000003204,2025-11-25,attempt_failed,bank_declined
AP8396,T1000003204,2026-02-21,attempt_success,
AP8397,T1000003204,2026-05-23,attempt_success,
AP8398,T1000003208,2025-09-21,attempt_success,
AP8399,T1000003208,2025-10-21,attempt_success,
AP8400,T1000003208,2025-11-20,attempt_success,
AP8401,T1000003208,2025-12-20,attempt_success,
AP8402,T1000003208,2026-01-19,attempt_success,
AP8403,T1000003208,2026-02-18,attempt_success,
AP8404,T1000003208,2026-03-20,attempt_failed,insufficient_funds
AP8405,T1000003208,2026-03-23,attempt_failed,insufficient_funds
AP8406,T1000003208,2026-04-19,attempt_success,
AP8407,T1000003208,2026-05-19,attempt_success,
AP8408,T1000003208,2026-06-18,attempt_success,
AP8409,T1000003209,2025-09-08,attempt_success,
AP8410,T1000003209,2025-10-08,attempt_success,
AP8411,T1000003209,2025-11-07,attempt_success,
AP8412,T1000003209,2025-12-07,attempt_success,
AP8413,T1000003209,2026-01-06,attempt_success,
AP8414,T1000003209,2026-02-05,attempt_success,
AP8415,T1000003209,2026-03-07,attempt_success,
AP8416,T1000003209,2026-04-06,attempt_failed,card_expired
AP8417,T1000003209,2026-04-09,attempt_success,
AP8418,T1000003209,2026-05-06,attempt_success,
AP8419,T1000003209,2026-06-05,attempt_success,
AP8420,T1000003211,2025-08-23,attempt_success,
AP8421,T1000003211,2026-02-21,attempt_success,
AP8422,T1000003212,2025-09-26,attempt_success,
AP8423,T1000003212,2025-10-26,attempt_failed,insufficient_funds
AP8424,T1000003212,2025-10-29,attempt_failed,insufficient_funds
AP8425,T1000003212,2025-11-25,attempt_success,
AP8426,T1000003212,2025-12-25,attempt_success,
AP8427,T1000003212,2026-01-24,attempt_success,
AP8428,T1000003212,2026-02-23,attempt_success,
AP8429,T1000003212,2026-03-25,attempt_success,
AP8430,T1000003212,2026-04-24,attempt_success,
AP8431,T1000003212,2026-05-24,attempt_failed,insufficient_funds
AP8432,T1000003212,2026-05-27,attempt_success,
AP8433,T1000003212,2026-06-23,attempt_success,
AP8434,T1000003215,2025-09-10,attempt_success,
AP8435,T1000003215,2025-10-10,attempt_success,
AP8436,T1000003215,2025-11-09,attempt_success,
AP8437,T1000003215,2025-12-09,attempt_success,
AP8438,T1000003215,2026-01-08,attempt_success,
AP8439,T1000003215,2026-02-07,attempt_failed,insufficient_funds
AP8440,T1000003215,2026-02-10,attempt_success,
AP8441,T1000003215,2026-03-09,attempt_success,
AP8442,T1000003215,2026-04-08,attempt_success,
AP8443,T1000003215,2026-05-08,attempt_success,
AP8444,T1000003215,2026-06-07,attempt_success,
AP8445,T1000003217,2025-02-02,attempt_success,
AP8446,T1000003217,2026-02-02,attempt_success,
AP8447,T1000003218,2025-06-21,attempt_success,
AP8448,T1000003218,2025-12-20,attempt_success,
AP8449,T1000003218,2026-06-20,attempt_success,
AP8450,T1000003219,2025-08-09,attempt_success,
AP8451,T1000003219,2025-11-08,attempt_success,
AP8452,T1000003219,2026-02-07,attempt_success,
AP8453,T1000003219,2026-05-09,attempt_success,
AP8454,T1000003223,2025-07-11,attempt_success,
AP8455,T1000003223,2025-10-10,attempt_success,
AP8456,T1000003223,2026-01-09,attempt_success,
AP8457,T1000003223,2026-04-10,attempt_failed,insufficient_funds
AP8458,T1000003223,2026-04-13,attempt_success,
AP8459,T1000003227,2025-09-19,attempt_success,
AP8460,T1000003227,2025-10-19,attempt_success,
AP8461,T1000003227,2025-11-18,attempt_failed,card_expired
AP8462,T1000003227,2025-11-21,attempt_success,
AP8463,T1000003227,2025-12-18,attempt_success,
AP8464,T1000003227,2026-01-17,attempt_success,
AP8465,T1000003227,2026-02-16,attempt_success,
AP8466,T1000003227,2026-03-18,attempt_success,
AP8467,T1000003227,2026-04-17,attempt_success,
AP8468,T1000003227,2026-05-17,attempt_success,
AP8469,T1000003227,2026-06-16,attempt_success,
AP8470,T1000003230,2025-09-10,attempt_success,
AP8471,T1000003230,2025-12-10,attempt_success,
AP8472,T1000003230,2026-03-11,attempt_success,
AP8473,T1000003230,2026-06-10,attempt_success,
AP8474,T1000003234,2025-05-23,attempt_success,
AP8475,T1000003234,2025-11-21,attempt_success,
AP8476,T1000003234,2026-05-22,attempt_success,
AP8477,T1000003235,2024-11-10,attempt_success,
AP8478,T1000003235,2025-11-10,attempt_success,
AP8479,T1000003238,2025-09-10,attempt_success,
AP8480,T1000003238,2025-10-10,attempt_success,
AP8481,T1000003238,2025-11-09,attempt_success,
AP8482,T1000003238,2025-12-09,attempt_failed,bank_declined
AP8483,T1000003238,2025-12-12,attempt_success,
AP8484,T1000003238,2026-01-08,attempt_success,
AP8485,T1000003238,2026-02-07,attempt_success,
AP8486,T1000003238,2026-03-09,attempt_success,
AP8487,T1000003238,2026-04-08,attempt_success,
AP8488,T1000003238,2026-05-08,attempt_success,
AP8489,T1000003238,2026-06-07,attempt_success,
AP8490,T1000003239,2025-09-11,attempt_success,
AP8491,T1000003239,2026-03-12,attempt_success,
AP8492,T1000003243,2025-09-10,attempt_success,
AP8493,T1000003243,2025-10-10,attempt_success,
AP8494,T1000003243,2025-11-09,attempt_success,
AP8495,T1000003243,2025-12-09,attempt_success,
AP8496,T1000003243,2026-01-08,attempt_success,
AP8497,T1000003243,2026-02-07,attempt_success,
AP8498,T1000003243,2026-03-09,attempt_success,
AP8499,T1000003243,2026-04-08,attempt_success,
AP8500,T1000003243,2026-05-08,attempt_success,
AP8501,T1000003243,2026-06-07,attempt_success,
AP8502,T1000003244,2025-09-04,attempt_success,
AP8503,T1000003244,2025-10-04,attempt_success,
AP8504,T1000003244,2025-11-03,attempt_failed,insufficient_funds
AP8505,T1000003244,2025-11-06,attempt_success,
AP8506,T1000003244,2025-12-03,attempt_success,
AP8507,T1000003244,2026-01-02,attempt_success,
AP8508,T1000003244,2026-02-01,attempt_failed,bank_declined
AP8509,T1000003244,2026-02-04,attempt_success,
AP8510,T1000003244,2026-03-03,attempt_success,
AP8511,T1000003244,2026-04-02,attempt_failed,insufficient_funds
AP8512,T1000003244,2026-04-05,attempt_failed,insufficient_funds
AP8513,T1000003244,2026-05-02,attempt_success,
AP8514,T1000003244,2026-06-01,attempt_failed,bank_declined
AP8515,T1000003244,2026-06-04,attempt_success,
AP8516,T1000003256,2025-09-17,attempt_success,
AP8517,T1000003256,2026-03-18,attempt_success,
AP8518,T1000003257,2025-09-10,attempt_success,
AP8519,T1000003257,2025-10-10,attempt_success,
AP8520,T1000003257,2025-11-09,attempt_success,
AP8521,T1000003257,2025-12-09,attempt_success,
AP8522,T1000003257,2026-01-08,attempt_failed,insufficient_funds
AP8523,T1000003257,2026-01-11,attempt_failed,insufficient_funds
AP8524,T1000003257,2026-02-07,attempt_success,
AP8525,T1000003257,2026-03-09,attempt_success,
AP8526,T1000003257,2026-04-08,attempt_success,
AP8527,T1000003257,2026-05-08,attempt_success,
AP8528,T1000003257,2026-06-07,attempt_success,
AP8529,T1000003259,2025-10-08,attempt_success,
AP8530,T1000003263,2025-09-23,attempt_success,
AP8531,T1000003263,2025-10-23,attempt_success,
AP8532,T1000003263,2025-11-22,attempt_success,
AP8533,T1000003263,2025-12-22,attempt_success,
AP8534,T1000003263,2026-01-21,attempt_success,
AP8535,T1000003263,2026-02-20,attempt_failed,insufficient_funds
AP8536,T1000003263,2026-02-23,attempt_success,
AP8537,T1000003263,2026-03-22,attempt_success,
AP8538,T1000003263,2026-04-21,attempt_success,
AP8539,T1000003263,2026-05-21,attempt_success,
AP8540,T1000003263,2026-06-20,attempt_success,
AP8541,T1000003267,2025-09-22,attempt_success,
AP8542,T1000003267,2025-10-22,attempt_success,
AP8543,T1000003267,2025-11-21,attempt_success,
AP8544,T1000003267,2025-12-21,attempt_success,
AP8545,T1000003267,2026-01-20,attempt_success,
AP8546,T1000003267,2026-02-19,attempt_success,
AP8547,T1000003267,2026-03-21,attempt_success,
AP8548,T1000003267,2026-04-20,attempt_success,
AP8549,T1000003267,2026-05-20,attempt_success,
AP8550,T1000003267,2026-06-19,attempt_failed,insufficient_funds
AP8551,T1000003267,2026-06-22,attempt_failed,insufficient_funds
AP8552,T1000003270,2025-09-08,attempt_success,
AP8553,T1000003270,2025-10-08,attempt_success,
AP8554,T1000003270,2025-11-07,attempt_success,
AP8555,T1000003270,2025-12-07,attempt_success,
AP8556,T1000003270,2026-01-06,attempt_success,
AP8557,T1000003270,2026-02-05,attempt_success,
AP8558,T1000003270,2026-03-07,attempt_success,
AP8559,T1000003270,2026-04-06,attempt_success,
AP8560,T1000003270,2026-05-06,attempt_failed,insufficient_funds
AP8561,T1000003270,2026-05-09,attempt_success,
AP8562,T1000003270,2026-06-05,attempt_success,
AP8563,T1000003271,2025-09-14,attempt_success,
AP8564,T1000003271,2025-10-14,attempt_success,
AP8565,T1000003271,2025-11-13,attempt_success,
AP8566,T1000003271,2025-12-13,attempt_failed,insufficient_funds
AP8567,T1000003271,2025-12-16,attempt_success,
AP8568,T1000003271,2026-01-12,attempt_success,
AP8569,T1000003271,2026-02-11,attempt_success,
AP8570,T1000003271,2026-03-13,attempt_success,
AP8571,T1000003271,2026-04-12,attempt_success,
AP8572,T1000003271,2026-05-12,attempt_success,
AP8573,T1000003271,2026-06-11,attempt_success,
AP8574,T1000003273,2025-03-16,attempt_success,
AP8575,T1000003273,2026-03-16,attempt_success,
AP8576,T1000003274,2025-04-04,attempt_success,
AP8577,T1000003274,2025-10-03,attempt_failed,insufficient_funds
AP8578,T1000003274,2025-10-06,attempt_success,
AP8579,T1000003274,2026-04-03,attempt_failed,insufficient_funds
AP8580,T1000003274,2026-04-06,attempt_failed,insufficient_funds
AP8581,T1000003275,2025-09-25,attempt_success,
AP8582,T1000003275,2025-10-25,attempt_success,
AP8583,T1000003275,2025-11-24,attempt_failed,insufficient_funds
AP8584,T1000003275,2025-11-27,attempt_success,
AP8585,T1000003275,2025-12-24,attempt_failed,insufficient_funds
AP8586,T1000003275,2025-12-27,attempt_success,
AP8587,T1000003275,2026-01-23,attempt_success,
AP8588,T1000003275,2026-02-22,attempt_success,
AP8589,T1000003275,2026-03-24,attempt_success,
AP8590,T1000003275,2026-04-23,attempt_success,
AP8591,T1000003275,2026-05-23,attempt_success,
AP8592,T1000003275,2026-06-22,attempt_success,
AP8593,T1000003284,2025-07-02,attempt_success,
AP8594,T1000003284,2025-10-01,attempt_success,
AP8595,T1000003284,2025-12-31,attempt_success,
AP8596,T1000003284,2026-04-01,attempt_success,
AP8597,T1000003290,2025-09-14,attempt_success,
AP8598,T1000003290,2025-12-14,attempt_success,
AP8599,T1000003290,2026-03-15,attempt_success,
AP8600,T1000003290,2026-06-14,attempt_success,
AP8601,T1000003296,2024-10-17,attempt_success,
AP8602,T1000003296,2025-10-17,attempt_failed,insufficient_funds
AP8603,T1000003296,2025-10-20,attempt_success,
AP8604,T1000003297,2025-08-18,attempt_failed,insufficient_funds
AP8605,T1000003297,2025-08-21,attempt_success,
AP8606,T1000003298,2025-05-15,attempt_success,
AP8607,T1000003298,2025-11-13,attempt_success,
AP8608,T1000003298,2026-05-14,attempt_success,
AP8609,T1000003299,2025-09-03,attempt_success,
AP8610,T1000003299,2025-10-03,attempt_success,
AP8611,T1000003299,2025-11-02,attempt_success,
AP8612,T1000003299,2025-12-02,attempt_success,
AP8613,T1000003299,2026-01-01,attempt_success,
AP8614,T1000003299,2026-01-31,attempt_success,
AP8615,T1000003299,2026-03-02,attempt_success,
AP8616,T1000003299,2026-04-01,attempt_failed,insufficient_funds
AP8617,T1000003299,2026-04-04,attempt_failed,insufficient_funds
AP8618,T1000003299,2026-05-01,attempt_success,
AP8619,T1000003299,2026-05-31,attempt_success,
AP8620,T1000003299,2026-06-30,attempt_success,
AP8621,T1000003300,2025-09-07,attempt_success,
AP8622,T1000003300,2025-10-07,attempt_success,
AP8623,T1000003300,2025-11-06,attempt_success,
AP8624,T1000003300,2025-12-06,attempt_success,
AP8625,T1000003300,2026-01-05,attempt_success,
AP8626,T1000003300,2026-02-04,attempt_success,
AP8627,T1000003300,2026-03-06,attempt_success,
AP8628,T1000003300,2026-04-05,attempt_success,
AP8629,T1000003300,2026-05-05,attempt_success,
AP8630,T1000003300,2026-06-04,attempt_success,
AP8631,T1000003302,2025-09-23,attempt_success,
AP8632,T1000003308,2025-08-20,attempt_success,
AP8633,T1000003308,2025-11-19,attempt_failed,card_expired
AP8634,T1000003308,2025-11-22,attempt_success,
AP8635,T1000003308,2026-02-18,attempt_success,
AP8636,T1000003308,2026-05-20,attempt_success,
AP8637,T1000003310,2025-07-22,attempt_success,
AP8638,T1000003310,2025-10-21,attempt_failed,insufficient_funds
AP8639,T1000003310,2025-10-24,attempt_success,
AP8640,T1000003310,2026-01-20,attempt_success,
AP8641,T1000003310,2026-04-21,attempt_success,
AP8642,T1000003318,2025-09-17,attempt_success,
AP8643,T1000003318,2025-10-17,attempt_success,
AP8644,T1000003318,2025-11-16,attempt_success,
AP8645,T1000003318,2025-12-16,attempt_success,
AP8646,T1000003318,2026-01-15,attempt_success,
AP8647,T1000003318,2026-02-14,attempt_success,
AP8648,T1000003318,2026-03-16,attempt_success,
AP8649,T1000003318,2026-04-15,attempt_success,
AP8650,T1000003318,2026-05-15,attempt_success,
AP8651,T1000003318,2026-06-14,attempt_success,
AP8652,T1000003322,2025-09-23,attempt_success,
AP8653,T1000003326,2025-09-20,attempt_success,
AP8654,T1000003326,2025-10-20,attempt_failed,insufficient_funds
AP8655,T1000003326,2025-10-23,attempt_success,
AP8656,T1000003326,2025-11-19,attempt_success,
AP8657,T1000003326,2025-12-19,attempt_success,
AP8658,T1000003326,2026-01-18,attempt_success,
AP8659,T1000003326,2026-02-17,attempt_success,
AP8660,T1000003326,2026-03-19,attempt_success,
AP8661,T1000003326,2026-04-18,attempt_success,
AP8662,T1000003326,2026-05-18,attempt_success,
AP8663,T1000003326,2026-06-17,attempt_success,
AP8664,T1000003328,2025-09-11,attempt_success,
AP8665,T1000003328,2025-10-11,attempt_success,
AP8666,T1000003328,2025-11-10,attempt_success,
AP8667,T1000003328,2025-12-10,attempt_failed,card_expired
AP8668,T1000003328,2025-12-13,attempt_success,
AP8669,T1000003328,2026-01-09,attempt_success,
AP8670,T1000003328,2026-02-08,attempt_success,
AP8671,T1000003328,2026-03-10,attempt_success,
AP8672,T1000003328,2026-04-09,attempt_success,
AP8673,T1000003328,2026-05-09,attempt_success,
AP8674,T1000003328,2026-06-08,attempt_success,
AP8675,T1000003329,2025-02-27,attempt_success,
AP8676,T1000003329,2026-02-27,attempt_failed,insufficient_funds
AP8677,T1000003329,2026-03-02,attempt_failed,insufficient_funds
AP8678,T1000003330,2025-09-04,attempt_success,
AP8679,T1000003330,2025-10-04,attempt_success,
AP8680,T1000003330,2025-11-03,attempt_success,
AP8681,T1000003330,2025-12-03,attempt_success,
AP8682,T1000003330,2026-01-02,attempt_success,
AP8683,T1000003330,2026-02-01,attempt_success,
AP8684,T1000003330,2026-03-03,attempt_success,
AP8685,T1000003330,2026-04-02,attempt_success,
AP8686,T1000003330,2026-05-02,attempt_failed,insufficient_funds
AP8687,T1000003330,2026-05-05,attempt_success,
AP8688,T1000003330,2026-06-01,attempt_success,
AP8689,T1000003336,2025-03-29,attempt_success,
AP8690,T1000003336,2026-03-29,attempt_success,
AP8691,T1000003338,2024-11-07,attempt_success,
AP8692,T1000003338,2025-11-07,attempt_success,
AP8693,T1000003340,2025-11-05,attempt_success,
AP8694,T1000003341,2025-09-16,attempt_success,
AP8695,T1000003341,2025-10-16,attempt_success,
AP8696,T1000003341,2025-11-15,attempt_success,
AP8697,T1000003341,2025-12-15,attempt_success,
AP8698,T1000003341,2026-01-14,attempt_success,
AP8699,T1000003341,2026-02-13,attempt_success,
AP8700,T1000003341,2026-03-15,attempt_failed,card_expired
AP8701,T1000003341,2026-03-18,attempt_success,
AP8702,T1000003341,2026-04-14,attempt_success,
AP8703,T1000003341,2026-05-14,attempt_success,
AP8704,T1000003341,2026-06-13,attempt_success,
AP8705,T1000003349,2025-08-16,attempt_success,
AP8706,T1000003349,2025-11-15,attempt_success,
AP8707,T1000003349,2026-02-14,attempt_success,
AP8708,T1000003349,2026-05-16,attempt_success,
AP8709,T1000003350,2025-07-29,attempt_success,
AP8710,T1000003350,2025-10-28,attempt_failed,insufficient_funds
AP8711,T1000003350,2025-10-31,attempt_failed,insufficient_funds
AP8712,T1000003350,2026-01-27,attempt_failed,insufficient_funds
AP8713,T1000003350,2026-01-30,attempt_failed,insufficient_funds
AP8714,T1000003350,2026-04-28,attempt_success,
AP8715,T1000003354,2025-04-15,attempt_success,
AP8716,T1000003354,2026-04-15,attempt_success,
AP8717,T1000003356,2024-10-22,attempt_failed,bank_declined
AP8718,T1000003356,2024-10-25,attempt_success,
AP8719,T1000003356,2025-10-22,attempt_success,
AP8720,T1000003368,2025-01-24,attempt_success,
AP8721,T1000003368,2026-01-24,attempt_success,
AP8722,T1000003370,2025-09-24,attempt_success,
AP8723,T1000003370,2025-10-24,attempt_success,
AP8724,T1000003370,2025-11-23,attempt_success,
AP8725,T1000003370,2025-12-23,attempt_success,
AP8726,T1000003370,2026-01-22,attempt_failed,insufficient_funds
AP8727,T1000003370,2026-01-25,attempt_success,
AP8728,T1000003370,2026-02-21,attempt_success,
AP8729,T1000003370,2026-03-23,attempt_success,
AP8730,T1000003370,2026-04-22,attempt_failed,card_expired
AP8731,T1000003370,2026-04-25,attempt_success,
AP8732,T1000003370,2026-05-22,attempt_success,
AP8733,T1000003370,2026-06-21,attempt_failed,card_expired
AP8734,T1000003370,2026-06-24,attempt_success,
AP8735,T1000003371,2025-09-21,attempt_success,
AP8736,T1000003371,2025-10-21,attempt_success,
AP8737,T1000003371,2025-11-20,attempt_success,
AP8738,T1000003371,2025-12-20,attempt_success,
AP8739,T1000003371,2026-01-19,attempt_failed,insufficient_funds
AP8740,T1000003371,2026-01-22,attempt_success,
AP8741,T1000003371,2026-02-18,attempt_success,
AP8742,T1000003371,2026-03-20,attempt_success,
AP8743,T1000003371,2026-04-19,attempt_success,
AP8744,T1000003371,2026-05-19,attempt_success,
AP8745,T1000003371,2026-06-18,attempt_success,
AP8746,T1000003373,2025-08-26,attempt_success,
AP8747,T1000003373,2025-11-25,attempt_success,
AP8748,T1000003373,2026-02-24,attempt_success,
AP8749,T1000003373,2026-05-26,attempt_success,
AP8750,T1000003374,2025-09-29,attempt_success,
AP8751,T1000003374,2025-10-29,attempt_success,
AP8752,T1000003374,2025-11-28,attempt_success,
AP8753,T1000003374,2025-12-28,attempt_success,
AP8754,T1000003374,2026-01-27,attempt_success,
AP8755,T1000003374,2026-02-26,attempt_success,
AP8756,T1000003374,2026-03-28,attempt_success,
AP8757,T1000003374,2026-04-27,attempt_failed,card_expired
AP8758,T1000003374,2026-04-30,attempt_success,
AP8759,T1000003374,2026-05-27,attempt_success,
AP8760,T1000003374,2026-06-26,attempt_success,
AP8761,T1000003381,2025-07-14,attempt_success,
AP8762,T1000003381,2026-01-12,attempt_success,
AP8763,T1000003382,2025-09-28,attempt_success,
AP8764,T1000003382,2025-10-28,attempt_success,
AP8765,T1000003382,2025-11-27,attempt_success,
AP8766,T1000003382,2025-12-27,attempt_failed,card_expired
AP8767,T1000003382,2025-12-30,attempt_success,
AP8768,T1000003382,2026-01-26,attempt_success,
AP8769,T1000003382,2026-02-25,attempt_success,
AP8770,T1000003382,2026-03-27,attempt_success,
AP8771,T1000003382,2026-04-26,attempt_success,
AP8772,T1000003382,2026-05-26,attempt_success,
AP8773,T1000003382,2026-06-25,attempt_success,
AP8774,T1000003389,2025-09-15,attempt_success,
AP8775,T1000003389,2025-10-15,attempt_success,
AP8776,T1000003389,2025-11-14,attempt_success,
AP8777,T1000003389,2025-12-14,attempt_failed,card_expired
AP8778,T1000003389,2025-12-17,attempt_success,
AP8779,T1000003389,2026-01-13,attempt_failed,insufficient_funds
AP8780,T1000003389,2026-01-16,attempt_success,
AP8781,T1000003389,2026-02-12,attempt_success,
AP8782,T1000003389,2026-03-14,attempt_success,
AP8783,T1000003389,2026-04-13,attempt_success,
AP8784,T1000003389,2026-05-13,attempt_success,
AP8785,T1000003389,2026-06-12,attempt_success,
AP8786,T1000003390,2025-09-24,attempt_success,
AP8787,T1000003390,2025-10-24,attempt_success,
AP8788,T1000003390,2025-11-23,attempt_success,
AP8789,T1000003390,2025-12-23,attempt_success,
AP8790,T1000003390,2026-01-22,attempt_success,
AP8791,T1000003390,2026-02-21,attempt_success,
AP8792,T1000003390,2026-03-23,attempt_success,
AP8793,T1000003390,2026-04-22,attempt_failed,insufficient_funds
AP8794,T1000003390,2026-04-25,attempt_success,
AP8795,T1000003390,2026-05-22,attempt_success,
AP8796,T1000003390,2026-06-21,attempt_success,
AP8797,T1000003397,2025-08-25,attempt_success,
AP8798,T1000003397,2025-11-24,attempt_success,
AP8799,T1000003397,2026-02-23,attempt_success,
AP8800,T1000003397,2026-05-25,attempt_success,
AP8801,T1000003400,2025-09-27,attempt_success,
AP8802,T1000003400,2025-10-27,attempt_failed,bank_declined
AP8803,T1000003400,2025-10-30,attempt_success,
AP8804,T1000003400,2025-11-26,attempt_success,
AP8805,T1000003400,2025-12-26,attempt_failed,insufficient_funds
AP8806,T1000003400,2025-12-29,attempt_failed,insufficient_funds
AP8807,T1000003400,2026-01-25,attempt_success,
AP8808,T1000003400,2026-02-24,attempt_success,
AP8809,T1000003400,2026-03-26,attempt_success,
AP8810,T1000003400,2026-04-25,attempt_failed,card_expired
AP8811,T1000003400,2026-04-28,attempt_success,
AP8812,T1000003400,2026-05-25,attempt_success,
AP8813,T1000003400,2026-06-24,attempt_success,
AP8814,T1000003403,2025-09-01,attempt_success,
AP8815,T1000003403,2025-10-01,attempt_success,
AP8816,T1000003403,2025-10-31,attempt_success,
AP8817,T1000003403,2025-11-30,attempt_failed,card_expired
AP8818,T1000003403,2025-12-03,attempt_success,
AP8819,T1000003403,2025-12-30,attempt_failed,insufficient_funds
AP8820,T1000003403,2026-01-02,attempt_success,
AP8821,T1000003403,2026-01-29,attempt_success,
AP8822,T1000003403,2026-02-28,attempt_success,
AP8823,T1000003403,2026-03-30,attempt_success,
AP8824,T1000003403,2026-04-29,attempt_failed,insufficient_funds
AP8825,T1000003403,2026-05-02,attempt_failed,insufficient_funds
AP8826,T1000003403,2026-05-29,attempt_success,
AP8827,T1000003403,2026-06-28,attempt_success,
AP8828,T1000003405,2025-09-17,attempt_success,
AP8829,T1000003405,2025-10-17,attempt_success,
AP8830,T1000003405,2025-11-16,attempt_success,
AP8831,T1000003405,2025-12-16,attempt_success,
AP8832,T1000003405,2026-01-15,attempt_success,
AP8833,T1000003405,2026-02-14,attempt_success,
AP8834,T1000003405,2026-03-16,attempt_failed,insufficient_funds
AP8835,T1000003405,2026-03-19,attempt_success,
AP8836,T1000003405,2026-04-15,attempt_success,
AP8837,T1000003405,2026-05-15,attempt_success,
AP8838,T1000003405,2026-06-14,attempt_success,
AP8839,T1000003406,2025-09-29,attempt_success,
AP8840,T1000003406,2025-10-29,attempt_success,
AP8841,T1000003406,2025-11-28,attempt_success,
AP8842,T1000003406,2025-12-28,attempt_success,
AP8843,T1000003406,2026-01-27,attempt_success,
AP8844,T1000003406,2026-02-26,attempt_failed,insufficient_funds
AP8845,T1000003406,2026-03-01,attempt_failed,insufficient_funds
AP8846,T1000003406,2026-03-28,attempt_success,
AP8847,T1000003406,2026-04-27,attempt_success,
AP8848,T1000003406,2026-05-27,attempt_success,
AP8849,T1000003406,2026-06-26,attempt_success,
AP8850,T1000003411,2025-09-12,attempt_success,
AP8851,T1000003411,2025-12-12,attempt_success,
AP8852,T1000003411,2026-03-13,attempt_success,
AP8853,T1000003411,2026-06-12,attempt_failed,insufficient_funds
AP8854,T1000003411,2026-06-15,attempt_success,
AP8855,T1000003413,2024-11-22,attempt_success,
AP8856,T1000003413,2025-11-22,attempt_success,
AP8857,T1000003414,2025-09-14,attempt_success,
AP8858,T1000003414,2025-10-14,attempt_success,
AP8859,T1000003414,2025-11-13,attempt_success,
AP8860,T1000003414,2025-12-13,attempt_failed,card_expired
AP8861,T1000003414,2025-12-16,attempt_success,
AP8862,T1000003414,2026-01-12,attempt_success,
AP8863,T1000003414,2026-02-11,attempt_success,
AP8864,T1000003414,2026-03-13,attempt_failed,insufficient_funds
AP8865,T1000003414,2026-03-16,attempt_success,
AP8866,T1000003414,2026-04-12,attempt_failed,card_expired
AP8867,T1000003414,2026-04-15,attempt_success,
AP8868,T1000003414,2026-05-12,attempt_success,
AP8869,T1000003414,2026-06-11,attempt_success,
AP8870,T1000003415,2025-09-01,attempt_failed,insufficient_funds
AP8871,T1000003415,2025-09-04,attempt_success,
AP8872,T1000003415,2025-10-01,attempt_success,
AP8873,T1000003415,2025-10-31,attempt_failed,bank_declined
AP8874,T1000003415,2025-11-03,attempt_success,
AP8875,T1000003415,2025-11-30,attempt_success,
AP8876,T1000003415,2025-12-30,attempt_success,
AP8877,T1000003415,2026-01-29,attempt_success,
AP8878,T1000003415,2026-02-28,attempt_success,
AP8879,T1000003415,2026-03-30,attempt_success,
AP8880,T1000003415,2026-04-29,attempt_success,
AP8881,T1000003415,2026-05-29,attempt_failed,insufficient_funds
AP8882,T1000003415,2026-06-01,attempt_failed,insufficient_funds
AP8883,T1000003415,2026-06-28,attempt_failed,insufficient_funds
AP8884,T1000003415,2026-07-01,attempt_failed,insufficient_funds
AP8885,T1000003417,2025-06-13,attempt_success,
AP8886,T1000003417,2026-06-13,attempt_success,
AP8887,T1000003421,2025-07-06,attempt_success,
AP8888,T1000003421,2025-10-05,attempt_success,
AP8889,T1000003421,2026-01-04,attempt_success,
AP8890,T1000003421,2026-04-05,attempt_failed,insufficient_funds
AP8891,T1000003421,2026-04-08,attempt_success,
AP8892,T1000003423,2024-11-16,attempt_success,
AP8893,T1000003423,2025-11-16,attempt_success,
AP8894,T1000003425,2025-09-02,attempt_success,
AP8895,T1000003425,2025-10-02,attempt_success,
AP8896,T1000003425,2025-11-01,attempt_failed,insufficient_funds
AP8897,T1000003425,2025-11-04,attempt_success,
AP8898,T1000003425,2025-12-01,attempt_failed,card_expired
AP8899,T1000003425,2025-12-04,attempt_success,
AP8900,T1000003425,2025-12-31,attempt_success,
AP8901,T1000003425,2026-01-30,attempt_success,
AP8902,T1000003425,2026-03-01,attempt_success,
AP8903,T1000003425,2026-03-31,attempt_success,
AP8904,T1000003425,2026-04-30,attempt_success,
AP8905,T1000003425,2026-05-30,attempt_success,
AP8906,T1000003425,2026-06-29,attempt_success,
AP8907,T1000003426,2024-10-02,attempt_success,
AP8908,T1000003426,2025-10-02,attempt_success,
AP8909,T1000003428,2025-09-20,attempt_failed,insufficient_funds
AP8910,T1000003428,2025-09-23,attempt_success,
AP8911,T1000003428,2025-10-20,attempt_failed,insufficient_funds
AP8912,T1000003428,2025-10-23,attempt_success,
AP8913,T1000003428,2025-11-19,attempt_failed,insufficient_funds
AP8914,T1000003428,2025-11-22,attempt_failed,insufficient_funds
AP8915,T1000003428,2025-12-19,attempt_success,
AP8916,T1000003428,2026-01-18,attempt_success,
AP8917,T1000003428,2026-02-17,attempt_success,
AP8918,T1000003428,2026-03-19,attempt_failed,insufficient_funds
AP8919,T1000003428,2026-03-22,attempt_success,
AP8920,T1000003428,2026-04-18,attempt_success,
AP8921,T1000003428,2026-05-18,attempt_success,
AP8922,T1000003428,2026-06-17,attempt_success,
AP8923,T1000003429,2025-09-14,attempt_success,
AP8924,T1000003429,2025-10-14,attempt_success,
AP8925,T1000003429,2025-11-13,attempt_success,
AP8926,T1000003429,2025-12-13,attempt_failed,insufficient_funds
AP8927,T1000003429,2025-12-16,attempt_failed,insufficient_funds
AP8928,T1000003429,2026-01-12,attempt_success,
AP8929,T1000003429,2026-02-11,attempt_failed,card_expired
AP8930,T1000003429,2026-02-14,attempt_success,
AP8931,T1000003429,2026-03-13,attempt_failed,insufficient_funds
AP8932,T1000003429,2026-03-16,attempt_failed,insufficient_funds
AP8933,T1000003429,2026-04-12,attempt_success,
AP8934,T1000003429,2026-05-12,attempt_success,
AP8935,T1000003429,2026-06-11,attempt_success,
AP8936,T1000003430,2025-09-02,attempt_success,
AP8937,T1000003430,2025-10-02,attempt_success,
AP8938,T1000003430,2025-11-01,attempt_failed,insufficient_funds
AP8939,T1000003430,2025-11-04,attempt_success,
AP8940,T1000003430,2025-12-01,attempt_success,
AP8941,T1000003430,2025-12-31,attempt_success,
AP8942,T1000003430,2026-01-30,attempt_success,
AP8943,T1000003430,2026-03-01,attempt_success,
AP8944,T1000003430,2026-03-31,attempt_failed,insufficient_funds
AP8945,T1000003430,2026-04-03,attempt_success,
AP8946,T1000003430,2026-04-30,attempt_failed,bank_declined
AP8947,T1000003430,2026-05-03,attempt_success,
AP8948,T1000003430,2026-05-30,attempt_failed,bank_declined
AP8949,T1000003430,2026-06-02,attempt_success,
AP8950,T1000003430,2026-06-29,attempt_success,
AP8951,T1000003431,2025-09-02,attempt_success,
AP8952,T1000003431,2025-10-02,attempt_success,
AP8953,T1000003431,2025-11-01,attempt_success,
AP8954,T1000003431,2025-12-01,attempt_success,
AP8955,T1000003431,2025-12-31,attempt_success,
AP8956,T1000003431,2026-01-30,attempt_success,
AP8957,T1000003431,2026-03-01,attempt_success,
AP8958,T1000003431,2026-03-31,attempt_success,
AP8959,T1000003431,2026-04-30,attempt_success,
AP8960,T1000003431,2026-05-30,attempt_success,
AP8961,T1000003431,2026-06-29,attempt_success,
AP8962,T1000003434,2025-09-10,attempt_success,
AP8963,T1000003434,2025-12-10,attempt_success,
AP8964,T1000003434,2026-03-11,attempt_success,
AP8965,T1000003434,2026-06-10,attempt_success,
AP8966,T1000003438,2025-08-25,attempt_success,
AP8967,T1000003438,2025-11-24,attempt_failed,bank_declined
AP8968,T1000003438,2025-11-27,attempt_failed,bank_declined
AP8969,T1000003438,2026-02-23,attempt_success,
AP8970,T1000003438,2026-05-25,attempt_success,
AP8971,T1000003445,2025-09-12,attempt_success,
AP8972,T1000003445,2025-10-12,attempt_success,
AP8973,T1000003445,2025-11-11,attempt_success,
AP8974,T1000003445,2025-12-11,attempt_success,
AP8975,T1000003445,2026-01-10,attempt_success,
AP8976,T1000003445,2026-02-09,attempt_success,
AP8977,T1000003445,2026-03-11,attempt_success,
AP8978,T1000003445,2026-04-10,attempt_success,
AP8979,T1000003445,2026-05-10,attempt_success,
AP8980,T1000003445,2026-06-09,attempt_success,
AP8981,T1000003450,2025-09-21,attempt_success,
AP8982,T1000003450,2025-10-21,attempt_success,
AP8983,T1000003450,2025-11-20,attempt_success,
AP8984,T1000003450,2025-12-20,attempt_success,
AP8985,T1000003450,2026-01-19,attempt_success,
AP8986,T1000003450,2026-02-18,attempt_success,
AP8987,T1000003450,2026-03-20,attempt_success,
AP8988,T1000003450,2026-04-19,attempt_success,
AP8989,T1000003450,2026-05-19,attempt_success,
AP8990,T1000003450,2026-06-18,attempt_success,
AP8991,T1000003454,2025-10-18,attempt_success,
AP8992,T1000003454,2025-11-17,attempt_success,
AP8993,T1000003454,2025-12-17,attempt_failed,bank_declined
AP8994,T1000003454,2025-12-20,attempt_success,
AP8995,T1000003454,2026-01-16,attempt_success,
AP8996,T1000003454,2026-02-15,attempt_success,
AP8997,T1000003454,2026-03-17,attempt_success,
AP8998,T1000003454,2026-04-16,attempt_success,
AP8999,T1000003454,2026-05-16,attempt_success,
AP9000,T1000003454,2026-06-15,attempt_success,
AP9001,T1000003458,2025-09-16,attempt_success,
AP9002,T1000003458,2025-10-16,attempt_success,
AP9003,T1000003458,2025-11-15,attempt_success,
AP9004,T1000003458,2025-12-15,attempt_success,
AP9005,T1000003458,2026-01-14,attempt_success,
AP9006,T1000003458,2026-02-13,attempt_success,
AP9007,T1000003458,2026-03-15,attempt_success,
AP9008,T1000003458,2026-04-14,attempt_success,
AP9009,T1000003458,2026-05-14,attempt_success,
AP9010,T1000003458,2026-06-13,attempt_success,
AP9011,T1000003465,2025-06-22,attempt_failed,card_expired
AP9012,T1000003465,2025-06-25,attempt_success,
AP9013,T1000003465,2026-06-22,attempt_success,
AP9014,T1000003466,2025-01-06,attempt_success,
AP9015,T1000003466,2026-01-06,attempt_success,
AP9016,T1000003470,2025-08-18,attempt_success,
AP9017,T1000003470,2025-11-17,attempt_success,
AP9018,T1000003470,2026-02-16,attempt_success,
AP9019,T1000003470,2026-05-18,attempt_success,
AP9020,T1000003475,2025-09-07,attempt_success,
AP9021,T1000003475,2025-10-07,attempt_success,
AP9022,T1000003475,2025-11-06,attempt_failed,insufficient_funds
AP9023,T1000003475,2025-11-09,attempt_success,
AP9024,T1000003475,2025-12-06,attempt_success,
AP9025,T1000003475,2026-01-05,attempt_success,
AP9026,T1000003475,2026-02-04,attempt_success,
AP9027,T1000003475,2026-03-06,attempt_failed,card_expired
AP9028,T1000003475,2026-03-09,attempt_success,
AP9029,T1000003475,2026-04-05,attempt_success,
AP9030,T1000003475,2026-05-05,attempt_success,
AP9031,T1000003475,2026-06-04,attempt_success,
AP9032,T1000003477,2025-06-17,attempt_success,
AP9033,T1000003477,2025-12-16,attempt_success,
AP9034,T1000003477,2026-06-16,attempt_success,
AP9035,T1000003478,2024-12-06,attempt_success,
AP9036,T1000003478,2025-12-06,attempt_success,
AP9037,T1000003483,2025-09-19,attempt_success,
AP9038,T1000003483,2025-12-19,attempt_success,
AP9039,T1000003483,2026-03-20,attempt_failed,card_expired
AP9040,T1000003483,2026-03-23,attempt_failed,card_expired
AP9041,T1000003483,2026-06-19,attempt_success,
AP9042,T1000003485,2025-09-18,attempt_success,
AP9043,T1000003485,2025-10-18,attempt_success,
AP9044,T1000003485,2025-11-17,attempt_success,
AP9045,T1000003485,2025-12-17,attempt_failed,insufficient_funds
AP9046,T1000003485,2025-12-20,attempt_success,
AP9047,T1000003485,2026-01-16,attempt_success,
AP9048,T1000003485,2026-02-15,attempt_failed,insufficient_funds
AP9049,T1000003485,2026-02-18,attempt_success,
AP9050,T1000003485,2026-03-17,attempt_success,
AP9051,T1000003485,2026-04-16,attempt_success,
AP9052,T1000003485,2026-05-16,attempt_success,
AP9053,T1000003485,2026-06-15,attempt_failed,insufficient_funds
AP9054,T1000003485,2026-06-18,attempt_success,
AP9055,T1000003490,2025-04-15,attempt_failed,insufficient_funds
AP9056,T1000003490,2025-04-18,attempt_failed,insufficient_funds
AP9057,T1000003490,2025-10-14,attempt_success,
AP9058,T1000003490,2026-04-14,attempt_failed,bank_declined
AP9059,T1000003490,2026-04-17,attempt_success,
AP9060,T1000003496,2025-09-13,attempt_success,
AP9061,T1000003496,2025-10-13,attempt_failed,insufficient_funds
AP9062,T1000003496,2025-10-16,attempt_failed,insufficient_funds
AP9063,T1000003496,2025-11-12,attempt_success,
AP9064,T1000003496,2025-12-12,attempt_success,
AP9065,T1000003496,2026-01-11,attempt_success,
AP9066,T1000003496,2026-02-10,attempt_success,
AP9067,T1000003496,2026-03-12,attempt_success,
AP9068,T1000003496,2026-04-11,attempt_success,
AP9069,T1000003496,2026-05-11,attempt_failed,insufficient_funds
AP9070,T1000003496,2026-05-14,attempt_success,
AP9071,T1000003496,2026-06-10,attempt_success,
AP9072,T1000003498,2025-09-28,attempt_success,
AP9073,T1000003498,2025-10-28,attempt_success,
AP9074,T1000003498,2025-11-27,attempt_success,
AP9075,T1000003498,2025-12-27,attempt_success,
AP9076,T1000003498,2026-01-26,attempt_success,
AP9077,T1000003498,2026-02-25,attempt_success,
AP9078,T1000003498,2026-03-27,attempt_failed,insufficient_funds
AP9079,T1000003498,2026-03-30,attempt_success,
AP9080,T1000003498,2026-04-26,attempt_failed,insufficient_funds
AP9081,T1000003498,2026-04-29,attempt_success,
AP9082,T1000003498,2026-05-26,attempt_success,
AP9083,T1000003498,2026-06-25,attempt_success,
AP9084,T1000003505,2024-11-11,attempt_success,
AP9085,T1000003505,2025-11-11,attempt_success,
AP9086,T1000003508,2025-09-27,attempt_success,
AP9087,T1000003508,2025-10-27,attempt_success,
AP9088,T1000003508,2025-11-26,attempt_success,
AP9089,T1000003508,2025-12-26,attempt_success,
AP9090,T1000003508,2026-01-25,attempt_success,
AP9091,T1000003508,2026-02-24,attempt_success,
AP9092,T1000003508,2026-03-26,attempt_success,
AP9093,T1000003508,2026-04-25,attempt_failed,insufficient_funds
AP9094,T1000003508,2026-04-28,attempt_success,
AP9095,T1000003508,2026-05-25,attempt_success,
AP9096,T1000003508,2026-06-24,attempt_success,
AP9097,T1000003515,2025-09-25,attempt_success,
AP9098,T1000003515,2025-10-25,attempt_success,
AP9099,T1000003515,2025-11-24,attempt_failed,insufficient_funds
AP9100,T1000003515,2025-11-27,attempt_failed,insufficient_funds
AP9101,T1000003515,2025-12-24,attempt_success,
AP9102,T1000003515,2026-01-23,attempt_success,
AP9103,T1000003515,2026-02-22,attempt_success,
AP9104,T1000003515,2026-03-24,attempt_success,
AP9105,T1000003515,2026-04-23,attempt_success,
AP9106,T1000003515,2026-05-23,attempt_success,
AP9107,T1000003515,2026-06-22,attempt_failed,bank_declined
AP9108,T1000003515,2026-06-25,attempt_success,
AP9109,T1000003516,2025-09-05,attempt_success,
AP9110,T1000003516,2025-10-05,attempt_success,
AP9111,T1000003516,2025-11-04,attempt_success,
AP9112,T1000003516,2025-12-04,attempt_success,
AP9113,T1000003516,2026-01-03,attempt_success,
AP9114,T1000003516,2026-02-02,attempt_success,
AP9115,T1000003516,2026-03-04,attempt_success,
AP9116,T1000003516,2026-04-03,attempt_success,
AP9117,T1000003516,2026-05-03,attempt_success,
AP9118,T1000003516,2026-06-02,attempt_success,
AP9119,T1000003518,2024-11-04,attempt_success,
AP9120,T1000003518,2025-11-04,attempt_success,
AP9121,T1000003523,2025-09-27,attempt_success,
AP9122,T1000003523,2025-10-27,attempt_success,
AP9123,T1000003523,2025-11-26,attempt_success,
AP9124,T1000003523,2025-12-26,attempt_success,
AP9125,T1000003523,2026-01-25,attempt_success,
AP9126,T1000003523,2026-02-24,attempt_success,
AP9127,T1000003523,2026-03-26,attempt_success,
AP9128,T1000003523,2026-04-25,attempt_success,
AP9129,T1000003523,2026-05-25,attempt_success,
AP9130,T1000003523,2026-06-24,attempt_success,
AP9131,T1000003527,2025-06-04,attempt_success,
AP9132,T1000003527,2026-06-04,attempt_failed,insufficient_funds
AP9133,T1000003527,2026-06-07,attempt_failed,insufficient_funds
AP9134,T1000003531,2025-09-06,attempt_success,
AP9135,T1000003531,2025-10-06,attempt_success,
AP9136,T1000003531,2025-11-05,attempt_success,
AP9137,T1000003531,2025-12-05,attempt_failed,insufficient_funds
AP9138,T1000003531,2025-12-08,attempt_success,
AP9139,T1000003531,2026-01-04,attempt_success,
AP9140,T1000003531,2026-02-03,attempt_success,
AP9141,T1000003531,2026-03-05,attempt_success,
AP9142,T1000003531,2026-04-04,attempt_failed,insufficient_funds
AP9143,T1000003531,2026-04-07,attempt_failed,insufficient_funds
AP9144,T1000003531,2026-05-04,attempt_failed,insufficient_funds
AP9145,T1000003531,2026-05-07,attempt_failed,insufficient_funds
AP9146,T1000003531,2026-06-03,attempt_success,
AP9147,T1000003532,2025-09-20,attempt_success,
AP9148,T1000003532,2025-10-20,attempt_success,
AP9149,T1000003532,2025-11-19,attempt_success,
AP9150,T1000003532,2025-12-19,attempt_success,
AP9151,T1000003532,2026-01-18,attempt_failed,insufficient_funds
AP9152,T1000003532,2026-01-21,attempt_success,
AP9153,T1000003532,2026-02-17,attempt_success,
AP9154,T1000003532,2026-03-19,attempt_success,
AP9155,T1000003532,2026-04-18,attempt_success,
AP9156,T1000003532,2026-05-18,attempt_success,
AP9157,T1000003532,2026-06-17,attempt_failed,insufficient_funds
AP9158,T1000003532,2026-06-20,attempt_success,
AP9159,T1000003536,2025-09-18,attempt_failed,insufficient_funds
AP9160,T1000003536,2025-09-21,attempt_success,
AP9161,T1000003536,2025-10-18,attempt_success,
AP9162,T1000003536,2025-11-17,attempt_success,
AP9163,T1000003536,2025-12-17,attempt_success,
AP9164,T1000003536,2026-01-16,attempt_success,
AP9165,T1000003536,2026-02-15,attempt_success,
AP9166,T1000003536,2026-03-17,attempt_failed,card_expired
AP9167,T1000003536,2026-03-20,attempt_success,
AP9168,T1000003536,2026-04-16,attempt_success,
AP9169,T1000003536,2026-05-16,attempt_success,
AP9170,T1000003536,2026-06-15,attempt_success,
AP9171,T1000003540,2025-09-08,attempt_success,
AP9172,T1000003540,2025-10-08,attempt_success,
AP9173,T1000003540,2025-11-07,attempt_success,
AP9174,T1000003540,2025-12-07,attempt_success,
AP9175,T1000003540,2026-01-06,attempt_success,
AP9176,T1000003540,2026-02-05,attempt_success,
AP9177,T1000003540,2026-03-07,attempt_success,
AP9178,T1000003540,2026-04-06,attempt_success,
AP9179,T1000003540,2026-05-06,attempt_success,
AP9180,T1000003540,2026-06-05,attempt_success,
AP9181,T1000003543,2025-09-21,attempt_success,
AP9182,T1000003543,2025-10-21,attempt_success,
AP9183,T1000003543,2025-11-20,attempt_success,
AP9184,T1000003543,2025-12-20,attempt_success,
AP9185,T1000003543,2026-01-19,attempt_success,
AP9186,T1000003543,2026-02-18,attempt_success,
AP9187,T1000003543,2026-03-20,attempt_failed,insufficient_funds
AP9188,T1000003543,2026-03-23,attempt_success,
AP9189,T1000003543,2026-04-19,attempt_success,
AP9190,T1000003543,2026-05-19,attempt_success,
AP9191,T1000003543,2026-06-18,attempt_success,
AP9192,T1000003547,2024-11-17,attempt_success,
AP9193,T1000003547,2025-11-17,attempt_success,
AP9194,T1000003549,2025-08-02,attempt_success,
AP9195,T1000003549,2025-11-01,attempt_success,
AP9196,T1000003549,2026-01-31,attempt_success,
AP9197,T1000003549,2026-05-02,attempt_success,
AP9198,T1000003551,2025-07-13,attempt_success,
AP9199,T1000003551,2025-10-12,attempt_failed,bank_declined
AP9200,T1000003551,2025-10-15,attempt_success,
AP9201,T1000003551,2026-01-11,attempt_success,
AP9202,T1000003551,2026-04-12,attempt_success,
AP9203,T1000003553,2025-04-06,attempt_success,
AP9204,T1000003553,2025-10-05,attempt_success,
AP9205,T1000003553,2026-04-05,attempt_success,
AP9206,T1000003559,2025-09-26,attempt_success,
AP9207,T1000003559,2025-10-26,attempt_success,
AP9208,T1000003559,2025-11-25,attempt_success,
AP9209,T1000003559,2025-12-25,attempt_success,
AP9210,T1000003559,2026-01-24,attempt_success,
AP9211,T1000003559,2026-02-23,attempt_success,
AP9212,T1000003559,2026-03-25,attempt_success,
AP9213,T1000003559,2026-04-24,attempt_failed,bank_declined
AP9214,T1000003559,2026-04-27,attempt_success,
AP9215,T1000003559,2026-05-24,attempt_failed,bank_declined
AP9216,T1000003559,2026-05-27,attempt_success,
AP9217,T1000003559,2026-06-23,attempt_success,
AP9218,T1000003561,2025-09-04,attempt_success,
AP9219,T1000003562,2025-06-25,attempt_success,
AP9220,T1000003562,2026-06-25,attempt_success,
AP9221,T1000003563,2025-10-19,attempt_success,
AP9222,T1000003565,2025-09-02,attempt_success,
AP9223,T1000003565,2025-10-02,attempt_success,
AP9224,T1000003565,2025-11-01,attempt_success,
AP9225,T1000003565,2025-12-01,attempt_success,
AP9226,T1000003565,2025-12-31,attempt_success,
AP9227,T1000003565,2026-01-30,attempt_success,
AP9228,T1000003565,2026-03-01,attempt_success,
AP9229,T1000003565,2026-03-31,attempt_failed,insufficient_funds
AP9230,T1000003565,2026-04-03,attempt_success,
AP9231,T1000003565,2026-04-30,attempt_success,
AP9232,T1000003565,2026-05-30,attempt_success,
AP9233,T1000003565,2026-06-29,attempt_success,
AP9234,T1000003566,2025-09-07,attempt_success,
AP9235,T1000003566,2025-10-07,attempt_success,
AP9236,T1000003566,2025-11-06,attempt_success,
AP9237,T1000003566,2025-12-06,attempt_success,
AP9238,T1000003566,2026-01-05,attempt_success,
AP9239,T1000003566,2026-02-04,attempt_success,
AP9240,T1000003566,2026-03-06,attempt_success,
AP9241,T1000003566,2026-04-05,attempt_success,
AP9242,T1000003566,2026-05-05,attempt_success,
AP9243,T1000003566,2026-06-04,attempt_failed,card_expired
AP9244,T1000003566,2026-06-07,attempt_failed,card_expired
AP9245,T1000003569,2025-06-20,attempt_success,
AP9246,T1000003569,2026-06-20,attempt_success,
AP9247,T1000003573,2025-07-05,attempt_success,
AP9248,T1000003573,2025-10-04,attempt_success,
AP9249,T1000003573,2026-01-03,attempt_success,
AP9250,T1000003573,2026-04-04,attempt_success,
AP9251,T1000003574,2025-08-16,attempt_success,
AP9252,T1000003576,2025-06-03,attempt_success,
AP9253,T1000003576,2026-06-03,attempt_success,
AP9254,T1000003582,2025-05-12,attempt_success,
AP9255,T1000003582,2026-05-12,attempt_success,
AP9256,T1000003583,2025-09-01,attempt_success,
AP9257,T1000003583,2025-10-01,attempt_failed,bank_declined
AP9258,T1000003583,2025-10-04,attempt_failed,bank_declined
AP9259,T1000003583,2025-10-31,attempt_success,
AP9260,T1000003583,2025-11-30,attempt_success,
AP9261,T1000003583,2025-12-30,attempt_success,
AP9262,T1000003583,2026-01-29,attempt_success,
AP9263,T1000003583,2026-02-28,attempt_success,
AP9264,T1000003583,2026-03-30,attempt_success,
AP9265,T1000003583,2026-04-29,attempt_success,
AP9266,T1000003583,2026-05-29,attempt_success,
AP9267,T1000003583,2026-06-28,attempt_success,
AP9268,T1000003584,2025-09-06,attempt_success,
AP9269,T1000003584,2025-10-06,attempt_success,
AP9270,T1000003584,2025-11-05,attempt_success,
AP9271,T1000003584,2025-12-05,attempt_failed,insufficient_funds
AP9272,T1000003584,2025-12-08,attempt_failed,insufficient_funds
AP9273,T1000003584,2026-01-04,attempt_failed,insufficient_funds
AP9274,T1000003584,2026-01-07,attempt_success,
AP9275,T1000003584,2026-02-03,attempt_success,
AP9276,T1000003584,2026-03-05,attempt_success,
AP9277,T1000003584,2026-04-04,attempt_success,
AP9278,T1000003584,2026-05-04,attempt_failed,bank_declined
AP9279,T1000003584,2026-05-07,attempt_failed,bank_declined
AP9280,T1000003584,2026-06-03,attempt_success,
AP9281,T1000003585,2025-08-05,attempt_success,
AP9282,T1000003585,2025-11-04,attempt_success,
AP9283,T1000003585,2026-02-03,attempt_success,
AP9284,T1000003585,2026-05-05,attempt_success,
AP9285,T1000003588,2025-04-15,attempt_success,
AP9286,T1000003588,2026-04-15,attempt_failed,card_expired
AP9287,T1000003588,2026-04-18,attempt_failed,card_expired
AP9288,T1000003591,2025-09-28,attempt_failed,insufficient_funds
AP9289,T1000003591,2025-10-01,attempt_success,
AP9290,T1000003591,2025-10-28,attempt_success,
AP9291,T1000003591,2025-11-27,attempt_success,
AP9292,T1000003591,2025-12-27,attempt_success,
AP9293,T1000003591,2026-01-26,attempt_success,
AP9294,T1000003591,2026-02-25,attempt_success,
AP9295,T1000003591,2026-03-27,attempt_success,
AP9296,T1000003591,2026-04-26,attempt_success,
AP9297,T1000003591,2026-05-26,attempt_success,
AP9298,T1000003591,2026-06-25,attempt_success,
AP9299,T1000003593,2025-09-12,attempt_success,
AP9300,T1000003593,2025-10-12,attempt_success,
AP9301,T1000003593,2025-11-11,attempt_success,
AP9302,T1000003593,2025-12-11,attempt_success,
AP9303,T1000003593,2026-01-10,attempt_success,
AP9304,T1000003593,2026-02-09,attempt_success,
AP9305,T1000003593,2026-03-11,attempt_success,
AP9306,T1000003593,2026-04-10,attempt_success,
AP9307,T1000003593,2026-05-10,attempt_success,
AP9308,T1000003593,2026-06-09,attempt_success,
AP9309,T1000003594,2025-09-27,attempt_failed,card_expired
AP9310,T1000003594,2025-09-30,attempt_success,
AP9311,T1000003594,2025-10-27,attempt_success,
AP9312,T1000003594,2025-11-26,attempt_success,
AP9313,T1000003594,2025-12-26,attempt_success,
AP9314,T1000003594,2026-01-25,attempt_success,
AP9315,T1000003594,2026-02-24,attempt_success,
AP9316,T1000003594,2026-03-26,attempt_success,
AP9317,T1000003594,2026-04-25,attempt_success,
AP9318,T1000003594,2026-05-25,attempt_success,
AP9319,T1000003594,2026-06-24,attempt_success,
AP9320,T1000003604,2025-10-24,attempt_success,
AP9321,T1000003604,2026-01-23,attempt_success,
AP9322,T1000003604,2026-04-24,attempt_success,
AP9323,T1000003606,2025-09-10,attempt_success,
AP9324,T1000003606,2025-10-10,attempt_success,
AP9325,T1000003606,2025-11-09,attempt_success,
AP9326,T1000003606,2025-12-09,attempt_success,
AP9327,T1000003606,2026-01-08,attempt_success,
AP9328,T1000003606,2026-02-07,attempt_success,
AP9329,T1000003606,2026-03-09,attempt_failed,insufficient_funds
AP9330,T1000003606,2026-03-12,attempt_failed,insufficient_funds
AP9331,T1000003606,2026-04-08,attempt_success,
AP9332,T1000003606,2026-05-08,attempt_success,
AP9333,T1000003606,2026-06-07,attempt_success,
AP9334,T1000003607,2025-09-09,attempt_success,
AP9335,T1000003607,2025-10-09,attempt_failed,card_expired
AP9336,T1000003607,2025-10-12,attempt_failed,card_expired
AP9337,T1000003607,2025-11-08,attempt_success,
AP9338,T1000003607,2025-12-08,attempt_success,
AP9339,T1000003607,2026-01-07,attempt_success,
AP9340,T1000003607,2026-02-06,attempt_success,
AP9341,T1000003607,2026-03-08,attempt_success,
AP9342,T1000003607,2026-04-07,attempt_success,
AP9343,T1000003607,2026-05-07,attempt_success,
AP9344,T1000003607,2026-06-06,attempt_success,
AP9345,T1000003609,2025-09-03,attempt_success,
AP9346,T1000003609,2025-10-03,attempt_success,
AP9347,T1000003609,2025-11-02,attempt_failed,card_expired
AP9348,T1000003609,2025-11-05,attempt_success,
AP9349,T1000003609,2025-12-02,attempt_failed,card_expired
AP9350,T1000003609,2025-12-05,attempt_failed,card_expired
AP9351,T1000003609,2026-01-01,attempt_success,
AP9352,T1000003609,2026-01-31,attempt_success,
AP9353,T1000003609,2026-03-02,attempt_success,
AP9354,T1000003609,2026-04-01,attempt_success,
AP9355,T1000003609,2026-05-01,attempt_success,
AP9356,T1000003609,2026-05-31,attempt_success,
AP9357,T1000003609,2026-06-30,attempt_success,
AP9358,T1000003610,2025-05-20,attempt_success,
AP9359,T1000003610,2026-05-20,attempt_failed,card_expired
AP9360,T1000003610,2026-05-23,attempt_success,
AP9361,T1000003612,2025-09-21,attempt_success,
AP9362,T1000003612,2025-12-21,attempt_success,
AP9363,T1000003612,2026-03-22,attempt_success,
AP9364,T1000003612,2026-06-21,attempt_success,
AP9365,T1000003620,2025-05-20,attempt_failed,bank_declined
AP9366,T1000003620,2025-05-23,attempt_success,
AP9367,T1000003620,2025-11-18,attempt_success,
AP9368,T1000003620,2026-05-19,attempt_success,
AP9369,T1000003621,2025-09-13,attempt_success,
AP9370,T1000003621,2026-03-14,attempt_success,
AP9371,T1000003625,2025-08-23,attempt_success,
AP9372,T1000003625,2025-11-22,attempt_failed,bank_declined
AP9373,T1000003625,2025-11-25,attempt_success,
AP9374,T1000003625,2026-02-21,attempt_failed,insufficient_funds
AP9375,T1000003625,2026-02-24,attempt_success,
AP9376,T1000003625,2026-05-23,attempt_success,
AP9377,T1000003628,2025-09-05,attempt_failed,bank_declined
AP9378,T1000003628,2025-09-08,attempt_success,
AP9379,T1000003628,2025-10-05,attempt_success,
AP9380,T1000003628,2025-11-04,attempt_success,
AP9381,T1000003628,2025-12-04,attempt_success,
AP9382,T1000003628,2026-01-03,attempt_success,
AP9383,T1000003628,2026-02-02,attempt_success,
AP9384,T1000003628,2026-03-04,attempt_success,
AP9385,T1000003628,2026-04-03,attempt_success,
AP9386,T1000003628,2026-05-03,attempt_success,
AP9387,T1000003628,2026-06-02,attempt_failed,card_expired
AP9388,T1000003628,2026-06-05,attempt_failed,card_expired
AP9389,T1000003629,2025-09-19,attempt_success,
AP9390,T1000003629,2025-10-19,attempt_success,
AP9391,T1000003629,2025-11-18,attempt_success,
AP9392,T1000003629,2025-12-18,attempt_success,
AP9393,T1000003629,2026-01-17,attempt_success,
AP9394,T1000003629,2026-02-16,attempt_success,
AP9395,T1000003629,2026-03-18,attempt_success,
AP9396,T1000003629,2026-04-17,attempt_success,
AP9397,T1000003629,2026-05-17,attempt_success,
AP9398,T1000003629,2026-06-16,attempt_success,
AP9399,T1000003634,2025-09-05,attempt_success,
AP9400,T1000003634,2025-10-05,attempt_failed,card_expired
AP9401,T1000003634,2025-10-08,attempt_success,
AP9402,T1000003634,2025-11-04,attempt_success,
AP9403,T1000003634,2025-12-04,attempt_failed,bank_declined
AP9404,T1000003634,2025-12-07,attempt_failed,bank_declined
AP9405,T1000003634,2026-01-03,attempt_success,
AP9406,T1000003634,2026-02-02,attempt_failed,insufficient_funds
AP9407,T1000003634,2026-02-05,attempt_failed,insufficient_funds
AP9408,T1000003634,2026-03-04,attempt_success,
AP9409,T1000003634,2026-04-03,attempt_success,
AP9410,T1000003634,2026-05-03,attempt_success,
AP9411,T1000003634,2026-06-02,attempt_success,
AP9412,T1000003635,2025-09-26,attempt_success,
AP9413,T1000003635,2025-10-26,attempt_success,
AP9414,T1000003635,2025-11-25,attempt_success,
AP9415,T1000003635,2025-12-25,attempt_failed,insufficient_funds
AP9416,T1000003635,2025-12-28,attempt_success,
AP9417,T1000003635,2026-01-24,attempt_success,
AP9418,T1000003635,2026-02-23,attempt_success,
AP9419,T1000003635,2026-03-25,attempt_success,
AP9420,T1000003635,2026-04-24,attempt_success,
AP9421,T1000003635,2026-05-24,attempt_success,
AP9422,T1000003635,2026-06-23,attempt_success,
AP9423,T1000003636,2025-03-23,attempt_success,
AP9424,T1000003636,2026-03-23,attempt_success,
AP9425,T1000003640,2025-08-26,attempt_success,
AP9426,T1000003640,2025-11-25,attempt_success,
AP9427,T1000003640,2026-02-24,attempt_success,
AP9428,T1000003640,2026-05-26,attempt_success,
AP9429,T1000003641,2025-09-14,attempt_success,
AP9430,T1000003641,2026-03-15,attempt_success,
AP9431,T1000003643,2025-10-10,attempt_success,
AP9432,T1000003643,2025-11-09,attempt_success,
AP9433,T1000003643,2025-12-09,attempt_success,
AP9434,T1000003643,2026-01-08,attempt_failed,bank_declined
AP9435,T1000003643,2026-01-11,attempt_success,
AP9436,T1000003643,2026-02-07,attempt_success,
AP9437,T1000003643,2026-03-09,attempt_success,
AP9438,T1000003643,2026-04-08,attempt_success,
AP9439,T1000003643,2026-05-08,attempt_success,
AP9440,T1000003643,2026-06-07,attempt_success,
AP9441,T1000003644,2025-10-20,attempt_success,
AP9442,T1000003644,2026-01-19,attempt_success,
AP9443,T1000003644,2026-04-20,attempt_success,
AP9444,T1000003645,2025-10-02,attempt_success,
AP9445,T1000003646,2025-08-25,attempt_success,
AP9446,T1000003646,2026-02-23,attempt_success,
AP9447,T1000003648,2025-09-22,attempt_failed,insufficient_funds
AP9448,T1000003648,2025-09-25,attempt_success,
AP9449,T1000003648,2025-10-22,attempt_success,
AP9450,T1000003648,2025-11-21,attempt_success,
AP9451,T1000003648,2025-12-21,attempt_success,
AP9452,T1000003648,2026-01-20,attempt_success,
AP9453,T1000003648,2026-02-19,attempt_success,
AP9454,T1000003648,2026-03-21,attempt_failed,bank_declined
AP9455,T1000003648,2026-03-24,attempt_failed,bank_declined
AP9456,T1000003648,2026-04-20,attempt_failed,insufficient_funds
AP9457,T1000003648,2026-04-23,attempt_failed,insufficient_funds
AP9458,T1000003648,2026-05-20,attempt_success,
AP9459,T1000003648,2026-06-19,attempt_success,
AP9460,T1000003649,2025-09-08,attempt_success,
AP9461,T1000003654,2025-09-28,attempt_success,
AP9462,T1000003654,2025-10-28,attempt_success,
AP9463,T1000003654,2025-11-27,attempt_success,
AP9464,T1000003654,2025-12-27,attempt_success,
AP9465,T1000003654,2026-01-26,attempt_failed,bank_declined
AP9466,T1000003654,2026-01-29,attempt_success,
AP9467,T1000003654,2026-02-25,attempt_success,
AP9468,T1000003654,2026-03-27,attempt_success,
AP9469,T1000003654,2026-04-26,attempt_success,
AP9470,T1000003654,2026-05-26,attempt_success,
AP9471,T1000003654,2026-06-25,attempt_success,
AP9472,T1000003656,2025-01-31,attempt_success,
AP9473,T1000003656,2026-01-31,attempt_success,
AP9474,T1000003659,2025-09-17,attempt_success,
AP9475,T1000003659,2025-10-17,attempt_success,
AP9476,T1000003659,2025-11-16,attempt_success,
AP9477,T1000003659,2025-12-16,attempt_success,
AP9478,T1000003659,2026-01-15,attempt_failed,card_expired
AP9479,T1000003659,2026-01-18,attempt_failed,card_expired
AP9480,T1000003659,2026-02-14,attempt_success,
AP9481,T1000003659,2026-03-16,attempt_success,
AP9482,T1000003659,2026-04-15,attempt_success,
AP9483,T1000003659,2026-05-15,attempt_failed,insufficient_funds
AP9484,T1000003659,2026-05-18,attempt_success,
AP9485,T1000003659,2026-06-14,attempt_failed,bank_declined
AP9486,T1000003659,2026-06-17,attempt_success,
AP9487,T1000003660,2025-09-22,attempt_failed,insufficient_funds
AP9488,T1000003660,2025-09-25,attempt_success,
AP9489,T1000003660,2025-10-22,attempt_success,
AP9490,T1000003660,2025-11-21,attempt_success,
AP9491,T1000003660,2025-12-21,attempt_success,
AP9492,T1000003660,2026-01-20,attempt_success,
AP9493,T1000003660,2026-02-19,attempt_success,
AP9494,T1000003660,2026-03-21,attempt_success,
AP9495,T1000003660,2026-04-20,attempt_success,
AP9496,T1000003660,2026-05-20,attempt_success,
AP9497,T1000003660,2026-06-19,attempt_success,
AP9498,T1000003661,2025-08-23,attempt_failed,card_expired
AP9499,T1000003661,2025-08-26,attempt_success,
AP9500,T1000003662,2025-09-22,attempt_success,
AP9501,T1000003662,2026-03-23,attempt_success,
AP9502,T1000003664,2024-10-05,attempt_success,
AP9503,T1000003664,2025-10-05,attempt_success,
AP9504,T1000003666,2025-02-14,attempt_success,
AP9505,T1000003666,2026-02-14,attempt_success,
AP9506,T1000003667,2025-06-19,attempt_success,
AP9507,T1000003667,2026-06-19,attempt_success,
AP9508,T1000003673,2025-02-12,attempt_failed,insufficient_funds
AP9509,T1000003673,2025-02-15,attempt_failed,insufficient_funds
AP9510,T1000003673,2026-02-12,attempt_success,
AP9511,T1000003675,2025-09-07,attempt_success,
AP9512,T1000003675,2025-10-07,attempt_failed,bank_declined
AP9513,T1000003675,2025-10-10,attempt_success,
AP9514,T1000003675,2025-11-06,attempt_success,
AP9515,T1000003675,2025-12-06,attempt_failed,bank_declined
AP9516,T1000003675,2025-12-09,attempt_success,
AP9517,T1000003675,2026-01-05,attempt_success,
AP9518,T1000003675,2026-02-04,attempt_failed,bank_declined
AP9519,T1000003675,2026-02-07,attempt_success,
AP9520,T1000003675,2026-03-06,attempt_success,
AP9521,T1000003675,2026-04-05,attempt_success,
AP9522,T1000003675,2026-05-05,attempt_success,
AP9523,T1000003675,2026-06-04,attempt_success,
AP9524,T1000003681,2025-09-16,attempt_failed,insufficient_funds
AP9525,T1000003681,2025-09-19,attempt_success,
AP9526,T1000003681,2025-10-16,attempt_success,
AP9527,T1000003681,2025-11-15,attempt_success,
AP9528,T1000003681,2025-12-15,attempt_success,
AP9529,T1000003681,2026-01-14,attempt_success,
AP9530,T1000003681,2026-02-13,attempt_success,
AP9531,T1000003681,2026-03-15,attempt_success,
AP9532,T1000003681,2026-04-14,attempt_success,
AP9533,T1000003681,2026-05-14,attempt_success,
AP9534,T1000003681,2026-06-13,attempt_success,
AP9535,T1000003682,2025-09-25,attempt_success,
AP9536,T1000003682,2025-10-25,attempt_success,
AP9537,T1000003682,2025-11-24,attempt_success,
AP9538,T1000003682,2025-12-24,attempt_failed,card_expired
AP9539,T1000003682,2025-12-27,attempt_failed,card_expired
AP9540,T1000003682,2026-01-23,attempt_success,
AP9541,T1000003682,2026-02-22,attempt_success,
AP9542,T1000003682,2026-03-24,attempt_success,
AP9543,T1000003682,2026-04-23,attempt_success,
AP9544,T1000003682,2026-05-23,attempt_failed,insufficient_funds
AP9545,T1000003682,2026-05-26,attempt_success,
AP9546,T1000003682,2026-06-22,attempt_success,
AP9547,T1000003685,2025-09-23,attempt_success,
AP9548,T1000003685,2025-12-23,attempt_success,
AP9549,T1000003685,2026-03-24,attempt_success,
AP9550,T1000003685,2026-06-23,attempt_success,
AP9551,T1000003686,2025-09-09,attempt_success,
AP9552,T1000003686,2025-12-09,attempt_success,
AP9553,T1000003686,2026-03-10,attempt_success,
AP9554,T1000003686,2026-06-09,attempt_success,
AP9555,T1000003691,2024-10-18,attempt_success,
AP9556,T1000003691,2025-10-18,attempt_success,
AP9557,T1000003693,2025-05-29,attempt_success,
AP9558,T1000003693,2025-11-27,attempt_failed,insufficient_funds
AP9559,T1000003693,2025-11-30,attempt_success,
AP9560,T1000003693,2026-05-28,attempt_success,
AP9561,T1000003694,2025-03-03,attempt_success,
AP9562,T1000003694,2026-03-03,attempt_failed,insufficient_funds
AP9563,T1000003694,2026-03-06,attempt_success,
AP9564,T1000003695,2025-11-10,attempt_success,
AP9565,T1000003695,2026-05-11,attempt_success,
AP9566,T1000003696,2025-10-26,attempt_success,
AP9567,T1000003696,2026-01-25,attempt_success,
AP9568,T1000003696,2026-04-26,attempt_success,
AP9569,T1000003699,2025-09-23,attempt_success,
AP9570,T1000003699,2025-10-23,attempt_success,
AP9571,T1000003699,2025-11-22,attempt_success,
AP9572,T1000003699,2025-12-22,attempt_success,
AP9573,T1000003699,2026-01-21,attempt_success,
AP9574,T1000003699,2026-02-20,attempt_success,
AP9575,T1000003699,2026-03-22,attempt_success,
AP9576,T1000003699,2026-04-21,attempt_success,
AP9577,T1000003699,2026-05-21,attempt_success,
AP9578,T1000003699,2026-06-20,attempt_success,
AP9579,T1000003700,2025-07-05,attempt_success,
AP9580,T1000003700,2026-01-03,attempt_success,
AP9581,T1000003702,2025-09-18,attempt_success,
AP9582,T1000003702,2025-10-18,attempt_success,
AP9583,T1000003702,2025-11-17,attempt_failed,card_expired
AP9584,T1000003702,2025-11-20,attempt_success,
AP9585,T1000003702,2025-12-17,attempt_success,
AP9586,T1000003702,2026-01-16,attempt_success,
AP9587,T1000003702,2026-02-15,attempt_failed,card_expired
AP9588,T1000003702,2026-02-18,attempt_success,
AP9589,T1000003702,2026-03-17,attempt_success,
AP9590,T1000003702,2026-04-16,attempt_failed,card_expired
AP9591,T1000003702,2026-04-19,attempt_success,
AP9592,T1000003702,2026-05-16,attempt_success,
AP9593,T1000003702,2026-06-15,attempt_success,
AP9594,T1000003705,2025-06-20,attempt_success,
AP9595,T1000003705,2026-06-20,attempt_success,
AP9596,T1000003706,2025-09-21,attempt_success,
AP9597,T1000003706,2025-10-21,attempt_success,
AP9598,T1000003706,2025-11-20,attempt_success,
AP9599,T1000003706,2025-12-20,attempt_success,
AP9600,T1000003706,2026-01-19,attempt_failed,insufficient_funds
AP9601,T1000003706,2026-01-22,attempt_failed,insufficient_funds
AP9602,T1000003706,2026-02-18,attempt_failed,card_expired
AP9603,T1000003706,2026-02-21,attempt_success,
AP9604,T1000003706,2026-03-20,attempt_success,
AP9605,T1000003706,2026-04-19,attempt_success,
AP9606,T1000003706,2026-05-19,attempt_failed,insufficient_funds
AP9607,T1000003706,2026-05-22,attempt_success,
AP9608,T1000003706,2026-06-18,attempt_success,
AP9609,T1000003708,2025-09-09,attempt_success,
AP9610,T1000003708,2025-12-09,attempt_failed,bank_declined
AP9611,T1000003708,2025-12-12,attempt_success,
AP9612,T1000003708,2026-03-10,attempt_success,
AP9613,T1000003708,2026-06-09,attempt_success,
AP9614,T1000003709,2025-09-24,attempt_success,
AP9615,T1000003709,2025-10-24,attempt_success,
AP9616,T1000003709,2025-11-23,attempt_failed,card_expired
AP9617,T1000003709,2025-11-26,attempt_failed,card_expired
AP9618,T1000003709,2025-12-23,attempt_success,
AP9619,T1000003709,2026-01-22,attempt_success,
AP9620,T1000003709,2026-02-21,attempt_success,
AP9621,T1000003709,2026-03-23,attempt_success,
AP9622,T1000003709,2026-04-22,attempt_success,
AP9623,T1000003709,2026-05-22,attempt_success,
AP9624,T1000003709,2026-06-21,attempt_success,
AP9625,T1000003711,2025-09-17,attempt_success,
AP9626,T1000003711,2025-12-17,attempt_success,
AP9627,T1000003711,2026-03-18,attempt_success,
AP9628,T1000003711,2026-06-17,attempt_success,
AP9629,T1000003716,2025-09-07,attempt_failed,insufficient_funds
AP9630,T1000003716,2025-09-10,attempt_failed,insufficient_funds
AP9631,T1000003716,2025-10-07,attempt_failed,insufficient_funds
AP9632,T1000003716,2025-10-10,attempt_success,
AP9633,T1000003716,2025-11-06,attempt_success,
AP9634,T1000003716,2025-12-06,attempt_success,
AP9635,T1000003716,2026-01-05,attempt_success,
AP9636,T1000003716,2026-02-04,attempt_success,
AP9637,T1000003716,2026-03-06,attempt_success,
AP9638,T1000003716,2026-04-05,attempt_success,
AP9639,T1000003716,2026-05-05,attempt_success,
AP9640,T1000003716,2026-06-04,attempt_success,
AP9641,T1000003717,2025-03-28,attempt_success,
AP9642,T1000003717,2026-03-28,attempt_success,
AP9643,T1000003719,2025-09-16,attempt_success,
AP9644,T1000003719,2025-10-16,attempt_success,
AP9645,T1000003719,2025-11-15,attempt_success,
AP9646,T1000003719,2025-12-15,attempt_failed,insufficient_funds
AP9647,T1000003719,2025-12-18,attempt_success,
AP9648,T1000003719,2026-01-14,attempt_success,
AP9649,T1000003719,2026-02-13,attempt_success,
AP9650,T1000003719,2026-03-15,attempt_failed,bank_declined
AP9651,T1000003719,2026-03-18,attempt_failed,bank_declined
AP9652,T1000003719,2026-04-14,attempt_success,
AP9653,T1000003719,2026-05-14,attempt_success,
AP9654,T1000003719,2026-06-13,attempt_success,
AP9655,T1000003721,2025-09-27,attempt_success,
AP9656,T1000003721,2025-10-27,attempt_success,
AP9657,T1000003721,2025-11-26,attempt_success,
AP9658,T1000003721,2025-12-26,attempt_success,
AP9659,T1000003721,2026-01-25,attempt_success,
AP9660,T1000003721,2026-02-24,attempt_success,
AP9661,T1000003721,2026-03-26,attempt_success,
AP9662,T1000003721,2026-04-25,attempt_success,
AP9663,T1000003721,2026-05-25,attempt_success,
AP9664,T1000003721,2026-06-24,attempt_success,
AP9665,T1000003725,2025-07-21,attempt_failed,insufficient_funds
AP9666,T1000003725,2025-07-24,attempt_failed,insufficient_funds
AP9667,T1000003729,2025-09-23,attempt_success,
AP9668,T1000003729,2025-10-23,attempt_success,
AP9669,T1000003729,2025-11-22,attempt_success,
AP9670,T1000003729,2025-12-22,attempt_success,
AP9671,T1000003729,2026-01-21,attempt_success,
AP9672,T1000003729,2026-02-20,attempt_success,
AP9673,T1000003729,2026-03-22,attempt_success,
AP9674,T1000003729,2026-04-21,attempt_success,
AP9675,T1000003729,2026-05-21,attempt_success,
AP9676,T1000003729,2026-06-20,attempt_success,
AP9677,T1000003730,2024-12-26,attempt_success,
AP9678,T1000003730,2025-12-26,attempt_success,
AP9679,T1000003731,2025-09-26,attempt_success,
AP9680,T1000003731,2025-10-26,attempt_success,
AP9681,T1000003731,2025-11-25,attempt_success,
AP9682,T1000003731,2025-12-25,attempt_success,
AP9683,T1000003731,2026-01-24,attempt_success,
AP9684,T1000003731,2026-02-23,attempt_success,
AP9685,T1000003731,2026-03-25,attempt_success,
AP9686,T1000003731,2026-04-24,attempt_success,
AP9687,T1000003731,2026-05-24,attempt_success,
AP9688,T1000003731,2026-06-23,attempt_success,
AP9689,T1000003732,2025-08-15,attempt_success,
AP9690,T1000003732,2025-11-14,attempt_success,
AP9691,T1000003732,2026-02-13,attempt_failed,insufficient_funds
AP9692,T1000003732,2026-02-16,attempt_failed,insufficient_funds
AP9693,T1000003732,2026-05-15,attempt_success,
AP9694,T1000003734,2025-06-29,attempt_success,
AP9695,T1000003734,2025-12-28,attempt_success,
AP9696,T1000003734,2026-06-28,attempt_success,
AP9697,T1000003736,2025-09-28,attempt_success,
AP9698,T1000003736,2025-10-28,attempt_success,
AP9699,T1000003736,2025-11-27,attempt_success,
AP9700,T1000003736,2025-12-27,attempt_success,
AP9701,T1000003736,2026-01-26,attempt_failed,insufficient_funds
AP9702,T1000003736,2026-01-29,attempt_failed,insufficient_funds
AP9703,T1000003736,2026-02-25,attempt_success,
AP9704,T1000003736,2026-03-27,attempt_success,
AP9705,T1000003736,2026-04-26,attempt_success,
AP9706,T1000003736,2026-05-26,attempt_success,
AP9707,T1000003736,2026-06-25,attempt_failed,insufficient_funds
AP9708,T1000003736,2026-06-28,attempt_success,
AP9709,T1000003739,2025-09-09,attempt_success,
AP9710,T1000003739,2025-10-09,attempt_success,
AP9711,T1000003739,2025-11-08,attempt_success,
AP9712,T1000003739,2025-12-08,attempt_success,
AP9713,T1000003739,2026-01-07,attempt_success,
AP9714,T1000003739,2026-02-06,attempt_success,
AP9715,T1000003739,2026-03-08,attempt_success,
AP9716,T1000003739,2026-04-07,attempt_failed,bank_declined
AP9717,T1000003739,2026-04-10,attempt_failed,bank_declined
AP9718,T1000003739,2026-05-07,attempt_failed,insufficient_funds
AP9719,T1000003739,2026-05-10,attempt_success,
AP9720,T1000003739,2026-06-06,attempt_success,
AP9721,T1000003741,2025-05-15,attempt_success,
AP9722,T1000003741,2025-11-13,attempt_success,
AP9723,T1000003741,2026-05-14,attempt_success,
AP9724,T1000003743,2025-09-08,attempt_success,
AP9725,T1000003743,2025-10-08,attempt_success,
AP9726,T1000003743,2025-11-07,attempt_success,
AP9727,T1000003743,2025-12-07,attempt_success,
AP9728,T1000003743,2026-01-06,attempt_success,
AP9729,T1000003743,2026-02-05,attempt_success,
AP9730,T1000003743,2026-03-07,attempt_failed,insufficient_funds
AP9731,T1000003743,2026-03-10,attempt_success,
AP9732,T1000003743,2026-04-06,attempt_success,
AP9733,T1000003743,2026-05-06,attempt_success,
AP9734,T1000003743,2026-06-05,attempt_success,
AP9735,T1000003744,2025-09-16,attempt_success,
AP9736,T1000003744,2025-10-16,attempt_success,
AP9737,T1000003744,2025-11-15,attempt_failed,card_expired
AP9738,T1000003744,2025-11-18,attempt_success,
AP9739,T1000003744,2025-12-15,attempt_success,
AP9740,T1000003744,2026-01-14,attempt_success,
AP9741,T1000003744,2026-02-13,attempt_success,
AP9742,T1000003744,2026-03-15,attempt_success,
AP9743,T1000003744,2026-04-14,attempt_success,
AP9744,T1000003744,2026-05-14,attempt_success,
AP9745,T1000003744,2026-06-13,attempt_success,
AP9746,T1000003750,2025-06-21,attempt_success,
AP9747,T1000003750,2025-12-20,attempt_success,
AP9748,T1000003750,2026-06-20,attempt_success,
AP9749,T1000003751,2025-09-11,attempt_success,
AP9750,T1000003751,2025-12-11,attempt_success,
AP9751,T1000003751,2026-03-12,attempt_success,
AP9752,T1000003751,2026-06-11,attempt_success,
AP9753,T1000003752,2025-09-09,attempt_success,
AP9754,T1000003752,2025-10-09,attempt_success,
AP9755,T1000003752,2025-11-08,attempt_success,
AP9756,T1000003752,2025-12-08,attempt_success,
AP9757,T1000003752,2026-01-07,attempt_success,
AP9758,T1000003752,2026-02-06,attempt_success,
AP9759,T1000003752,2026-03-08,attempt_success,
AP9760,T1000003752,2026-04-07,attempt_success,
AP9761,T1000003752,2026-05-07,attempt_success,
AP9762,T1000003752,2026-06-06,attempt_success,
AP9763,T1000003755,2025-09-17,attempt_success,
AP9764,T1000003758,2025-04-20,attempt_success,
AP9765,T1000003758,2025-10-19,attempt_success,
AP9766,T1000003758,2026-04-19,attempt_success,
AP9767,T1000003761,2025-09-14,attempt_success,
AP9768,T1000003761,2025-12-14,attempt_success,
AP9769,T1000003761,2026-03-15,attempt_success,
AP9770,T1000003761,2026-06-14,attempt_success,
AP9771,T1000003762,2025-07-14,attempt_success,
AP9772,T1000003762,2025-10-13,attempt_failed,insufficient_funds
AP9773,T1000003762,2025-10-16,attempt_success,
AP9774,T1000003762,2026-01-12,attempt_success,
AP9775,T1000003762,2026-04-13,attempt_failed,card_expired
AP9776,T1000003762,2026-04-16,attempt_failed,card_expired
AP9777,T1000003763,2025-06-14,attempt_success,
AP9778,T1000003763,2025-12-13,attempt_success,
AP9779,T1000003763,2026-06-13,attempt_success,
AP9780,T1000003767,2025-04-18,attempt_success,
AP9781,T1000003767,2026-04-18,attempt_success,
AP9782,T1000003768,2025-09-06,attempt_success,
AP9783,T1000003768,2025-10-06,attempt_success,
AP9784,T1000003768,2025-11-05,attempt_success,
AP9785,T1000003768,2025-12-05,attempt_success,
AP9786,T1000003768,2026-01-04,attempt_failed,card_expired
AP9787,T1000003768,2026-01-07,attempt_failed,card_expired
AP9788,T1000003768,2026-02-03,attempt_success,
AP9789,T1000003768,2026-03-05,attempt_success,
AP9790,T1000003768,2026-04-04,attempt_success,
AP9791,T1000003768,2026-05-04,attempt_failed,insufficient_funds
AP9792,T1000003768,2026-05-07,attempt_failed,insufficient_funds
AP9793,T1000003768,2026-06-03,attempt_success,
AP9794,T1000003770,2025-08-25,attempt_success,
AP9795,T1000003770,2025-11-24,attempt_success,
AP9796,T1000003770,2026-02-23,attempt_success,
AP9797,T1000003770,2026-05-25,attempt_success,
AP9798,T1000003774,2025-07-04,attempt_success,
AP9799,T1000003774,2025-10-03,attempt_success,
AP9800,T1000003774,2026-01-02,attempt_success,
AP9801,T1000003774,2026-04-03,attempt_success,
AP9802,T1000003779,2025-09-25,attempt_success,
AP9803,T1000003779,2025-10-25,attempt_success,
AP9804,T1000003779,2025-11-24,attempt_success,
AP9805,T1000003779,2025-12-24,attempt_success,
AP9806,T1000003779,2026-01-23,attempt_success,
AP9807,T1000003779,2026-02-22,attempt_success,
AP9808,T1000003779,2026-03-24,attempt_success,
AP9809,T1000003779,2026-04-23,attempt_success,
AP9810,T1000003779,2026-05-23,attempt_success,
AP9811,T1000003779,2026-06-22,attempt_success,
AP9812,T1000003781,2024-10-20,attempt_success,
AP9813,T1000003781,2025-10-20,attempt_success,
AP9814,T1000003782,2025-09-13,attempt_success,
AP9815,T1000003784,2025-09-21,attempt_success,
AP9816,T1000003784,2025-10-21,attempt_success,
AP9817,T1000003784,2025-11-20,attempt_success,
AP9818,T1000003784,2025-12-20,attempt_success,
AP9819,T1000003784,2026-01-19,attempt_success,
AP9820,T1000003784,2026-02-18,attempt_success,
AP9821,T1000003784,2026-03-20,attempt_success,
AP9822,T1000003784,2026-04-19,attempt_success,
AP9823,T1000003784,2026-05-19,attempt_failed,insufficient_funds
AP9824,T1000003784,2026-05-22,attempt_success,
AP9825,T1000003784,2026-06-18,attempt_success,
AP9826,T1000003787,2025-09-06,attempt_failed,insufficient_funds
AP9827,T1000003787,2025-09-09,attempt_failed,insufficient_funds
AP9828,T1000003787,2025-10-06,attempt_success,
AP9829,T1000003787,2025-11-05,attempt_success,
AP9830,T1000003787,2025-12-05,attempt_success,
AP9831,T1000003787,2026-01-04,attempt_success,
AP9832,T1000003787,2026-02-03,attempt_success,
AP9833,T1000003787,2026-03-05,attempt_success,
AP9834,T1000003787,2026-04-04,attempt_success,
AP9835,T1000003787,2026-05-04,attempt_success,
AP9836,T1000003787,2026-06-03,attempt_success,
AP9837,T1000003788,2025-09-23,attempt_failed,bank_declined
AP9838,T1000003788,2025-09-26,attempt_failed,bank_declined
AP9839,T1000003788,2025-12-23,attempt_success,
AP9840,T1000003788,2026-03-24,attempt_failed,bank_declined
AP9841,T1000003788,2026-03-27,attempt_success,
AP9842,T1000003788,2026-06-23,attempt_success,
AP9843,T1000003791,2024-12-25,attempt_failed,insufficient_funds
AP9844,T1000003791,2024-12-28,attempt_success,
AP9845,T1000003791,2025-12-25,attempt_success,
AP9846,T1000003794,2025-05-29,attempt_success,
AP9847,T1000003794,2025-11-27,attempt_success,
AP9848,T1000003794,2026-05-28,attempt_success,
AP9849,T1000003795,2025-09-04,attempt_success,
AP9850,T1000003795,2025-10-04,attempt_success,
AP9851,T1000003795,2025-11-03,attempt_success,
AP9852,T1000003795,2025-12-03,attempt_success,
AP9853,T1000003795,2026-01-02,attempt_failed,insufficient_funds
AP9854,T1000003795,2026-01-05,attempt_success,
AP9855,T1000003795,2026-02-01,attempt_success,
AP9856,T1000003795,2026-03-03,attempt_failed,bank_declined
AP9857,T1000003795,2026-03-06,attempt_failed,bank_declined
AP9858,T1000003795,2026-04-02,attempt_success,
AP9859,T1000003795,2026-05-02,attempt_success,
AP9860,T1000003795,2026-06-01,attempt_success,
AP9861,T1000003796,2025-08-17,attempt_success,
AP9862,T1000003797,2025-08-13,attempt_success,
AP9863,T1000003797,2025-11-12,attempt_success,
AP9864,T1000003797,2026-02-11,attempt_failed,bank_declined
AP9865,T1000003797,2026-02-14,attempt_success,
AP9866,T1000003797,2026-05-13,attempt_success,
AP9867,T1000003799,2025-09-24,attempt_success,
AP9868,T1000003799,2025-10-24,attempt_failed,insufficient_funds
AP9869,T1000003799,2025-10-27,attempt_success,
AP9870,T1000003799,2025-11-23,attempt_success,
AP9871,T1000003799,2025-12-23,attempt_success,
AP9872,T1000003799,2026-01-22,attempt_success,
AP9873,T1000003799,2026-02-21,attempt_success,
AP9874,T1000003799,2026-03-23,attempt_success,
AP9875,T1000003799,2026-04-22,attempt_success,
AP9876,T1000003799,2026-05-22,attempt_failed,insufficient_funds
AP9877,T1000003799,2026-05-25,attempt_failed,insufficient_funds
AP9878,T1000003799,2026-06-21,attempt_success,
AP9879,T1000003800,2025-09-12,attempt_success,
AP9880,T1000003800,2025-12-12,attempt_success,
AP9881,T1000003800,2026-03-13,attempt_success,
AP9882,T1000003800,2026-06-12,attempt_success,
AP9883,T1000003801,2025-08-01,attempt_success,
AP9884,T1000003802,2025-09-07,attempt_success,
AP9885,T1000003802,2025-12-07,attempt_success,
AP9886,T1000003802,2026-03-08,attempt_failed,insufficient_funds
AP9887,T1000003802,2026-03-11,attempt_success,
AP9888,T1000003802,2026-06-07,attempt_success,
AP9889,T1000003807,2025-02-16,attempt_success,
AP9890,T1000003807,2026-02-16,attempt_success,
AP9891,T1000003817,2025-09-19,attempt_success,
AP9892,T1000003817,2025-12-19,attempt_success,
AP9893,T1000003817,2026-03-20,attempt_success,
AP9894,T1000003817,2026-06-19,attempt_success,
AP9895,T1000003820,2025-09-28,attempt_success,
AP9896,T1000003820,2025-10-28,attempt_success,
AP9897,T1000003820,2025-11-27,attempt_success,
AP9898,T1000003820,2025-12-27,attempt_success,
AP9899,T1000003820,2026-01-26,attempt_success,
AP9900,T1000003820,2026-02-25,attempt_success,
AP9901,T1000003820,2026-03-27,attempt_success,
AP9902,T1000003820,2026-04-26,attempt_success,
AP9903,T1000003820,2026-05-26,attempt_success,
AP9904,T1000003820,2026-06-25,attempt_success,
AP9905,T1000003828,2024-12-24,attempt_success,
AP9906,T1000003828,2025-12-24,attempt_success,
AP9907,T1000003830,2025-09-10,attempt_success,
AP9908,T1000003830,2025-10-10,attempt_success,
AP9909,T1000003830,2025-11-09,attempt_success,
AP9910,T1000003830,2025-12-09,attempt_success,
AP9911,T1000003830,2026-01-08,attempt_success,
AP9912,T1000003830,2026-02-07,attempt_success,
AP9913,T1000003830,2026-03-09,attempt_success,
AP9914,T1000003830,2026-04-08,attempt_success,
AP9915,T1000003830,2026-05-08,attempt_success,
AP9916,T1000003830,2026-06-07,attempt_success,
AP9917,T1000003833,2025-08-10,attempt_success,
AP9918,T1000003834,2025-08-11,attempt_success,
AP9919,T1000003834,2025-11-10,attempt_success,
AP9920,T1000003834,2026-02-09,attempt_success,
AP9921,T1000003834,2026-05-11,attempt_success,
AP9922,T1000003835,2025-04-03,attempt_success,
AP9923,T1000003835,2026-04-03,attempt_success,
AP9924,T1000003836,2025-09-17,attempt_success,
AP9925,T1000003836,2025-10-17,attempt_success,
AP9926,T1000003836,2025-11-16,attempt_success,
AP9927,T1000003836,2025-12-16,attempt_success,
AP9928,T1000003836,2026-01-15,attempt_success,
AP9929,T1000003836,2026-02-14,attempt_success,
AP9930,T1000003836,2026-03-16,attempt_success,
AP9931,T1000003836,2026-04-15,attempt_success,
AP9932,T1000003836,2026-05-15,attempt_success,
AP9933,T1000003836,2026-06-14,attempt_success,
AP9934,T1000003837,2025-10-24,attempt_success,
AP9935,T1000003838,2025-11-24,attempt_success,
AP9936,T1000003838,2026-02-23,attempt_success,
AP9937,T1000003838,2026-05-25,attempt_success,
AP9938,T1000003841,2025-09-06,attempt_failed,bank_declined
AP9939,T1000003841,2025-09-09,attempt_success,
AP9940,T1000003841,2025-10-06,attempt_success,
AP9941,T1000003841,2025-11-05,attempt_success,
AP9942,T1000003841,2025-12-05,attempt_success,
AP9943,T1000003841,2026-01-04,attempt_success,
AP9944,T1000003841,2026-02-03,attempt_success,
AP9945,T1000003841,2026-03-05,attempt_success,
AP9946,T1000003841,2026-04-04,attempt_success,
AP9947,T1000003841,2026-05-04,attempt_success,
AP9948,T1000003841,2026-06-03,attempt_success,
AP9949,T1000003842,2025-07-11,attempt_success,
AP9950,T1000003842,2025-10-10,attempt_success,
AP9951,T1000003842,2026-01-09,attempt_failed,insufficient_funds
AP9952,T1000003842,2026-01-12,attempt_failed,insufficient_funds
AP9953,T1000003842,2026-04-10,attempt_success,
AP9954,T1000003843,2025-07-10,attempt_failed,bank_declined
AP9955,T1000003843,2025-07-13,attempt_failed,bank_declined
AP9956,T1000003843,2026-01-08,attempt_success,
AP9957,T1000003845,2025-05-25,attempt_success,
AP9958,T1000003845,2025-11-23,attempt_success,
AP9959,T1000003845,2026-05-24,attempt_success,
AP9960,T1000003848,2024-10-02,attempt_success,
AP9961,T1000003848,2025-10-02,attempt_success,
AP9962,T1000003852,2025-09-28,attempt_success,
AP9963,T1000003852,2025-10-28,attempt_success,
AP9964,T1000003852,2025-11-27,attempt_success,
AP9965,T1000003852,2025-12-27,attempt_success,
AP9966,T1000003852,2026-01-26,attempt_success,
AP9967,T1000003852,2026-02-25,attempt_success,
AP9968,T1000003852,2026-03-27,attempt_success,
AP9969,T1000003852,2026-04-26,attempt_success,
AP9970,T1000003852,2026-05-26,attempt_success,
AP9971,T1000003852,2026-06-25,attempt_failed,insufficient_funds
AP9972,T1000003852,2026-06-28,attempt_success,
AP9973,T1000003853,2025-09-20,attempt_success,
AP9974,T1000003853,2025-10-20,attempt_success,
AP9975,T1000003853,2025-11-19,attempt_success,
AP9976,T1000003853,2025-12-19,attempt_success,
AP9977,T1000003853,2026-01-18,attempt_success,
AP9978,T1000003853,2026-02-17,attempt_success,
AP9979,T1000003853,2026-03-19,attempt_failed,insufficient_funds
AP9980,T1000003853,2026-03-22,attempt_failed,insufficient_funds
AP9981,T1000003853,2026-04-18,attempt_success,
AP9982,T1000003853,2026-05-18,attempt_success,
AP9983,T1000003853,2026-06-17,attempt_success,
AP9984,T1000003856,2025-09-27,attempt_success,
AP9985,T1000003856,2025-10-27,attempt_success,
AP9986,T1000003856,2025-11-26,attempt_success,
AP9987,T1000003856,2025-12-26,attempt_success,
AP9988,T1000003856,2026-01-25,attempt_success,
AP9989,T1000003856,2026-02-24,attempt_success,
AP9990,T1000003856,2026-03-26,attempt_success,
AP9991,T1000003856,2026-04-25,attempt_success,
AP9992,T1000003856,2026-05-25,attempt_failed,bank_declined
AP9993,T1000003856,2026-05-28,attempt_failed,bank_declined
AP9994,T1000003856,2026-06-24,attempt_success,
AP9995,T1000003858,2025-07-08,attempt_success,
AP9996,T1000003860,2025-09-01,attempt_success,
AP9997,T1000003860,2026-03-02,attempt_success,
AP9998,T1000003867,2025-09-26,attempt_success,
AP9999,T1000003867,2025-10-26,attempt_failed,insufficient_funds
AP10000,T1000003867,2025-10-29,attempt_failed,insufficient_funds
AP10001,T1000003867,2025-11-25,attempt_success,
AP10002,T1000003867,2025-12-25,attempt_success,
AP10003,T1000003867,2026-01-24,attempt_success,
AP10004,T1000003867,2026-02-23,attempt_success,
AP10005,T1000003867,2026-03-25,attempt_success,
AP10006,T1000003867,2026-04-24,attempt_success,
AP10007,T1000003867,2026-05-24,attempt_success,
AP10008,T1000003867,2026-06-23,attempt_success,
AP10009,T1000003868,2025-09-10,attempt_success,
AP10010,T1000003868,2025-12-10,attempt_success,
AP10011,T1000003868,2026-03-11,attempt_success,
AP10012,T1000003868,2026-06-10,attempt_success,
AP10013,T1000003869,2025-09-26,attempt_success,
AP10014,T1000003869,2025-10-26,attempt_success,
AP10015,T1000003869,2025-11-25,attempt_success,
AP10016,T1000003869,2025-12-25,attempt_success,
AP10017,T1000003869,2026-01-24,attempt_success,
AP10018,T1000003869,2026-02-23,attempt_success,
AP10019,T1000003869,2026-03-25,attempt_failed,insufficient_funds
AP10020,T1000003869,2026-03-28,attempt_success,
AP10021,T1000003869,2026-04-24,attempt_success,
AP10022,T1000003869,2026-05-24,attempt_success,
AP10023,T1000003869,2026-06-23,attempt_failed,insufficient_funds
AP10024,T1000003869,2026-06-26,attempt_success,
AP10025,T1000003872,2024-12-09,attempt_success,
AP10026,T1000003872,2025-12-09,attempt_success,
AP10027,T1000003874,2025-08-06,attempt_failed,insufficient_funds
AP10028,T1000003874,2025-08-09,attempt_success,
AP10029,T1000003875,2025-09-16,attempt_success,
AP10030,T1000003875,2025-10-16,attempt_success,
AP10031,T1000003875,2025-11-15,attempt_success,
AP10032,T1000003875,2025-12-15,attempt_success,
AP10033,T1000003875,2026-01-14,attempt_success,
AP10034,T1000003875,2026-02-13,attempt_success,
AP10035,T1000003875,2026-03-15,attempt_success,
AP10036,T1000003875,2026-04-14,attempt_success,
AP10037,T1000003875,2026-05-14,attempt_success,
AP10038,T1000003875,2026-06-13,attempt_success,
AP10039,T1000003877,2025-03-19,attempt_success,
AP10040,T1000003877,2026-03-19,attempt_success,
AP10041,T1000003892,2025-09-08,attempt_success,
AP10042,T1000003892,2025-10-08,attempt_success,
AP10043,T1000003892,2025-11-07,attempt_success,
AP10044,T1000003892,2025-12-07,attempt_success,
AP10045,T1000003892,2026-01-06,attempt_success,
AP10046,T1000003892,2026-02-05,attempt_failed,card_expired
AP10047,T1000003892,2026-02-08,attempt_failed,card_expired
AP10048,T1000003892,2026-03-07,attempt_success,
AP10049,T1000003892,2026-04-06,attempt_success,
AP10050,T1000003892,2026-05-06,attempt_success,
AP10051,T1000003892,2026-06-05,attempt_success,
AP10052,T1000003895,2025-09-04,attempt_success,
AP10053,T1000003895,2025-10-04,attempt_success,
AP10054,T1000003895,2025-11-03,attempt_success,
AP10055,T1000003895,2025-12-03,attempt_success,
AP10056,T1000003895,2026-01-02,attempt_success,
AP10057,T1000003895,2026-02-01,attempt_success,
AP10058,T1000003895,2026-03-03,attempt_success,
AP10059,T1000003895,2026-04-02,attempt_success,
AP10060,T1000003895,2026-05-02,attempt_success,
AP10061,T1000003895,2026-06-01,attempt_failed,insufficient_funds
AP10062,T1000003895,2026-06-04,attempt_success,
AP10063,T1000003896,2025-09-21,attempt_success,
AP10064,T1000003896,2025-10-21,attempt_success,
AP10065,T1000003896,2025-11-20,attempt_success,
AP10066,T1000003896,2025-12-20,attempt_failed,insufficient_funds
AP10067,T1000003896,2025-12-23,attempt_failed,insufficient_funds
AP10068,T1000003896,2026-01-19,attempt_success,
AP10069,T1000003896,2026-02-18,attempt_success,
AP10070,T1000003896,2026-03-20,attempt_success,
AP10071,T1000003896,2026-04-19,attempt_success,
AP10072,T1000003896,2026-05-19,attempt_success,
AP10073,T1000003896,2026-06-18,attempt_success,
AP10074,T1000003900,2025-09-23,attempt_success,
AP10075,T1000003900,2025-10-23,attempt_failed,card_expired
AP10076,T1000003900,2025-10-26,attempt_success,
AP10077,T1000003900,2025-11-22,attempt_success,
AP10078,T1000003900,2025-12-22,attempt_success,
AP10079,T1000003900,2026-01-21,attempt_success,
AP10080,T1000003900,2026-02-20,attempt_success,
AP10081,T1000003900,2026-03-22,attempt_success,
AP10082,T1000003900,2026-04-21,attempt_failed,insufficient_funds
AP10083,T1000003900,2026-04-24,attempt_success,
AP10084,T1000003900,2026-05-21,attempt_success,
AP10085,T1000003900,2026-06-20,attempt_failed,insufficient_funds
AP10086,T1000003900,2026-06-23,attempt_success,
AP10087,T1000003901,2025-07-14,attempt_success,
AP10088,T1000003902,2025-08-07,attempt_success,
AP10089,T1000003902,2025-11-06,attempt_success,
AP10090,T1000003902,2026-02-05,attempt_success,
AP10091,T1000003902,2026-05-07,attempt_success,
AP10092,T1000003908,2025-09-23,attempt_failed,bank_declined
AP10093,T1000003908,2025-09-26,attempt_success,
AP10094,T1000003908,2025-12-23,attempt_success,
AP10095,T1000003908,2026-03-24,attempt_success,
AP10096,T1000003908,2026-06-23,attempt_success,
AP10097,T1000003916,2025-07-19,attempt_success,
AP10098,T1000003916,2025-10-18,attempt_success,
AP10099,T1000003916,2026-01-17,attempt_success,
AP10100,T1000003916,2026-04-18,attempt_success,
AP10101,T1000003917,2025-08-08,attempt_success,
AP10102,T1000003917,2025-11-07,attempt_success,
AP10103,T1000003917,2026-02-06,attempt_success,
AP10104,T1000003917,2026-05-08,attempt_success,
AP10105,T1000003918,2025-05-25,attempt_success,
AP10106,T1000003918,2025-11-23,attempt_success,
AP10107,T1000003918,2026-05-24,attempt_success,
AP10108,T1000003920,2025-04-18,attempt_success,
AP10109,T1000003920,2025-10-17,attempt_success,
AP10110,T1000003920,2026-04-17,attempt_success,
AP10111,T1000003921,2025-09-09,attempt_success,
AP10112,T1000003921,2025-10-09,attempt_success,
AP10113,T1000003921,2025-11-08,attempt_success,
AP10114,T1000003921,2025-12-08,attempt_success,
AP10115,T1000003921,2026-01-07,attempt_success,
AP10116,T1000003921,2026-02-06,attempt_success,
AP10117,T1000003921,2026-03-08,attempt_success,
AP10118,T1000003921,2026-04-07,attempt_success,
AP10119,T1000003921,2026-05-07,attempt_success,
AP10120,T1000003921,2026-06-06,attempt_success,
AP10121,T1000003924,2025-09-03,attempt_success,
AP10122,T1000003924,2025-12-03,attempt_success,
AP10123,T1000003924,2026-03-04,attempt_success,
AP10124,T1000003924,2026-06-03,attempt_success,
AP10125,T1000003926,2025-09-08,attempt_success,
AP10126,T1000003926,2025-12-08,attempt_success,
AP10127,T1000003926,2026-03-09,attempt_success,
AP10128,T1000003926,2026-06-08,attempt_success,
AP10129,T1000003927,2025-07-04,attempt_success,
AP10130,T1000003927,2026-01-02,attempt_success,
AP10131,T1000003930,2025-08-27,attempt_success,
AP10132,T1000003930,2025-11-26,attempt_success,
AP10133,T1000003930,2026-02-25,attempt_success,
AP10134,T1000003930,2026-05-27,attempt_success,
AP10135,T1000003933,2025-09-12,attempt_success,
AP10136,T1000003933,2025-12-12,attempt_success,
AP10137,T1000003933,2026-03-13,attempt_success,
AP10138,T1000003933,2026-06-12,attempt_success,
AP10139,T1000003934,2025-04-21,attempt_success,
AP10140,T1000003934,2025-10-20,attempt_success,
AP10141,T1000003934,2026-04-20,attempt_success,
AP10142,T1000003936,2025-09-11,attempt_success,
AP10143,T1000003936,2026-03-12,attempt_success,
AP10144,T1000003937,2025-08-31,attempt_success,
AP10145,T1000003937,2025-09-30,attempt_failed,insufficient_funds
AP10146,T1000003937,2025-10-03,attempt_success,
AP10147,T1000003937,2025-10-30,attempt_success,
AP10148,T1000003937,2025-11-29,attempt_success,
AP10149,T1000003937,2025-12-29,attempt_success,
AP10150,T1000003937,2026-01-28,attempt_success,
AP10151,T1000003937,2026-02-27,attempt_success,
AP10152,T1000003937,2026-03-29,attempt_failed,bank_declined
AP10153,T1000003937,2026-04-01,attempt_failed,bank_declined
AP10154,T1000003937,2026-04-28,attempt_success,
AP10155,T1000003937,2026-05-28,attempt_success,
AP10156,T1000003937,2026-06-27,attempt_success,
AP10157,T1000003940,2025-09-16,attempt_success,
AP10158,T1000003942,2025-09-22,attempt_success,
AP10159,T1000003942,2025-10-22,attempt_success,
AP10160,T1000003942,2025-11-21,attempt_success,
AP10161,T1000003942,2025-12-21,attempt_success,
AP10162,T1000003942,2026-01-20,attempt_success,
AP10163,T1000003942,2026-02-19,attempt_success,
AP10164,T1000003942,2026-03-21,attempt_failed,card_expired
AP10165,T1000003942,2026-03-24,attempt_success,
AP10166,T1000003942,2026-04-20,attempt_success,
AP10167,T1000003942,2026-05-20,attempt_success,
AP10168,T1000003942,2026-06-19,attempt_success,
AP10169,T1000003944,2025-09-26,attempt_success,
AP10170,T1000003944,2025-12-26,attempt_success,
AP10171,T1000003944,2026-03-27,attempt_success,
AP10172,T1000003944,2026-06-26,attempt_success,
AP10173,T1000003948,2024-12-16,attempt_success,
AP10174,T1000003948,2025-12-16,attempt_failed,insufficient_funds
AP10175,T1000003948,2025-12-19,attempt_success,
AP10176,T1000003949,2025-05-30,attempt_success,
AP10177,T1000003949,2025-11-28,attempt_success,
AP10178,T1000003949,2026-05-29,attempt_success,
AP10179,T1000003951,2025-09-18,attempt_success,
AP10180,T1000003951,2025-10-18,attempt_success,
AP10181,T1000003951,2025-11-17,attempt_success,
AP10182,T1000003951,2025-12-17,attempt_success,
AP10183,T1000003951,2026-01-16,attempt_success,
AP10184,T1000003951,2026-02-15,attempt_success,
AP10185,T1000003951,2026-03-17,attempt_success,
AP10186,T1000003951,2026-04-16,attempt_success,
AP10187,T1000003951,2026-05-16,attempt_success,
AP10188,T1000003951,2026-06-15,attempt_success,
AP10189,T1000003953,2025-09-22,attempt_failed,card_expired
AP10190,T1000003953,2025-09-25,attempt_success,
AP10191,T1000003953,2025-12-22,attempt_success,
AP10192,T1000003953,2026-03-23,attempt_success,
AP10193,T1000003953,2026-06-22,attempt_success,
AP10194,T1000003955,2025-09-16,attempt_success,
AP10195,T1000003955,2025-10-16,attempt_success,
AP10196,T1000003955,2025-11-15,attempt_success,
AP10197,T1000003955,2025-12-15,attempt_success,
AP10198,T1000003955,2026-01-14,attempt_success,
AP10199,T1000003955,2026-02-13,attempt_success,
AP10200,T1000003955,2026-03-15,attempt_success,
AP10201,T1000003955,2026-04-14,attempt_success,
AP10202,T1000003955,2026-05-14,attempt_success,
AP10203,T1000003955,2026-06-13,attempt_success,
AP10204,T1000003962,2025-09-21,attempt_success,
AP10205,T1000003962,2026-03-22,attempt_success,
AP10206,T1000003972,2025-05-01,attempt_success,
AP10207,T1000003972,2026-05-01,attempt_success,
AP10208,T1000003974,2025-09-04,attempt_success,
AP10209,T1000003974,2025-10-04,attempt_success,
AP10210,T1000003974,2025-11-03,attempt_success,
AP10211,T1000003974,2025-12-03,attempt_success,
AP10212,T1000003974,2026-01-02,attempt_success,
AP10213,T1000003974,2026-02-01,attempt_success,
AP10214,T1000003974,2026-03-03,attempt_success,
AP10215,T1000003974,2026-04-02,attempt_success,
AP10216,T1000003974,2026-05-02,attempt_success,
AP10217,T1000003974,2026-06-01,attempt_success,
AP10218,T1000003977,2025-09-16,attempt_success,
AP10219,T1000003977,2025-10-16,attempt_failed,card_expired
AP10220,T1000003977,2025-10-19,attempt_success,
AP10221,T1000003977,2025-11-15,attempt_success,
AP10222,T1000003977,2025-12-15,attempt_failed,insufficient_funds
AP10223,T1000003977,2025-12-18,attempt_success,
AP10224,T1000003977,2026-01-14,attempt_success,
AP10225,T1000003977,2026-02-13,attempt_success,
AP10226,T1000003977,2026-03-15,attempt_failed,card_expired
AP10227,T1000003977,2026-03-18,attempt_success,
AP10228,T1000003977,2026-04-14,attempt_success,
AP10229,T1000003977,2026-05-14,attempt_success,
AP10230,T1000003977,2026-06-13,attempt_success,
AP10231,T1000003978,2025-06-14,attempt_success,
AP10232,T1000003978,2025-12-13,attempt_success,
AP10233,T1000003978,2026-06-13,attempt_success,
AP10234,T1000003981,2025-05-16,attempt_success,
AP10235,T1000003981,2025-11-14,attempt_success,
AP10236,T1000003981,2026-05-15,attempt_success,
AP10237,T1000003983,2024-12-17,attempt_success,
AP10238,T1000003983,2025-12-17,attempt_success,
AP10239,T1000003985,2025-08-21,attempt_success,
AP10240,T1000003985,2025-11-20,attempt_success,
AP10241,T1000003985,2026-02-19,attempt_failed,card_expired
AP10242,T1000003985,2026-02-22,attempt_success,
AP10243,T1000003985,2026-05-21,attempt_success,
AP10244,T1000003986,2024-10-03,attempt_success,
AP10245,T1000003986,2025-10-03,attempt_failed,insufficient_funds
AP10246,T1000003986,2025-10-06,attempt_success,
AP10247,T1000003989,2025-09-18,attempt_success,
AP10248,T1000003995,2025-08-07,attempt_success,
AP10249,T1000003995,2025-11-06,attempt_success,
AP10250,T1000003995,2026-02-05,attempt_success,
AP10251,T1000003995,2026-05-07,attempt_failed,insufficient_funds
AP10252,T1000003995,2026-05-10,attempt_failed,insufficient_funds
AP10253,T1000003998,2025-05-17,attempt_success,
AP10254,T1000003998,2026-05-17,attempt_success,
AP10255,T1000004000,2025-09-29,attempt_failed,insufficient_funds
AP10256,T1000004000,2025-10-02,attempt_failed,insufficient_funds
AP10257,T1000004001,2025-09-14,attempt_success,
AP10258,T1000004001,2025-10-14,attempt_success,
AP10259,T1000004001,2025-11-13,attempt_success,
AP10260,T1000004001,2025-12-13,attempt_success,
AP10261,T1000004001,2026-01-12,attempt_success,
AP10262,T1000004001,2026-02-11,attempt_success,
AP10263,T1000004001,2026-03-13,attempt_success,
AP10264,T1000004001,2026-04-12,attempt_success,
AP10265,T1000004001,2026-05-12,attempt_success,
AP10266,T1000004001,2026-06-11,attempt_success,
AP10267,T1000004003,2025-09-13,attempt_success,
AP10268,T1000004003,2025-10-13,attempt_success,
AP10269,T1000004003,2025-11-12,attempt_success,
AP10270,T1000004003,2025-12-12,attempt_success,
AP10271,T1000004003,2026-01-11,attempt_success,
AP10272,T1000004003,2026-02-10,attempt_success,
AP10273,T1000004003,2026-03-12,attempt_success,
AP10274,T1000004003,2026-04-11,attempt_success,
AP10275,T1000004003,2026-05-11,attempt_success,
AP10276,T1000004003,2026-06-10,attempt_success,
AP10277,T1000004006,2025-09-18,attempt_success,
AP10278,T1000004006,2025-10-18,attempt_success,
AP10279,T1000004006,2025-11-17,attempt_failed,insufficient_funds
AP10280,T1000004006,2025-11-20,attempt_success,
AP10281,T1000004006,2025-12-17,attempt_success,
AP10282,T1000004006,2026-01-16,attempt_success,
AP10283,T1000004006,2026-02-15,attempt_success,
AP10284,T1000004006,2026-03-17,attempt_success,
AP10285,T1000004006,2026-04-16,attempt_success,
AP10286,T1000004006,2026-05-16,attempt_success,
AP10287,T1000004006,2026-06-15,attempt_success,
AP10288,T1000004014,2025-06-07,attempt_success,
AP10289,T1000004014,2026-06-07,attempt_success,
AP10290,T1000004015,2025-09-10,attempt_success,
AP10291,T1000004015,2025-10-10,attempt_success,
AP10292,T1000004015,2025-11-09,attempt_success,
AP10293,T1000004015,2025-12-09,attempt_success,
AP10294,T1000004015,2026-01-08,attempt_success,
AP10295,T1000004015,2026-02-07,attempt_success,
AP10296,T1000004015,2026-03-09,attempt_success,
AP10297,T1000004015,2026-04-08,attempt_failed,insufficient_funds
AP10298,T1000004015,2026-04-11,attempt_failed,insufficient_funds
AP10299,T1000004015,2026-05-08,attempt_success,
AP10300,T1000004015,2026-06-07,attempt_failed,bank_declined
AP10301,T1000004015,2026-06-10,attempt_failed,bank_declined
AP10302,T1000004016,2025-02-26,attempt_success,
AP10303,T1000004016,2026-02-26,attempt_success,
AP10304,T1000004022,2025-09-16,attempt_failed,bank_declined
AP10305,T1000004022,2025-09-19,attempt_failed,bank_declined
AP10306,T1000004022,2025-10-16,attempt_success,
AP10307,T1000004022,2025-11-15,attempt_success,
AP10308,T1000004022,2025-12-15,attempt_failed,bank_declined
AP10309,T1000004022,2025-12-18,attempt_success,
AP10310,T1000004022,2026-01-14,attempt_success,
AP10311,T1000004022,2026-02-13,attempt_success,
AP10312,T1000004022,2026-03-15,attempt_success,
AP10313,T1000004022,2026-04-14,attempt_success,
AP10314,T1000004022,2026-05-14,attempt_failed,insufficient_funds
AP10315,T1000004022,2026-05-17,attempt_failed,insufficient_funds
AP10316,T1000004022,2026-06-13,attempt_success,
AP10317,T1000004024,2025-09-12,attempt_success,
AP10318,T1000004024,2025-10-12,attempt_success,
AP10319,T1000004024,2025-11-11,attempt_success,
AP10320,T1000004024,2025-12-11,attempt_success,
AP10321,T1000004024,2026-01-10,attempt_success,
AP10322,T1000004024,2026-02-09,attempt_success,
AP10323,T1000004024,2026-03-11,attempt_success,
AP10324,T1000004024,2026-04-10,attempt_success,
AP10325,T1000004024,2026-05-10,attempt_success,
AP10326,T1000004024,2026-06-09,attempt_success,
AP10327,T1000004025,2025-09-05,attempt_success,
AP10328,T1000004025,2025-12-05,attempt_success,
AP10329,T1000004025,2026-03-06,attempt_failed,insufficient_funds
AP10330,T1000004025,2026-03-09,attempt_success,
AP10331,T1000004025,2026-06-05,attempt_success,
AP10332,T1000004026,2025-09-14,attempt_success,
AP10333,T1000004026,2025-10-14,attempt_success,
AP10334,T1000004026,2025-11-13,attempt_success,
AP10335,T1000004026,2025-12-13,attempt_success,
AP10336,T1000004026,2026-01-12,attempt_success,
AP10337,T1000004026,2026-02-11,attempt_success,
AP10338,T1000004026,2026-03-13,attempt_success,
AP10339,T1000004026,2026-04-12,attempt_success,
AP10340,T1000004026,2026-05-12,attempt_success,
AP10341,T1000004026,2026-06-11,attempt_success,
AP10342,T1000004032,2025-09-23,attempt_success,
AP10343,T1000004032,2025-10-23,attempt_success,
AP10344,T1000004032,2025-11-22,attempt_success,
AP10345,T1000004032,2025-12-22,attempt_success,
AP10346,T1000004032,2026-01-21,attempt_success,
AP10347,T1000004032,2026-02-20,attempt_success,
AP10348,T1000004032,2026-03-22,attempt_failed,card_expired
AP10349,T1000004032,2026-03-25,attempt_failed,card_expired
AP10350,T1000004032,2026-04-21,attempt_success,
AP10351,T1000004032,2026-05-21,attempt_success,
AP10352,T1000004032,2026-06-20,attempt_success,
AP10353,T1000004033,2025-05-13,attempt_success,
AP10354,T1000004033,2025-11-11,attempt_success,
AP10355,T1000004033,2026-05-12,attempt_success,
AP10356,T1000004037,2025-09-04,attempt_success,
AP10357,T1000004037,2025-10-04,attempt_success,
AP10358,T1000004037,2025-11-03,attempt_success,
AP10359,T1000004037,2025-12-03,attempt_success,
AP10360,T1000004037,2026-01-02,attempt_success,
AP10361,T1000004037,2026-02-01,attempt_success,
AP10362,T1000004037,2026-03-03,attempt_success,
AP10363,T1000004037,2026-04-02,attempt_success,
AP10364,T1000004037,2026-05-02,attempt_failed,insufficient_funds
AP10365,T1000004037,2026-05-05,attempt_success,
AP10366,T1000004037,2026-06-01,attempt_success,
AP10367,T1000004038,2025-07-30,attempt_success,
AP10368,T1000004044,2025-05-09,attempt_success,
AP10369,T1000004044,2025-11-07,attempt_success,
AP10370,T1000004044,2026-05-08,attempt_failed,bank_declined
AP10371,T1000004044,2026-05-11,attempt_failed,bank_declined
AP10372,T1000004045,2025-09-18,attempt_failed,card_expired
AP10373,T1000004045,2025-09-21,attempt_failed,card_expired
AP10374,T1000004045,2025-10-18,attempt_success,
AP10375,T1000004045,2025-11-17,attempt_failed,bank_declined
AP10376,T1000004045,2025-11-20,attempt_success,
AP10377,T1000004045,2025-12-17,attempt_success,
AP10378,T1000004045,2026-01-16,attempt_failed,insufficient_funds
AP10379,T1000004045,2026-01-19,attempt_failed,insufficient_funds
AP10380,T1000004045,2026-02-15,attempt_success,
AP10381,T1000004045,2026-03-17,attempt_success,
AP10382,T1000004045,2026-04-16,attempt_success,
AP10383,T1000004045,2026-05-16,attempt_success,
AP10384,T1000004045,2026-06-15,attempt_success,
AP10385,T1000004046,2025-08-12,attempt_success,
AP10386,T1000004046,2025-11-11,attempt_success,
AP10387,T1000004046,2026-02-10,attempt_success,
AP10388,T1000004046,2026-05-12,attempt_success,
AP10389,T1000004048,2025-08-30,attempt_success,
AP10390,T1000004048,2025-11-29,attempt_failed,card_expired
AP10391,T1000004048,2025-12-02,attempt_failed,card_expired
AP10392,T1000004048,2026-02-28,attempt_success,
AP10393,T1000004048,2026-05-30,attempt_success,
AP10394,T1000004050,2025-09-22,attempt_failed,bank_declined
AP10395,T1000004050,2025-09-25,attempt_success,
AP10396,T1000004050,2025-10-22,attempt_success,
AP10397,T1000004050,2025-11-21,attempt_success,
AP10398,T1000004050,2025-12-21,attempt_success,
AP10399,T1000004050,2026-01-20,attempt_success,
AP10400,T1000004050,2026-02-19,attempt_success,
AP10401,T1000004050,2026-03-21,attempt_success,
AP10402,T1000004050,2026-04-20,attempt_success,
AP10403,T1000004050,2026-05-20,attempt_failed,card_expired
AP10404,T1000004050,2026-05-23,attempt_success,
AP10405,T1000004050,2026-06-19,attempt_success,
AP10406,T1000004051,2025-09-17,attempt_success,
AP10407,T1000004051,2025-10-17,attempt_success,
AP10408,T1000004051,2025-11-16,attempt_failed,insufficient_funds
AP10409,T1000004051,2025-11-19,attempt_success,
AP10410,T1000004051,2025-12-16,attempt_success,
AP10411,T1000004051,2026-01-15,attempt_success,
AP10412,T1000004051,2026-02-14,attempt_success,
AP10413,T1000004051,2026-03-16,attempt_success,
AP10414,T1000004051,2026-04-15,attempt_success,
AP10415,T1000004051,2026-05-15,attempt_success,
AP10416,T1000004051,2026-06-14,attempt_success,
AP10417,T1000004055,2025-08-31,attempt_success,
AP10418,T1000004055,2025-09-30,attempt_failed,insufficient_funds
AP10419,T1000004055,2025-10-03,attempt_failed,insufficient_funds
AP10420,T1000004055,2025-10-30,attempt_success,
AP10421,T1000004055,2025-11-29,attempt_success,
AP10422,T1000004055,2025-12-29,attempt_success,
AP10423,T1000004055,2026-01-28,attempt_success,
AP10424,T1000004055,2026-02-27,attempt_success,
AP10425,T1000004055,2026-03-29,attempt_success,
AP10426,T1000004055,2026-04-28,attempt_success,
AP10427,T1000004055,2026-05-28,attempt_success,
AP10428,T1000004055,2026-06-27,attempt_success,
AP10429,T1000004057,2025-09-02,attempt_success,
AP10430,T1000004057,2025-10-02,attempt_success,
AP10431,T1000004057,2025-11-01,attempt_success,
AP10432,T1000004057,2025-12-01,attempt_success,
AP10433,T1000004057,2025-12-31,attempt_success,
AP10434,T1000004057,2026-01-30,attempt_success,
AP10435,T1000004057,2026-03-01,attempt_success,
AP10436,T1000004057,2026-03-31,attempt_success,
AP10437,T1000004057,2026-04-30,attempt_failed,bank_declined
AP10438,T1000004057,2026-05-03,attempt_success,
AP10439,T1000004057,2026-05-30,attempt_success,
AP10440,T1000004057,2026-06-29,attempt_success,
AP10441,T1000004062,2025-06-18,attempt_success,
AP10442,T1000004062,2025-12-17,attempt_success,
AP10443,T1000004062,2026-06-17,attempt_success,
AP10444,T1000004068,2025-08-12,attempt_success,
AP10445,T1000004068,2025-11-11,attempt_success,
AP10446,T1000004068,2026-02-10,attempt_success,
AP10447,T1000004068,2026-05-12,attempt_success,
AP10448,T1000004069,2025-09-17,attempt_failed,bank_declined
AP10449,T1000004069,2025-09-20,attempt_success,
AP10450,T1000004069,2025-10-17,attempt_success,
AP10451,T1000004069,2025-11-16,attempt_success,
AP10452,T1000004069,2025-12-16,attempt_success,
AP10453,T1000004069,2026-01-15,attempt_failed,insufficient_funds
AP10454,T1000004069,2026-01-18,attempt_success,
AP10455,T1000004069,2026-02-14,attempt_success,
AP10456,T1000004069,2026-03-16,attempt_success,
AP10457,T1000004069,2026-04-15,attempt_success,
AP10458,T1000004069,2026-05-15,attempt_success,
AP10459,T1000004069,2026-06-14,attempt_success,
AP10460,T1000004070,2025-09-16,attempt_failed,bank_declined
AP10461,T1000004070,2025-09-19,attempt_success,
AP10462,T1000004070,2025-10-16,attempt_success,
AP10463,T1000004070,2025-11-15,attempt_success,
AP10464,T1000004070,2025-12-15,attempt_success,
AP10465,T1000004070,2026-01-14,attempt_success,
AP10466,T1000004070,2026-02-13,attempt_success,
AP10467,T1000004070,2026-03-15,attempt_success,
AP10468,T1000004070,2026-04-14,attempt_success,
AP10469,T1000004070,2026-05-14,attempt_success,
AP10470,T1000004070,2026-06-13,attempt_success,
AP10471,T1000004071,2025-09-27,attempt_success,
AP10472,T1000004071,2026-03-28,attempt_success,
AP10473,T1000004074,2025-09-13,attempt_success,
AP10474,T1000004074,2025-10-13,attempt_success,
AP10475,T1000004074,2025-11-12,attempt_success,
AP10476,T1000004074,2025-12-12,attempt_success,
AP10477,T1000004074,2026-01-11,attempt_failed,card_expired
AP10478,T1000004074,2026-01-14,attempt_failed,card_expired
AP10479,T1000004074,2026-02-10,attempt_success,
AP10480,T1000004074,2026-03-12,attempt_success,
AP10481,T1000004074,2026-04-11,attempt_success,
AP10482,T1000004074,2026-05-11,attempt_success,
AP10483,T1000004074,2026-06-10,attempt_failed,bank_declined
AP10484,T1000004074,2026-06-13,attempt_success,
AP10485,T1000004075,2025-09-09,attempt_success,
AP10486,T1000004075,2025-10-09,attempt_success,
AP10487,T1000004075,2025-11-08,attempt_success,
AP10488,T1000004075,2025-12-08,attempt_success,
AP10489,T1000004075,2026-01-07,attempt_failed,insufficient_funds
AP10490,T1000004075,2026-01-10,attempt_success,
AP10491,T1000004075,2026-02-06,attempt_success,
AP10492,T1000004075,2026-03-08,attempt_success,
AP10493,T1000004075,2026-04-07,attempt_success,
AP10494,T1000004075,2026-05-07,attempt_success,
AP10495,T1000004075,2026-06-06,attempt_success,
AP10496,T1000004076,2025-07-16,attempt_success,
AP10497,T1000004076,2026-01-14,attempt_success,
AP10498,T1000004077,2025-09-21,attempt_success,
AP10499,T1000004077,2025-10-21,attempt_success,
AP10500,T1000004077,2025-11-20,attempt_success,
AP10501,T1000004077,2025-12-20,attempt_success,
AP10502,T1000004077,2026-01-19,attempt_failed,bank_declined
AP10503,T1000004077,2026-01-22,attempt_failed,bank_declined
AP10504,T1000004077,2026-02-18,attempt_success,
AP10505,T1000004077,2026-03-20,attempt_success,
AP10506,T1000004077,2026-04-19,attempt_failed,insufficient_funds
AP10507,T1000004077,2026-04-22,attempt_success,
AP10508,T1000004077,2026-05-19,attempt_success,
AP10509,T1000004077,2026-06-18,attempt_failed,card_expired
AP10510,T1000004077,2026-06-21,attempt_failed,card_expired
AP10511,T1000004078,2025-08-22,attempt_success,
AP10512,T1000004078,2025-11-21,attempt_success,
AP10513,T1000004078,2026-02-20,attempt_success,
AP10514,T1000004078,2026-05-22,attempt_success,
AP10515,T1000004081,2024-10-01,attempt_success,
AP10516,T1000004081,2025-10-01,attempt_success,
AP10517,T1000004082,2025-09-18,attempt_failed,insufficient_funds
AP10518,T1000004082,2025-09-21,attempt_success,
AP10519,T1000004082,2025-10-18,attempt_success,
AP10520,T1000004082,2025-11-17,attempt_success,
AP10521,T1000004082,2025-12-17,attempt_success,
AP10522,T1000004082,2026-01-16,attempt_success,
AP10523,T1000004082,2026-02-15,attempt_success,
AP10524,T1000004082,2026-03-17,attempt_success,
AP10525,T1000004082,2026-04-16,attempt_success,
AP10526,T1000004082,2026-05-16,attempt_success,
AP10527,T1000004082,2026-06-15,attempt_success,
AP10528,T1000004084,2025-04-18,attempt_success,
AP10529,T1000004084,2025-10-17,attempt_success,
AP10530,T1000004084,2026-04-17,attempt_success,
AP10531,T1000004085,2025-09-16,attempt_failed,card_expired
AP10532,T1000004085,2025-09-19,attempt_success,
AP10533,T1000004085,2025-10-16,attempt_failed,insufficient_funds
AP10534,T1000004085,2025-10-19,attempt_success,
AP10535,T1000004085,2025-11-15,attempt_success,
AP10536,T1000004085,2025-12-15,attempt_success,
AP10537,T1000004085,2026-01-14,attempt_success,
AP10538,T1000004085,2026-02-13,attempt_success,
AP10539,T1000004085,2026-03-15,attempt_success,
AP10540,T1000004085,2026-04-14,attempt_failed,bank_declined
AP10541,T1000004085,2026-04-17,attempt_success,
AP10542,T1000004085,2026-05-14,attempt_success,
AP10543,T1000004085,2026-06-13,attempt_success,
AP10544,T1000004089,2025-09-25,attempt_success,
AP10545,T1000004089,2025-12-25,attempt_success,
AP10546,T1000004089,2026-03-26,attempt_success,
AP10547,T1000004089,2026-06-25,attempt_success,
AP10548,T1000004096,2025-09-29,attempt_success,
AP10549,T1000004096,2025-10-29,attempt_success,
AP10550,T1000004096,2025-11-28,attempt_success,
AP10551,T1000004096,2025-12-28,attempt_success,
AP10552,T1000004096,2026-01-27,attempt_success,
AP10553,T1000004096,2026-02-26,attempt_success,
AP10554,T1000004096,2026-03-28,attempt_success,
AP10555,T1000004096,2026-04-27,attempt_success,
AP10556,T1000004096,2026-05-27,attempt_success,
AP10557,T1000004096,2026-06-26,attempt_success,
AP10558,T1000004100,2025-05-31,attempt_success,
AP10559,T1000004100,2025-11-29,attempt_success,
AP10560,T1000004100,2026-05-30,attempt_success,
AP10561,T1000004101,2025-09-19,attempt_success,
AP10562,T1000004101,2025-10-19,attempt_success,
AP10563,T1000004101,2025-11-18,attempt_success,
AP10564,T1000004101,2025-12-18,attempt_success,
AP10565,T1000004101,2026-01-17,attempt_success,
AP10566,T1000004101,2026-02-16,attempt_success,
AP10567,T1000004101,2026-03-18,attempt_success,
AP10568,T1000004101,2026-04-17,attempt_failed,card_expired
AP10569,T1000004101,2026-04-20,attempt_success,
AP10570,T1000004101,2026-05-17,attempt_success,
AP10571,T1000004101,2026-06-16,attempt_success,
AP10572,T1000004102,2025-07-30,attempt_failed,card_expired
AP10573,T1000004102,2025-08-02,attempt_success,
AP10574,T1000004102,2026-01-28,attempt_failed,insufficient_funds
AP10575,T1000004102,2026-01-31,attempt_failed,insufficient_funds
AP10576,T1000004104,2024-12-16,attempt_success,
AP10577,T1000004104,2025-12-16,attempt_success,
AP10578,T1000004105,2025-09-29,attempt_success,
AP10579,T1000004105,2025-10-29,attempt_success,
AP10580,T1000004105,2025-11-28,attempt_success,
AP10581,T1000004105,2025-12-28,attempt_success,
AP10582,T1000004105,2026-01-27,attempt_success,
AP10583,T1000004105,2026-02-26,attempt_success,
AP10584,T1000004105,2026-03-28,attempt_success,
AP10585,T1000004105,2026-04-27,attempt_success,
AP10586,T1000004105,2026-05-27,attempt_failed,insufficient_funds
AP10587,T1000004105,2026-05-30,attempt_failed,insufficient_funds
AP10588,T1000004105,2026-06-26,attempt_success,
AP10589,T1000004106,2025-09-08,attempt_success,
AP10590,T1000004106,2025-10-08,attempt_success,
AP10591,T1000004106,2025-11-07,attempt_failed,bank_declined
AP10592,T1000004106,2025-11-10,attempt_success,
AP10593,T1000004106,2025-12-07,attempt_success,
AP10594,T1000004106,2026-01-06,attempt_success,
AP10595,T1000004106,2026-02-05,attempt_success,
AP10596,T1000004106,2026-03-07,attempt_failed,bank_declined
AP10597,T1000004106,2026-03-10,attempt_success,
AP10598,T1000004106,2026-04-06,attempt_success,
AP10599,T1000004106,2026-05-06,attempt_success,
AP10600,T1000004106,2026-06-05,attempt_success,
AP10601,T1000004111,2025-08-02,attempt_success,
AP10602,T1000004114,2025-09-20,attempt_success,
AP10603,T1000004114,2025-10-20,attempt_success,
AP10604,T1000004114,2025-11-19,attempt_success,
AP10605,T1000004114,2025-12-19,attempt_failed,insufficient_funds
AP10606,T1000004114,2025-12-22,attempt_success,
AP10607,T1000004114,2026-01-18,attempt_success,
AP10608,T1000004114,2026-02-17,attempt_success,
AP10609,T1000004114,2026-03-19,attempt_failed,insufficient_funds
AP10610,T1000004114,2026-03-22,attempt_failed,insufficient_funds
AP10611,T1000004114,2026-04-18,attempt_failed,bank_declined
AP10612,T1000004114,2026-04-21,attempt_success,
AP10613,T1000004114,2026-05-18,attempt_success,
AP10614,T1000004114,2026-06-17,attempt_success,
AP10615,T1000004117,2025-05-21,attempt_success,
AP10616,T1000004117,2025-11-19,attempt_success,
AP10617,T1000004117,2026-05-20,attempt_success,
AP10618,T1000004118,2025-07-01,attempt_success,
AP10619,T1000004118,2025-09-30,attempt_success,
AP10620,T1000004118,2025-12-30,attempt_success,
AP10621,T1000004118,2026-03-31,attempt_success,
AP10622,T1000004118,2026-06-30,attempt_success,
AP10623,T1000004120,2025-09-26,attempt_success,
AP10624,T1000004120,2025-10-26,attempt_success,
AP10625,T1000004120,2025-11-25,attempt_success,
AP10626,T1000004120,2025-12-25,attempt_success,
AP10627,T1000004120,2026-01-24,attempt_success,
AP10628,T1000004120,2026-02-23,attempt_failed,insufficient_funds
AP10629,T1000004120,2026-02-26,attempt_success,
AP10630,T1000004120,2026-03-25,attempt_success,
AP10631,T1000004120,2026-04-24,attempt_success,
AP10632,T1000004120,2026-05-24,attempt_success,
AP10633,T1000004120,2026-06-23,attempt_success,
AP10634,T1000004121,2025-08-24,attempt_success,
AP10635,T1000004121,2026-02-22,attempt_failed,insufficient_funds
AP10636,T1000004121,2026-02-25,attempt_success,
AP10637,T1000004122,2025-07-21,attempt_success,
AP10638,T1000004123,2025-09-24,attempt_success,
AP10639,T1000004123,2025-10-24,attempt_failed,card_expired
AP10640,T1000004123,2025-10-27,attempt_success,
AP10641,T1000004123,2025-11-23,attempt_success,
AP10642,T1000004123,2025-12-23,attempt_success,
AP10643,T1000004123,2026-01-22,attempt_failed,bank_declined
AP10644,T1000004123,2026-01-25,attempt_failed,bank_declined
AP10645,T1000004123,2026-02-21,attempt_failed,card_expired
AP10646,T1000004123,2026-02-24,attempt_success,
AP10647,T1000004123,2026-03-23,attempt_success,
AP10648,T1000004123,2026-04-22,attempt_success,
AP10649,T1000004123,2026-05-22,attempt_success,
AP10650,T1000004123,2026-06-21,attempt_success,
AP10651,T1000004124,2025-09-08,attempt_failed,insufficient_funds
AP10652,T1000004124,2025-09-11,attempt_success,
AP10653,T1000004124,2025-10-08,attempt_success,
AP10654,T1000004124,2025-11-07,attempt_success,
AP10655,T1000004124,2025-12-07,attempt_success,
AP10656,T1000004124,2026-01-06,attempt_success,
AP10657,T1000004124,2026-02-05,attempt_success,
AP10658,T1000004124,2026-03-07,attempt_success,
AP10659,T1000004124,2026-04-06,attempt_success,
AP10660,T1000004124,2026-05-06,attempt_success,
AP10661,T1000004124,2026-06-05,attempt_failed,card_expired
AP10662,T1000004124,2026-06-08,attempt_success,
AP10663,T1000004125,2025-09-27,attempt_failed,card_expired
AP10664,T1000004125,2025-09-30,attempt_success,
AP10665,T1000004127,2024-10-19,attempt_success,
AP10666,T1000004127,2025-10-19,attempt_success,
AP10667,T1000004128,2025-07-01,attempt_success,
AP10668,T1000004135,2025-09-03,attempt_success,
AP10669,T1000004135,2025-10-03,attempt_success,
AP10670,T1000004135,2025-11-02,attempt_success,
AP10671,T1000004135,2025-12-02,attempt_success,
AP10672,T1000004135,2026-01-01,attempt_failed,insufficient_funds
AP10673,T1000004135,2026-01-04,attempt_success,
AP10674,T1000004135,2026-01-31,attempt_success,
AP10675,T1000004135,2026-03-02,attempt_success,
AP10676,T1000004135,2026-04-01,attempt_success,
AP10677,T1000004135,2026-05-01,attempt_success,
AP10678,T1000004135,2026-05-31,attempt_success,
AP10679,T1000004135,2026-06-30,attempt_success,
AP10680,T1000004136,2025-03-31,attempt_success,
AP10681,T1000004136,2026-03-31,attempt_success,
AP10682,T1000004139,2025-04-21,attempt_failed,insufficient_funds
AP10683,T1000004139,2025-04-24,attempt_success,
AP10684,T1000004139,2025-10-20,attempt_success,
AP10685,T1000004139,2026-04-20,attempt_success,
AP10686,T1000004148,2025-07-06,attempt_success,
AP10687,T1000004148,2025-10-05,attempt_success,
AP10688,T1000004148,2026-01-04,attempt_success,
AP10689,T1000004148,2026-04-05,attempt_success,
AP10690,T1000004151,2025-09-10,attempt_success,
AP10691,T1000004151,2025-10-10,attempt_success,
AP10692,T1000004151,2025-11-09,attempt_success,
AP10693,T1000004151,2025-12-09,attempt_success,
AP10694,T1000004151,2026-01-08,attempt_success,
AP10695,T1000004151,2026-02-07,attempt_success,
AP10696,T1000004151,2026-03-09,attempt_success,
AP10697,T1000004151,2026-04-08,attempt_failed,card_expired
AP10698,T1000004151,2026-04-11,attempt_success,
AP10699,T1000004151,2026-05-08,attempt_success,
AP10700,T1000004151,2026-06-07,attempt_success,
AP10701,T1000004153,2025-06-29,attempt_success,
AP10702,T1000004153,2026-06-29,attempt_failed,bank_declined
AP10703,T1000004153,2026-07-02,attempt_failed,bank_declined
AP10704,T1000004161,2025-08-08,attempt_success,
AP10705,T1000004161,2025-11-07,attempt_success,
AP10706,T1000004161,2026-02-06,attempt_success,
AP10707,T1000004161,2026-05-08,attempt_success,
AP10708,T1000004164,2025-09-04,attempt_success,
AP10709,T1000004164,2025-10-04,attempt_success,
AP10710,T1000004164,2025-11-03,attempt_success,
AP10711,T1000004164,2025-12-03,attempt_success,
AP10712,T1000004164,2026-01-02,attempt_success,
AP10713,T1000004164,2026-02-01,attempt_success,
AP10714,T1000004164,2026-03-03,attempt_success,
AP10715,T1000004164,2026-04-02,attempt_success,
AP10716,T1000004164,2026-05-02,attempt_success,
AP10717,T1000004164,2026-06-01,attempt_success,
AP10718,T1000004170,2025-06-30,attempt_failed,insufficient_funds
AP10719,T1000004170,2025-07-03,attempt_success,
AP10720,T1000004170,2026-06-30,attempt_success,
AP10721,T1000004172,2025-09-08,attempt_success,
AP10722,T1000004172,2025-10-08,attempt_success,
AP10723,T1000004172,2025-11-07,attempt_failed,insufficient_funds
AP10724,T1000004172,2025-11-10,attempt_success,
AP10725,T1000004172,2025-12-07,attempt_success,
AP10726,T1000004172,2026-01-06,attempt_success,
AP10727,T1000004172,2026-02-05,attempt_success,
AP10728,T1000004172,2026-03-07,attempt_success,
AP10729,T1000004172,2026-04-06,attempt_success,
AP10730,T1000004172,2026-05-06,attempt_success,
AP10731,T1000004172,2026-06-05,attempt_success,
AP10732,T1000004173,2025-09-25,attempt_success,
AP10733,T1000004173,2025-10-25,attempt_success,
AP10734,T1000004173,2025-11-24,attempt_success,
AP10735,T1000004173,2025-12-24,attempt_success,
AP10736,T1000004173,2026-01-23,attempt_success,
AP10737,T1000004173,2026-02-22,attempt_success,
AP10738,T1000004173,2026-03-24,attempt_success,
AP10739,T1000004173,2026-04-23,attempt_failed,insufficient_funds
AP10740,T1000004173,2026-04-26,attempt_success,
AP10741,T1000004173,2026-05-23,attempt_success,
AP10742,T1000004173,2026-06-22,attempt_success,
AP10743,T1000004176,2025-07-23,attempt_success,
AP10744,T1000004176,2025-10-22,attempt_success,
AP10745,T1000004176,2026-01-21,attempt_success,
AP10746,T1000004176,2026-04-22,attempt_failed,bank_declined
AP10747,T1000004176,2026-04-25,attempt_failed,bank_declined
AP10748,T1000004177,2025-07-31,attempt_success,
AP10749,T1000004177,2025-10-30,attempt_success,
AP10750,T1000004177,2026-01-29,attempt_success,
AP10751,T1000004177,2026-04-30,attempt_success,
AP10752,T1000004178,2025-09-20,attempt_success,
AP10753,T1000004178,2025-10-20,attempt_success,
AP10754,T1000004178,2025-11-19,attempt_success,
AP10755,T1000004178,2025-12-19,attempt_failed,insufficient_funds
AP10756,T1000004178,2025-12-22,attempt_success,
AP10757,T1000004178,2026-01-18,attempt_success,
AP10758,T1000004178,2026-02-17,attempt_success,
AP10759,T1000004178,2026-03-19,attempt_success,
AP10760,T1000004178,2026-04-18,attempt_success,
AP10761,T1000004178,2026-05-18,attempt_success,
AP10762,T1000004178,2026-06-17,attempt_success,
AP10763,T1000004179,2025-09-21,attempt_success,
AP10764,T1000004179,2025-10-21,attempt_success,
AP10765,T1000004179,2025-11-20,attempt_success,
AP10766,T1000004179,2025-12-20,attempt_failed,insufficient_funds
AP10767,T1000004179,2025-12-23,attempt_success,
AP10768,T1000004179,2026-01-19,attempt_failed,bank_declined
AP10769,T1000004179,2026-01-22,attempt_success,
AP10770,T1000004179,2026-02-18,attempt_success,
AP10771,T1000004179,2026-03-20,attempt_success,
AP10772,T1000004179,2026-04-19,attempt_success,
AP10773,T1000004179,2026-05-19,attempt_success,
AP10774,T1000004179,2026-06-18,attempt_success,
AP10775,T1000004185,2025-09-14,attempt_success,
AP10776,T1000004185,2025-10-14,attempt_success,
AP10777,T1000004185,2025-11-13,attempt_success,
AP10778,T1000004185,2025-12-13,attempt_failed,insufficient_funds
AP10779,T1000004185,2025-12-16,attempt_success,
AP10780,T1000004185,2026-01-12,attempt_success,
AP10781,T1000004185,2026-02-11,attempt_failed,bank_declined
AP10782,T1000004185,2026-02-14,attempt_failed,bank_declined
AP10783,T1000004185,2026-03-13,attempt_success,
AP10784,T1000004185,2026-04-12,attempt_success,
AP10785,T1000004185,2026-05-12,attempt_success,
AP10786,T1000004185,2026-06-11,attempt_success,
AP10787,T1000004186,2025-09-05,attempt_success,
AP10788,T1000004186,2025-10-05,attempt_success,
AP10789,T1000004186,2025-11-04,attempt_failed,card_expired
AP10790,T1000004186,2025-11-07,attempt_success,
AP10791,T1000004186,2025-12-04,attempt_success,
AP10792,T1000004186,2026-01-03,attempt_success,
AP10793,T1000004186,2026-02-02,attempt_success,
AP10794,T1000004186,2026-03-04,attempt_success,
AP10795,T1000004186,2026-04-03,attempt_success,
AP10796,T1000004186,2026-05-03,attempt_success,
AP10797,T1000004186,2026-06-02,attempt_success,
AP10798,T1000004187,2025-08-27,attempt_success,
AP10799,T1000004187,2025-11-26,attempt_success,
AP10800,T1000004187,2026-02-25,attempt_success,
AP10801,T1000004187,2026-05-27,attempt_success,
AP10802,T1000004188,2025-09-19,attempt_success,
AP10803,T1000004188,2025-12-19,attempt_success,
AP10804,T1000004188,2026-03-20,attempt_success,
AP10805,T1000004188,2026-06-19,attempt_failed,card_expired
AP10806,T1000004188,2026-06-22,attempt_success,
AP10807,T1000004190,2025-07-12,attempt_success,
AP10808,T1000004190,2026-01-10,attempt_failed,bank_declined
AP10809,T1000004190,2026-01-13,attempt_success,
AP10810,T1000004191,2025-09-04,attempt_success,
AP10811,T1000004191,2025-10-04,attempt_success,
AP10812,T1000004191,2025-11-03,attempt_success,
AP10813,T1000004191,2025-12-03,attempt_success,
AP10814,T1000004191,2026-01-02,attempt_success,
AP10815,T1000004191,2026-02-01,attempt_success,
AP10816,T1000004191,2026-03-03,attempt_success,
AP10817,T1000004191,2026-04-02,attempt_success,
AP10818,T1000004191,2026-05-02,attempt_success,
AP10819,T1000004191,2026-06-01,attempt_success,
AP10820,T1000004192,2025-02-26,attempt_success,
AP10821,T1000004192,2026-02-26,attempt_success,
AP10822,T1000004194,2025-04-10,attempt_success,
AP10823,T1000004194,2026-04-10,attempt_success,
AP10824,T1000004196,2025-07-14,attempt_success,
AP10825,T1000004196,2025-10-13,attempt_success,
AP10826,T1000004196,2026-01-12,attempt_success,
AP10827,T1000004196,2026-04-13,attempt_success,
AP10828,T1000004197,2024-12-04,attempt_success,
AP10829,T1000004197,2025-12-04,attempt_success,
AP10830,T1000004198,2025-09-13,attempt_success,
AP10831,T1000004198,2025-10-13,attempt_success,
AP10832,T1000004198,2025-11-12,attempt_success,
AP10833,T1000004198,2025-12-12,attempt_success,
AP10834,T1000004198,2026-01-11,attempt_success,
AP10835,T1000004198,2026-02-10,attempt_success,
AP10836,T1000004198,2026-03-12,attempt_success,
AP10837,T1000004198,2026-04-11,attempt_success,
AP10838,T1000004198,2026-05-11,attempt_success,
AP10839,T1000004198,2026-06-10,attempt_success,
AP10840,T1000004199,2025-09-16,attempt_success,
AP10841,T1000004199,2025-10-16,attempt_success,
AP10842,T1000004199,2025-11-15,attempt_success,
AP10843,T1000004199,2025-12-15,attempt_success,
AP10844,T1000004199,2026-01-14,attempt_failed,bank_declined
AP10845,T1000004199,2026-01-17,attempt_failed,bank_declined
AP10846,T1000004199,2026-02-13,attempt_success,
AP10847,T1000004199,2026-03-15,attempt_success,
AP10848,T1000004199,2026-04-14,attempt_success,
AP10849,T1000004199,2026-05-14,attempt_success,
AP10850,T1000004199,2026-06-13,attempt_success,
AP10851,T1000004200,2025-08-14,attempt_success,
AP10852,T1000004200,2026-02-12,attempt_failed,card_expired
AP10853,T1000004200,2026-02-15,attempt_success,
AP10854,T1000004202,2025-09-27,attempt_success,
AP10855,T1000004202,2025-12-27,attempt_failed,bank_declined
AP10856,T1000004202,2025-12-30,attempt_success,
AP10857,T1000004202,2026-03-28,attempt_success,
AP10858,T1000004202,2026-06-27,attempt_success,
AP10859,T1000004204,2025-09-22,attempt_success,
AP10860,T1000004204,2025-10-22,attempt_success,
AP10861,T1000004204,2025-11-21,attempt_success,
AP10862,T1000004204,2025-12-21,attempt_success,
AP10863,T1000004204,2026-01-20,attempt_success,
AP10864,T1000004204,2026-02-19,attempt_success,
AP10865,T1000004204,2026-03-21,attempt_success,
AP10866,T1000004204,2026-04-20,attempt_success,
AP10867,T1000004204,2026-05-20,attempt_success,
AP10868,T1000004204,2026-06-19,attempt_success,
AP10869,T1000004205,2025-07-28,attempt_success,
AP10870,T1000004208,2025-05-01,attempt_success,
AP10871,T1000004208,2025-10-30,attempt_failed,bank_declined
AP10872,T1000004208,2025-11-02,attempt_success,
AP10873,T1000004208,2026-04-30,attempt_success,
AP10874,T1000004209,2025-07-04,attempt_success,
AP10875,T1000004209,2025-10-03,attempt_success,
AP10876,T1000004209,2026-01-02,attempt_success,
AP10877,T1000004209,2026-04-03,attempt_failed,insufficient_funds
AP10878,T1000004209,2026-04-06,attempt_failed,insufficient_funds
AP10879,T1000004210,2025-09-09,attempt_success,
AP10880,T1000004210,2025-10-09,attempt_success,
AP10881,T1000004210,2025-11-08,attempt_success,
AP10882,T1000004210,2025-12-08,attempt_success,
AP10883,T1000004210,2026-01-07,attempt_success,
AP10884,T1000004210,2026-02-06,attempt_success,
AP10885,T1000004210,2026-03-08,attempt_success,
AP10886,T1000004210,2026-04-07,attempt_failed,insufficient_funds
AP10887,T1000004210,2026-04-10,attempt_success,
AP10888,T1000004210,2026-05-07,attempt_success,
AP10889,T1000004210,2026-06-06,attempt_success,
AP10890,T1000004211,2025-05-21,attempt_success,
AP10891,T1000004211,2025-11-19,attempt_success,
AP10892,T1000004211,2026-05-20,attempt_failed,insufficient_funds
AP10893,T1000004211,2026-05-23,attempt_success,
AP10894,T1000004212,2025-09-18,attempt_success,
AP10895,T1000004212,2025-10-18,attempt_success,
AP10896,T1000004212,2025-11-17,attempt_success,
AP10897,T1000004212,2025-12-17,attempt_success,
AP10898,T1000004212,2026-01-16,attempt_success,
AP10899,T1000004212,2026-02-15,attempt_failed,bank_declined
AP10900,T1000004212,2026-02-18,attempt_failed,bank_declined
AP10901,T1000004212,2026-03-17,attempt_success,
AP10902,T1000004212,2026-04-16,attempt_success,
AP10903,T1000004212,2026-05-16,attempt_success,
AP10904,T1000004212,2026-06-15,attempt_success,
AP10905,T1000004219,2025-09-04,attempt_failed,bank_declined
AP10906,T1000004219,2025-09-07,attempt_failed,bank_declined
AP10907,T1000004219,2025-10-04,attempt_success,
AP10908,T1000004219,2025-11-03,attempt_success,
AP10909,T1000004219,2025-12-03,attempt_success,
AP10910,T1000004219,2026-01-02,attempt_success,
AP10911,T1000004219,2026-02-01,attempt_success,
AP10912,T1000004219,2026-03-03,attempt_failed,insufficient_funds
AP10913,T1000004219,2026-03-06,attempt_success,
AP10914,T1000004219,2026-04-02,attempt_success,
AP10915,T1000004219,2026-05-02,attempt_success,
AP10916,T1000004219,2026-06-01,attempt_success,
AP10917,T1000004221,2025-09-06,attempt_success,
AP10918,T1000004221,2025-12-06,attempt_success,
AP10919,T1000004221,2026-03-07,attempt_success,
AP10920,T1000004221,2026-06-06,attempt_success,
AP10921,T1000004222,2025-05-14,attempt_success,
AP10922,T1000004222,2026-05-14,attempt_success,
AP10923,T1000004223,2025-07-20,attempt_success,
AP10924,T1000004223,2025-10-19,attempt_success,
AP10925,T1000004223,2026-01-18,attempt_success,
AP10926,T1000004223,2026-04-19,attempt_success,
AP10927,T1000004224,2025-08-20,attempt_success,
AP10928,T1000004224,2025-11-19,attempt_success,
AP10929,T1000004224,2026-02-18,attempt_success,
AP10930,T1000004224,2026-05-20,attempt_success,
AP10931,T1000004227,2025-06-12,attempt_failed,insufficient_funds
AP10932,T1000004227,2025-06-15,attempt_failed,insufficient_funds
AP10933,T1000004227,2025-12-11,attempt_success,
AP10934,T1000004227,2026-06-11,attempt_failed,insufficient_funds
AP10935,T1000004227,2026-06-14,attempt_success,
AP10936,T1000004229,2025-09-02,attempt_success,
AP10937,T1000004229,2025-10-02,attempt_success,
AP10938,T1000004229,2025-11-01,attempt_success,
AP10939,T1000004229,2025-12-01,attempt_success,
AP10940,T1000004229,2025-12-31,attempt_success,
AP10941,T1000004229,2026-01-30,attempt_success,
AP10942,T1000004229,2026-03-01,attempt_success,
AP10943,T1000004229,2026-03-31,attempt_failed,insufficient_funds
AP10944,T1000004229,2026-04-03,attempt_success,
AP10945,T1000004229,2026-04-30,attempt_success,
AP10946,T1000004229,2026-05-30,attempt_success,
AP10947,T1000004229,2026-06-29,attempt_success,
AP10948,T1000004234,2025-09-11,attempt_success,
AP10949,T1000004234,2025-10-11,attempt_success,
AP10950,T1000004234,2025-11-10,attempt_success,
AP10951,T1000004234,2025-12-10,attempt_failed,bank_declined
AP10952,T1000004234,2025-12-13,attempt_success,
AP10953,T1000004234,2026-01-09,attempt_success,
AP10954,T1000004234,2026-02-08,attempt_success,
AP10955,T1000004234,2026-03-10,attempt_success,
AP10956,T1000004234,2026-04-09,attempt_success,
AP10957,T1000004234,2026-05-09,attempt_success,
AP10958,T1000004234,2026-06-08,attempt_success,
AP10959,T1000004236,2025-06-13,attempt_success,
AP10960,T1000004236,2026-06-13,attempt_success,
AP10961,T1000004237,2025-09-12,attempt_failed,insufficient_funds
AP10962,T1000004237,2025-09-15,attempt_failed,insufficient_funds
AP10963,T1000004237,2025-10-12,attempt_success,
AP10964,T1000004237,2025-11-11,attempt_success,
AP10965,T1000004237,2025-12-11,attempt_success,
AP10966,T1000004237,2026-01-10,attempt_success,
AP10967,T1000004237,2026-02-09,attempt_success,
AP10968,T1000004237,2026-03-11,attempt_success,
AP10969,T1000004237,2026-04-10,attempt_success,
AP10970,T1000004237,2026-05-10,attempt_success,
AP10971,T1000004237,2026-06-09,attempt_success,
AP10972,T1000004244,2025-11-03,attempt_success,
AP10973,T1000004244,2026-02-02,attempt_success,
AP10974,T1000004244,2026-05-04,attempt_success,
AP10975,T1000004245,2025-08-29,attempt_success,
AP10976,T1000004245,2025-11-28,attempt_success,
AP10977,T1000004245,2026-02-27,attempt_failed,insufficient_funds
AP10978,T1000004245,2026-03-02,attempt_success,
AP10979,T1000004245,2026-05-29,attempt_success,
AP10980,T1000004248,2025-07-26,attempt_success,
AP10981,T1000004248,2026-01-24,attempt_success,
AP10982,T1000004250,2024-12-05,attempt_success,
AP10983,T1000004250,2025-12-05,attempt_success,
AP10984,T1000004251,2025-09-20,attempt_success,
AP10985,T1000004251,2025-10-20,attempt_success,
AP10986,T1000004251,2025-11-19,attempt_failed,insufficient_funds
AP10987,T1000004251,2025-11-22,attempt_success,
AP10988,T1000004251,2025-12-19,attempt_success,
AP10989,T1000004251,2026-01-18,attempt_success,
AP10990,T1000004251,2026-02-17,attempt_success,
AP10991,T1000004251,2026-03-19,attempt_success,
AP10992,T1000004251,2026-04-18,attempt_success,
AP10993,T1000004251,2026-05-18,attempt_success,
AP10994,T1000004251,2026-06-17,attempt_success,
AP10995,T1000004253,2025-08-14,attempt_success,
AP10996,T1000004253,2025-11-13,attempt_success,
AP10997,T1000004253,2026-02-12,attempt_success,
AP10998,T1000004253,2026-05-14,attempt_success,
AP10999,T1000004254,2024-12-02,attempt_success,
AP11000,T1000004254,2025-12-02,attempt_success,
AP11001,T1000004256,2024-12-06,attempt_success,
AP11002,T1000004256,2025-12-06,attempt_success,
AP11003,T1000004257,2025-09-24,attempt_success,
AP11004,T1000004257,2025-10-24,attempt_success,
AP11005,T1000004257,2025-11-23,attempt_success,
AP11006,T1000004257,2025-12-23,attempt_success,
AP11007,T1000004257,2026-01-22,attempt_success,
AP11008,T1000004257,2026-02-21,attempt_success,
AP11009,T1000004257,2026-03-23,attempt_success,
AP11010,T1000004257,2026-04-22,attempt_success,
AP11011,T1000004257,2026-05-22,attempt_success,
AP11012,T1000004257,2026-06-21,attempt_failed,bank_declined
AP11013,T1000004257,2026-06-24,attempt_success,
AP11014,T1000004261,2025-07-16,attempt_success,
AP11015,T1000004261,2025-10-15,attempt_success,
AP11016,T1000004261,2026-01-14,attempt_success,
AP11017,T1000004261,2026-04-15,attempt_success,
AP11018,T1000004264,2025-05-23,attempt_success,
AP11019,T1000004264,2026-05-23,attempt_success,
AP11020,T1000004266,2025-09-20,attempt_failed,insufficient_funds
AP11021,T1000004266,2025-09-23,attempt_success,
AP11022,T1000004266,2025-10-20,attempt_success,
AP11023,T1000004266,2025-11-19,attempt_success,
AP11024,T1000004266,2025-12-19,attempt_success,
AP11025,T1000004266,2026-01-18,attempt_success,
AP11026,T1000004266,2026-02-17,attempt_failed,insufficient_funds
AP11027,T1000004266,2026-02-20,attempt_success,
AP11028,T1000004266,2026-03-19,attempt_success,
AP11029,T1000004266,2026-04-18,attempt_success,
AP11030,T1000004266,2026-05-18,attempt_success,
AP11031,T1000004266,2026-06-17,attempt_success,
AP11032,T1000004267,2025-08-31,attempt_failed,insufficient_funds
AP11033,T1000004267,2025-09-03,attempt_success,
AP11034,T1000004267,2025-09-30,attempt_failed,card_expired
AP11035,T1000004267,2025-10-03,attempt_success,
AP11036,T1000004267,2025-10-30,attempt_success,
AP11037,T1000004267,2025-11-29,attempt_success,
AP11038,T1000004267,2025-12-29,attempt_success,
AP11039,T1000004267,2026-01-28,attempt_success,
AP11040,T1000004267,2026-02-27,attempt_success,
AP11041,T1000004267,2026-03-29,attempt_success,
AP11042,T1000004267,2026-04-28,attempt_success,
AP11043,T1000004267,2026-05-28,attempt_success,
AP11044,T1000004267,2026-06-27,attempt_failed,insufficient_funds
AP11045,T1000004267,2026-06-30,attempt_failed,insufficient_funds
AP11046,T1000004273,2025-09-01,attempt_success,
AP11047,T1000004273,2025-10-01,attempt_success,
AP11048,T1000004273,2025-10-31,attempt_success,
AP11049,T1000004273,2025-11-30,attempt_success,
AP11050,T1000004273,2025-12-30,attempt_failed,bank_declined
AP11051,T1000004273,2026-01-02,attempt_success,
AP11052,T1000004273,2026-01-29,attempt_success,
AP11053,T1000004273,2026-02-28,attempt_success,
AP11054,T1000004273,2026-03-30,attempt_success,
AP11055,T1000004273,2026-04-29,attempt_success,
AP11056,T1000004273,2026-05-29,attempt_success,
AP11057,T1000004273,2026-06-28,attempt_success,
AP11058,T1000004275,2025-05-04,attempt_success,
AP11059,T1000004275,2026-05-04,attempt_failed,card_expired
AP11060,T1000004275,2026-05-07,attempt_success,
AP11061,T1000004276,2025-09-10,attempt_success,
AP11062,T1000004277,2025-09-22,attempt_success,
AP11063,T1000004277,2025-10-22,attempt_success,
AP11064,T1000004277,2025-11-21,attempt_success,
AP11065,T1000004277,2025-12-21,attempt_success,
AP11066,T1000004277,2026-01-20,attempt_success,
AP11067,T1000004277,2026-02-19,attempt_success,
AP11068,T1000004277,2026-03-21,attempt_success,
AP11069,T1000004277,2026-04-20,attempt_success,
AP11070,T1000004277,2026-05-20,attempt_success,
AP11071,T1000004277,2026-06-19,attempt_success,
AP11072,T1000004280,2025-07-18,attempt_success,
AP11073,T1000004281,2025-08-14,attempt_success,
AP11074,T1000004281,2025-11-13,attempt_success,
AP11075,T1000004281,2026-02-12,attempt_success,
AP11076,T1000004281,2026-05-14,attempt_success,
AP11077,T1000004282,2025-07-23,attempt_success,
AP11078,T1000004282,2025-10-22,attempt_success,
AP11079,T1000004282,2026-01-21,attempt_success,
AP11080,T1000004282,2026-04-22,attempt_success,
AP11081,T1000004283,2025-09-22,attempt_success,
AP11082,T1000004283,2025-10-22,attempt_success,
AP11083,T1000004283,2025-11-21,attempt_success,
AP11084,T1000004283,2025-12-21,attempt_success,
AP11085,T1000004283,2026-01-20,attempt_failed,insufficient_funds
AP11086,T1000004283,2026-01-23,attempt_failed,insufficient_funds
AP11087,T1000004283,2026-02-19,attempt_success,
AP11088,T1000004283,2026-03-21,attempt_failed,card_expired
AP11089,T1000004283,2026-03-24,attempt_success,
AP11090,T1000004283,2026-04-20,attempt_success,
AP11091,T1000004283,2026-05-20,attempt_success,
AP11092,T1000004283,2026-06-19,attempt_success,
AP11093,T1000004288,2025-09-21,attempt_success,
AP11094,T1000004288,2025-10-21,attempt_success,
AP11095,T1000004288,2025-11-20,attempt_success,
AP11096,T1000004288,2025-12-20,attempt_success,
AP11097,T1000004288,2026-01-19,attempt_success,
AP11098,T1000004288,2026-02-18,attempt_failed,card_expired
AP11099,T1000004288,2026-02-21,attempt_failed,card_expired
AP11100,T1000004288,2026-03-20,attempt_success,
AP11101,T1000004288,2026-04-19,attempt_success,
AP11102,T1000004288,2026-05-19,attempt_success,
AP11103,T1000004288,2026-06-18,attempt_success,
AP11104,T1000004289,2025-09-14,attempt_success,
AP11105,T1000004289,2025-10-14,attempt_success,
AP11106,T1000004289,2025-11-13,attempt_success,
AP11107,T1000004289,2025-12-13,attempt_success,
AP11108,T1000004289,2026-01-12,attempt_success,
AP11109,T1000004289,2026-02-11,attempt_success,
AP11110,T1000004289,2026-03-13,attempt_failed,card_expired
AP11111,T1000004289,2026-03-16,attempt_success,
AP11112,T1000004289,2026-04-12,attempt_failed,card_expired
AP11113,T1000004289,2026-04-15,attempt_failed,card_expired
AP11114,T1000004289,2026-05-12,attempt_success,
AP11115,T1000004289,2026-06-11,attempt_success,
AP11116,T1000004291,2025-09-28,attempt_success,
AP11117,T1000004291,2025-10-28,attempt_success,
AP11118,T1000004291,2025-11-27,attempt_success,
AP11119,T1000004291,2025-12-27,attempt_success,
AP11120,T1000004291,2026-01-26,attempt_success,
AP11121,T1000004291,2026-02-25,attempt_success,
AP11122,T1000004291,2026-03-27,attempt_success,
AP11123,T1000004291,2026-04-26,attempt_success,
AP11124,T1000004291,2026-05-26,attempt_success,
AP11125,T1000004291,2026-06-25,attempt_failed,insufficient_funds
AP11126,T1000004291,2026-06-28,attempt_failed,insufficient_funds
AP11127,T1000004294,2025-09-18,attempt_success,
AP11128,T1000004294,2025-10-18,attempt_success,
AP11129,T1000004294,2025-11-17,attempt_success,
AP11130,T1000004294,2025-12-17,attempt_success,
AP11131,T1000004294,2026-01-16,attempt_success,
AP11132,T1000004294,2026-02-15,attempt_success,
AP11133,T1000004294,2026-03-17,attempt_success,
AP11134,T1000004294,2026-04-16,attempt_success,
AP11135,T1000004294,2026-05-16,attempt_success,
AP11136,T1000004294,2026-06-15,attempt_success,
AP11137,T1000004296,2025-06-07,attempt_success,
AP11138,T1000004296,2026-06-07,attempt_success,
AP11139,T1000004297,2025-09-24,attempt_success,
AP11140,T1000004297,2025-10-24,attempt_success,
AP11141,T1000004297,2025-11-23,attempt_success,
AP11142,T1000004297,2025-12-23,attempt_success,
AP11143,T1000004297,2026-01-22,attempt_success,
AP11144,T1000004297,2026-02-21,attempt_failed,card_expired
AP11145,T1000004297,2026-02-24,attempt_success,
AP11146,T1000004297,2026-03-23,attempt_success,
AP11147,T1000004297,2026-04-22,attempt_success,
AP11148,T1000004297,2026-05-22,attempt_failed,insufficient_funds
AP11149,T1000004297,2026-05-25,attempt_success,
AP11150,T1000004297,2026-06-21,attempt_success,
AP11151,T1000004298,2025-09-13,attempt_success,
AP11152,T1000004298,2025-10-13,attempt_success,
AP11153,T1000004298,2025-11-12,attempt_success,
AP11154,T1000004298,2025-12-12,attempt_success,
AP11155,T1000004298,2026-01-11,attempt_failed,insufficient_funds
AP11156,T1000004298,2026-01-14,attempt_failed,insufficient_funds
AP11157,T1000004298,2026-02-10,attempt_failed,bank_declined
AP11158,T1000004298,2026-02-13,attempt_success,
AP11159,T1000004298,2026-03-12,attempt_success,
AP11160,T1000004298,2026-04-11,attempt_success,
AP11161,T1000004298,2026-05-11,attempt_success,
AP11162,T1000004298,2026-06-10,attempt_success,
AP11163,T1000004303,2025-09-26,attempt_success,
AP11164,T1000004303,2025-10-26,attempt_failed,insufficient_funds
AP11165,T1000004303,2025-10-29,attempt_failed,insufficient_funds
AP11166,T1000004303,2025-11-25,attempt_success,
AP11167,T1000004303,2025-12-25,attempt_success,
AP11168,T1000004303,2026-01-24,attempt_success,
AP11169,T1000004303,2026-02-23,attempt_success,
AP11170,T1000004303,2026-03-25,attempt_success,
AP11171,T1000004303,2026-04-24,attempt_success,
AP11172,T1000004303,2026-05-24,attempt_success,
AP11173,T1000004303,2026-06-23,attempt_failed,bank_declined
AP11174,T1000004303,2026-06-26,attempt_success,
AP11175,T1000004305,2025-07-22,attempt_success,
AP11176,T1000004306,2025-09-29,attempt_success,
AP11177,T1000004306,2025-10-29,attempt_success,
AP11178,T1000004306,2025-11-28,attempt_success,
AP11179,T1000004306,2025-12-28,attempt_success,
AP11180,T1000004306,2026-01-27,attempt_success,
AP11181,T1000004306,2026-02-26,attempt_success,
AP11182,T1000004306,2026-03-28,attempt_success,
AP11183,T1000004306,2026-04-27,attempt_success,
AP11184,T1000004306,2026-05-27,attempt_success,
AP11185,T1000004306,2026-06-26,attempt_failed,insufficient_funds
AP11186,T1000004306,2026-06-29,attempt_success,
AP11187,T1000004309,2025-09-04,attempt_success,
AP11188,T1000004309,2025-12-04,attempt_success,
AP11189,T1000004309,2026-03-05,attempt_success,
AP11190,T1000004309,2026-06-04,attempt_success,
AP11191,T1000004313,2025-09-04,attempt_success,
AP11192,T1000004313,2025-10-04,attempt_success,
AP11193,T1000004313,2025-11-03,attempt_success,
AP11194,T1000004313,2025-12-03,attempt_success,
AP11195,T1000004313,2026-01-02,attempt_success,
AP11196,T1000004313,2026-02-01,attempt_success,
AP11197,T1000004313,2026-03-03,attempt_success,
AP11198,T1000004313,2026-04-02,attempt_success,
AP11199,T1000004313,2026-05-02,attempt_success,
AP11200,T1000004313,2026-06-01,attempt_success,
AP11201,T1000004314,2025-06-20,attempt_success,
AP11202,T1000004314,2026-06-20,attempt_success,
AP11203,T1000004315,2025-04-29,attempt_failed,bank_declined
AP11204,T1000004315,2025-05-02,attempt_success,
AP11205,T1000004315,2025-10-28,attempt_success,
AP11206,T1000004315,2026-04-28,attempt_success,
AP11207,T1000004316,2025-07-04,attempt_success,
AP11208,T1000004316,2026-01-02,attempt_success,
AP11209,T1000004320,2025-08-28,attempt_success,
AP11210,T1000004320,2026-02-26,attempt_success,
AP11211,T1000004321,2025-09-15,attempt_success,
AP11212,T1000004321,2025-10-15,attempt_success,
AP11213,T1000004321,2025-11-14,attempt_success,
AP11214,T1000004321,2025-12-14,attempt_success,
AP11215,T1000004321,2026-01-13,attempt_success,
AP11216,T1000004321,2026-02-12,attempt_success,
AP11217,T1000004321,2026-03-14,attempt_success,
AP11218,T1000004321,2026-04-13,attempt_success,
AP11219,T1000004321,2026-05-13,attempt_success,
AP11220,T1000004321,2026-06-12,attempt_success,
AP11221,T1000004324,2025-09-28,attempt_success,
AP11222,T1000004324,2025-10-28,attempt_success,
AP11223,T1000004324,2025-11-27,attempt_success,
AP11224,T1000004324,2025-12-27,attempt_success,
AP11225,T1000004324,2026-01-26,attempt_success,
AP11226,T1000004324,2026-02-25,attempt_success,
AP11227,T1000004324,2026-03-27,attempt_success,
AP11228,T1000004324,2026-04-26,attempt_success,
AP11229,T1000004324,2026-05-26,attempt_success,
AP11230,T1000004324,2026-06-25,attempt_success,
AP11231,T1000004325,2025-09-25,attempt_success,
AP11232,T1000004325,2025-10-25,attempt_success,
AP11233,T1000004325,2025-11-24,attempt_success,
AP11234,T1000004325,2025-12-24,attempt_failed,insufficient_funds
AP11235,T1000004325,2025-12-27,attempt_failed,insufficient_funds
AP11236,T1000004325,2026-01-23,attempt_success,
AP11237,T1000004325,2026-02-22,attempt_success,
AP11238,T1000004325,2026-03-24,attempt_success,
AP11239,T1000004325,2026-04-23,attempt_success,
AP11240,T1000004325,2026-05-23,attempt_success,
AP11241,T1000004325,2026-06-22,attempt_success,
AP11242,T1000004326,2025-09-11,attempt_success,
AP11243,T1000004326,2025-10-11,attempt_success,
AP11244,T1000004326,2025-11-10,attempt_failed,insufficient_funds
AP11245,T1000004326,2025-11-13,attempt_failed,insufficient_funds
AP11246,T1000004326,2025-12-10,attempt_success,
AP11247,T1000004326,2026-01-09,attempt_success,
AP11248,T1000004326,2026-02-08,attempt_failed,card_expired
AP11249,T1000004326,2026-02-11,attempt_success,
AP11250,T1000004326,2026-03-10,attempt_success,
AP11251,T1000004326,2026-04-09,attempt_failed,insufficient_funds
AP11252,T1000004326,2026-04-12,attempt_success,
AP11253,T1000004326,2026-05-09,attempt_success,
AP11254,T1000004326,2026-06-08,attempt_success,
AP11255,T1000004327,2025-08-24,attempt_success,
AP11256,T1000004327,2025-11-23,attempt_success,
AP11257,T1000004327,2026-02-22,attempt_success,
AP11258,T1000004327,2026-05-24,attempt_success,
AP11259,T1000004331,2025-07-31,attempt_success,
AP11260,T1000004331,2025-10-30,attempt_success,
AP11261,T1000004331,2026-01-29,attempt_success,
AP11262,T1000004331,2026-04-30,attempt_success,
AP11263,T1000004333,2025-09-12,attempt_failed,card_expired
AP11264,T1000004333,2025-09-15,attempt_success,
AP11265,T1000004333,2025-10-12,attempt_success,
AP11266,T1000004333,2025-11-11,attempt_success,
AP11267,T1000004333,2025-12-11,attempt_success,
AP11268,T1000004333,2026-01-10,attempt_success,
AP11269,T1000004333,2026-02-09,attempt_success,
AP11270,T1000004333,2026-03-11,attempt_success,
AP11271,T1000004333,2026-04-10,attempt_failed,bank_declined
AP11272,T1000004333,2026-04-13,attempt_success,
AP11273,T1000004333,2026-05-10,attempt_success,
AP11274,T1000004333,2026-06-09,attempt_success,
AP11275,T1000004337,2025-09-10,attempt_success,
AP11276,T1000004337,2025-10-10,attempt_success,
AP11277,T1000004337,2025-11-09,attempt_failed,card_expired
AP11278,T1000004337,2025-11-12,attempt_success,
AP11279,T1000004337,2025-12-09,attempt_success,
AP11280,T1000004337,2026-01-08,attempt_success,
AP11281,T1000004337,2026-02-07,attempt_success,
AP11282,T1000004337,2026-03-09,attempt_failed,insufficient_funds
AP11283,T1000004337,2026-03-12,attempt_failed,insufficient_funds
AP11284,T1000004337,2026-04-08,attempt_success,
AP11285,T1000004337,2026-05-08,attempt_success,
AP11286,T1000004337,2026-06-07,attempt_success,
AP11287,T1000004338,2025-09-18,attempt_success,
AP11288,T1000004338,2025-10-18,attempt_success,
AP11289,T1000004338,2025-11-17,attempt_success,
AP11290,T1000004338,2025-12-17,attempt_success,
AP11291,T1000004338,2026-01-16,attempt_success,
AP11292,T1000004338,2026-02-15,attempt_success,
AP11293,T1000004338,2026-03-17,attempt_success,
AP11294,T1000004338,2026-04-16,attempt_success,
AP11295,T1000004338,2026-05-16,attempt_success,
AP11296,T1000004338,2026-06-15,attempt_failed,card_expired
AP11297,T1000004338,2026-06-18,attempt_success,
AP11298,T1000004341,2025-09-12,attempt_success,
AP11299,T1000004341,2025-10-12,attempt_success,
AP11300,T1000004341,2025-11-11,attempt_success,
AP11301,T1000004341,2025-12-11,attempt_success,
AP11302,T1000004341,2026-01-10,attempt_success,
AP11303,T1000004341,2026-02-09,attempt_failed,insufficient_funds
AP11304,T1000004341,2026-02-12,attempt_success,
AP11305,T1000004341,2026-03-11,attempt_success,
AP11306,T1000004341,2026-04-10,attempt_success,
AP11307,T1000004341,2026-05-10,attempt_success,
AP11308,T1000004341,2026-06-09,attempt_success,
AP11309,T1000004342,2025-02-11,attempt_success,
AP11310,T1000004342,2026-02-11,attempt_success,
AP11311,T1000004345,2025-10-12,attempt_success,
AP11312,T1000004345,2026-01-11,attempt_success,
AP11313,T1000004345,2026-04-12,attempt_failed,card_expired
AP11314,T1000004345,2026-04-15,attempt_failed,card_expired
AP11315,T1000004350,2025-07-20,attempt_failed,insufficient_funds
AP11316,T1000004350,2025-07-23,attempt_failed,insufficient_funds
AP11317,T1000004353,2025-07-10,attempt_success,
AP11318,T1000004353,2025-10-09,attempt_success,
AP11319,T1000004353,2026-01-08,attempt_success,
AP11320,T1000004353,2026-04-09,attempt_success,
AP11321,T1000004354,2025-09-11,attempt_success,
AP11322,T1000004354,2025-12-11,attempt_failed,insufficient_funds
AP11323,T1000004354,2025-12-14,attempt_success,
AP11324,T1000004354,2026-03-12,attempt_success,
AP11325,T1000004354,2026-06-11,attempt_success,
AP11326,T1000004355,2025-09-28,attempt_failed,insufficient_funds
AP11327,T1000004355,2025-10-01,attempt_failed,insufficient_funds
AP11328,T1000004355,2025-10-28,attempt_failed,card_expired
AP11329,T1000004355,2025-10-31,attempt_success,
AP11330,T1000004355,2025-11-27,attempt_success,
AP11331,T1000004355,2025-12-27,attempt_failed,card_expired
AP11332,T1000004355,2025-12-30,attempt_success,
AP11333,T1000004355,2026-01-26,attempt_success,
AP11334,T1000004355,2026-02-25,attempt_success,
AP11335,T1000004355,2026-03-27,attempt_success,
AP11336,T1000004355,2026-04-26,attempt_success,
AP11337,T1000004355,2026-05-26,attempt_success,
AP11338,T1000004355,2026-06-25,attempt_success,
AP11339,T1000004356,2025-09-29,attempt_success,
AP11340,T1000004356,2025-10-29,attempt_success,
AP11341,T1000004356,2025-11-28,attempt_failed,insufficient_funds
AP11342,T1000004356,2025-12-01,attempt_failed,insufficient_funds
AP11343,T1000004356,2025-12-28,attempt_success,
AP11344,T1000004356,2026-01-27,attempt_success,
AP11345,T1000004356,2026-02-26,attempt_success,
AP11346,T1000004356,2026-03-28,attempt_success,
AP11347,T1000004356,2026-04-27,attempt_success,
AP11348,T1000004356,2026-05-27,attempt_failed,card_expired
AP11349,T1000004356,2026-05-30,attempt_success,
AP11350,T1000004356,2026-06-26,attempt_success,
AP11351,T1000004360,2025-03-18,attempt_failed,insufficient_funds
AP11352,T1000004360,2025-03-21,attempt_success,
AP11353,T1000004360,2026-03-18,attempt_success,
AP11354,T1000004361,2025-09-10,attempt_success,
AP11355,T1000004361,2025-10-10,attempt_failed,insufficient_funds
AP11356,T1000004361,2025-10-13,attempt_failed,insufficient_funds
AP11357,T1000004361,2025-11-09,attempt_success,
AP11358,T1000004361,2025-12-09,attempt_success,
AP11359,T1000004361,2026-01-08,attempt_failed,bank_declined
AP11360,T1000004361,2026-01-11,attempt_success,
AP11361,T1000004361,2026-02-07,attempt_success,
AP11362,T1000004361,2026-03-09,attempt_success,
AP11363,T1000004361,2026-04-08,attempt_success,
AP11364,T1000004361,2026-05-08,attempt_success,
AP11365,T1000004361,2026-06-07,attempt_success,
AP11366,T1000004362,2025-09-29,attempt_success,
AP11367,T1000004362,2025-10-29,attempt_success,
AP11368,T1000004362,2025-11-28,attempt_success,
AP11369,T1000004362,2025-12-28,attempt_success,
AP11370,T1000004362,2026-01-27,attempt_success,
AP11371,T1000004362,2026-02-26,attempt_success,
AP11372,T1000004362,2026-03-28,attempt_success,
AP11373,T1000004362,2026-04-27,attempt_success,
AP11374,T1000004362,2026-05-27,attempt_failed,insufficient_funds
AP11375,T1000004362,2026-05-30,attempt_success,
AP11376,T1000004362,2026-06-26,attempt_success,
AP11377,T1000004364,2025-09-08,attempt_success,
AP11378,T1000004364,2025-12-08,attempt_success,
AP11379,T1000004364,2026-03-09,attempt_success,
AP11380,T1000004364,2026-06-08,attempt_success,
AP11381,T1000004367,2025-09-22,attempt_success,
AP11382,T1000004367,2025-10-22,attempt_success,
AP11383,T1000004367,2025-11-21,attempt_success,
AP11384,T1000004367,2025-12-21,attempt_failed,insufficient_funds
AP11385,T1000004367,2025-12-24,attempt_success,
AP11386,T1000004367,2026-01-20,attempt_success,
AP11387,T1000004367,2026-02-19,attempt_success,
AP11388,T1000004367,2026-03-21,attempt_success,
AP11389,T1000004367,2026-04-20,attempt_failed,bank_declined
AP11390,T1000004367,2026-04-23,attempt_success,
AP11391,T1000004367,2026-05-20,attempt_success,
AP11392,T1000004367,2026-06-19,attempt_success,
AP11393,T1000004369,2025-09-15,attempt_success,
AP11394,T1000004369,2025-10-15,attempt_success,
AP11395,T1000004369,2025-11-14,attempt_success,
AP11396,T1000004369,2025-12-14,attempt_success,
AP11397,T1000004369,2026-01-13,attempt_success,
AP11398,T1000004369,2026-02-12,attempt_success,
AP11399,T1000004369,2026-03-14,attempt_success,
AP11400,T1000004369,2026-04-13,attempt_success,
AP11401,T1000004369,2026-05-13,attempt_failed,insufficient_funds
AP11402,T1000004369,2026-05-16,attempt_success,
AP11403,T1000004369,2026-06-12,attempt_success,
AP11404,T1000004371,2025-01-31,attempt_success,
AP11405,T1000004371,2026-01-31,attempt_success,
AP11406,T1000004372,2025-08-31,attempt_success,
AP11407,T1000004372,2025-09-30,attempt_success,
AP11408,T1000004372,2025-10-30,attempt_success,
AP11409,T1000004372,2025-11-29,attempt_success,
AP11410,T1000004372,2025-12-29,attempt_success,
AP11411,T1000004372,2026-01-28,attempt_failed,card_expired
AP11412,T1000004372,2026-01-31,attempt_success,
AP11413,T1000004372,2026-02-27,attempt_success,
AP11414,T1000004372,2026-03-29,attempt_success,
AP11415,T1000004372,2026-04-28,attempt_success,
AP11416,T1000004372,2026-05-28,attempt_success,
AP11417,T1000004372,2026-06-27,attempt_failed,card_expired
AP11418,T1000004372,2026-06-30,attempt_success,
AP11419,T1000004375,2025-08-18,attempt_success,
AP11420,T1000004375,2026-02-16,attempt_success,
AP11421,T1000004376,2025-05-26,attempt_success,
AP11422,T1000004376,2026-05-26,attempt_failed,insufficient_funds
AP11423,T1000004376,2026-05-29,attempt_success,
AP11424,T1000004378,2025-07-17,attempt_success,
AP11425,T1000004378,2025-10-16,attempt_success,
AP11426,T1000004378,2026-01-15,attempt_success,
AP11427,T1000004378,2026-04-16,attempt_success,
AP11428,T1000004379,2025-09-24,attempt_success,
AP11429,T1000004379,2025-10-24,attempt_success,
AP11430,T1000004379,2025-11-23,attempt_success,
AP11431,T1000004379,2025-12-23,attempt_failed,insufficient_funds
AP11432,T1000004379,2025-12-26,attempt_success,
AP11433,T1000004379,2026-01-22,attempt_success,
AP11434,T1000004379,2026-02-21,attempt_failed,card_expired
AP11435,T1000004379,2026-02-24,attempt_success,
AP11436,T1000004379,2026-03-23,attempt_success,
AP11437,T1000004379,2026-04-22,attempt_success,
AP11438,T1000004379,2026-05-22,attempt_success,
AP11439,T1000004379,2026-06-21,attempt_success,
AP11440,T1000004381,2025-04-15,attempt_failed,insufficient_funds
AP11441,T1000004381,2025-04-18,attempt_success,
AP11442,T1000004381,2025-10-14,attempt_success,
AP11443,T1000004381,2026-04-14,attempt_success,
AP11444,T1000004382,2025-04-03,attempt_success,
AP11445,T1000004382,2026-04-03,attempt_success,
AP11446,T1000004383,2025-03-15,attempt_success,
AP11447,T1000004383,2026-03-15,attempt_failed,card_expired
AP11448,T1000004383,2026-03-18,attempt_success,
AP11449,T1000004384,2025-06-22,attempt_success,
AP11450,T1000004384,2025-12-21,attempt_failed,insufficient_funds
AP11451,T1000004384,2025-12-24,attempt_success,
AP11452,T1000004384,2026-06-21,attempt_success,
AP11453,T1000004386,2025-09-26,attempt_success,
AP11454,T1000004386,2025-10-26,attempt_success,
AP11455,T1000004386,2025-11-25,attempt_success,
AP11456,T1000004386,2025-12-25,attempt_success,
AP11457,T1000004386,2026-01-24,attempt_success,
AP11458,T1000004386,2026-02-23,attempt_success,
AP11459,T1000004386,2026-03-25,attempt_failed,insufficient_funds
AP11460,T1000004386,2026-03-28,attempt_success,
AP11461,T1000004386,2026-04-24,attempt_success,
AP11462,T1000004386,2026-05-24,attempt_success,
AP11463,T1000004386,2026-06-23,attempt_success,
AP11464,T1000004387,2025-08-15,attempt_success,
AP11465,T1000004387,2025-11-14,attempt_success,
AP11466,T1000004387,2026-02-13,attempt_failed,bank_declined
AP11467,T1000004387,2026-02-16,attempt_success,
AP11468,T1000004387,2026-05-15,attempt_failed,card_expired
AP11469,T1000004387,2026-05-18,attempt_success,
AP11470,T1000004389,2025-09-14,attempt_success,
AP11471,T1000004389,2025-10-14,attempt_success,
AP11472,T1000004389,2025-11-13,attempt_success,
AP11473,T1000004389,2025-12-13,attempt_success,
AP11474,T1000004389,2026-01-12,attempt_success,
AP11475,T1000004389,2026-02-11,attempt_success,
AP11476,T1000004389,2026-03-13,attempt_success,
AP11477,T1000004389,2026-04-12,attempt_success,
AP11478,T1000004389,2026-05-12,attempt_success,
AP11479,T1000004389,2026-06-11,attempt_success,
AP11480,T1000004396,2025-10-03,attempt_success,
AP11481,T1000004396,2025-11-02,attempt_success,
AP11482,T1000004396,2025-12-02,attempt_success,
AP11483,T1000004396,2026-01-01,attempt_success,
AP11484,T1000004396,2026-01-31,attempt_success,
AP11485,T1000004396,2026-03-02,attempt_success,
AP11486,T1000004396,2026-04-01,attempt_success,
AP11487,T1000004396,2026-05-01,attempt_success,
AP11488,T1000004396,2026-05-31,attempt_success,
AP11489,T1000004396,2026-06-30,attempt_success,
AP11490,T1000004398,2025-09-15,attempt_success,
AP11491,T1000004398,2025-10-15,attempt_success,
AP11492,T1000004398,2025-11-14,attempt_success,
AP11493,T1000004398,2025-12-14,attempt_success,
AP11494,T1000004398,2026-01-13,attempt_success,
AP11495,T1000004398,2026-02-12,attempt_success,
AP11496,T1000004398,2026-03-14,attempt_success,
AP11497,T1000004398,2026-04-13,attempt_success,
AP11498,T1000004398,2026-05-13,attempt_success,
AP11499,T1000004398,2026-06-12,attempt_success,
AP11500,T1000004401,2025-09-11,attempt_success,
AP11501,T1000004401,2026-03-12,attempt_success,
AP11502,T1000004403,2025-08-16,attempt_success,
AP11503,T1000004403,2025-11-15,attempt_success,
AP11504,T1000004403,2026-02-14,attempt_failed,insufficient_funds
AP11505,T1000004403,2026-02-17,attempt_success,
AP11506,T1000004403,2026-05-16,attempt_failed,bank_declined
AP11507,T1000004403,2026-05-19,attempt_success,
AP11508,T1000004405,2025-09-18,attempt_success,
AP11509,T1000004405,2025-10-18,attempt_success,
AP11510,T1000004405,2025-11-17,attempt_success,
AP11511,T1000004405,2025-12-17,attempt_success,
AP11512,T1000004405,2026-01-16,attempt_success,
AP11513,T1000004405,2026-02-15,attempt_success,
AP11514,T1000004405,2026-03-17,attempt_success,
AP11515,T1000004405,2026-04-16,attempt_success,
AP11516,T1000004405,2026-05-16,attempt_success,
AP11517,T1000004405,2026-06-15,attempt_success,
AP11518,T1000004406,2025-09-09,attempt_success,
AP11519,T1000004406,2025-10-09,attempt_success,
AP11520,T1000004406,2025-11-08,attempt_success,
AP11521,T1000004406,2025-12-08,attempt_success,
AP11522,T1000004406,2026-01-07,attempt_success,
AP11523,T1000004406,2026-02-06,attempt_success,
AP11524,T1000004406,2026-03-08,attempt_success,
AP11525,T1000004406,2026-04-07,attempt_success,
AP11526,T1000004406,2026-05-07,attempt_success,
AP11527,T1000004406,2026-06-06,attempt_success,
AP11528,T1000004407,2025-09-20,attempt_failed,insufficient_funds
AP11529,T1000004407,2025-09-23,attempt_success,
AP11530,T1000004407,2025-12-20,attempt_success,
AP11531,T1000004407,2026-03-21,attempt_success,
AP11532,T1000004407,2026-06-20,attempt_success,
AP11533,T1000004409,2025-08-12,attempt_success,
AP11534,T1000004409,2026-02-10,attempt_success,
AP11535,T1000004411,2025-08-09,attempt_success,
AP11536,T1000004411,2026-02-07,attempt_success,
AP11537,T1000004415,2025-09-19,attempt_success,
AP11538,T1000004415,2025-10-19,attempt_success,
AP11539,T1000004415,2025-11-18,attempt_failed,insufficient_funds
AP11540,T1000004415,2025-11-21,attempt_success,
AP11541,T1000004415,2025-12-18,attempt_success,
AP11542,T1000004415,2026-01-17,attempt_success,
AP11543,T1000004415,2026-02-16,attempt_success,
AP11544,T1000004415,2026-03-18,attempt_failed,insufficient_funds
AP11545,T1000004415,2026-03-21,attempt_success,
AP11546,T1000004415,2026-04-17,attempt_success,
AP11547,T1000004415,2026-05-17,attempt_failed,insufficient_funds
AP11548,T1000004415,2026-05-20,attempt_failed,insufficient_funds
AP11549,T1000004415,2026-06-16,attempt_success,
AP11550,T1000004416,2025-09-02,attempt_success,
AP11551,T1000004416,2025-10-02,attempt_success,
AP11552,T1000004416,2025-11-01,attempt_failed,insufficient_funds
AP11553,T1000004416,2025-11-04,attempt_failed,insufficient_funds
AP11554,T1000004416,2025-12-01,attempt_success,
AP11555,T1000004416,2025-12-31,attempt_failed,insufficient_funds
AP11556,T1000004416,2026-01-03,attempt_failed,insufficient_funds
AP11557,T1000004416,2026-01-30,attempt_success,
AP11558,T1000004416,2026-03-01,attempt_success,
AP11559,T1000004416,2026-03-31,attempt_success,
AP11560,T1000004416,2026-04-30,attempt_success,
AP11561,T1000004416,2026-05-30,attempt_success,
AP11562,T1000004416,2026-06-29,attempt_failed,card_expired
AP11563,T1000004416,2026-07-02,attempt_failed,card_expired
AP11564,T1000004424,2025-09-27,attempt_success,
AP11565,T1000004424,2026-03-28,attempt_failed,card_expired
AP11566,T1000004424,2026-03-31,attempt_failed,card_expired
AP11567,T1000004429,2025-08-16,attempt_success,
AP11568,T1000004429,2025-11-15,attempt_failed,card_expired
AP11569,T1000004429,2025-11-18,attempt_success,
AP11570,T1000004429,2026-02-14,attempt_success,
AP11571,T1000004429,2026-05-16,attempt_success,
AP11572,T1000004430,2025-01-06,attempt_success,
AP11573,T1000004430,2026-01-06,attempt_success,
AP11574,T1000004431,2024-12-14,attempt_success,
AP11575,T1000004431,2025-12-14,attempt_success,
AP11576,T1000004434,2025-09-11,attempt_success,
AP11577,T1000004434,2025-10-11,attempt_success,
AP11578,T1000004434,2025-11-10,attempt_success,
AP11579,T1000004434,2025-12-10,attempt_failed,insufficient_funds
AP11580,T1000004434,2025-12-13,attempt_success,
AP11581,T1000004434,2026-01-09,attempt_success,
AP11582,T1000004434,2026-02-08,attempt_failed,bank_declined
AP11583,T1000004434,2026-02-11,attempt_success,
AP11584,T1000004434,2026-03-10,attempt_success,
AP11585,T1000004434,2026-04-09,attempt_success,
AP11586,T1000004434,2026-05-09,attempt_success,
AP11587,T1000004434,2026-06-08,attempt_success,
AP11588,T1000004437,2025-09-03,attempt_success,
AP11589,T1000004437,2025-10-03,attempt_success,
AP11590,T1000004437,2025-11-02,attempt_success,
AP11591,T1000004437,2025-12-02,attempt_success,
AP11592,T1000004437,2026-01-01,attempt_success,
AP11593,T1000004437,2026-01-31,attempt_success,
AP11594,T1000004437,2026-03-02,attempt_success,
AP11595,T1000004437,2026-04-01,attempt_success,
AP11596,T1000004437,2026-05-01,attempt_success,
AP11597,T1000004437,2026-05-31,attempt_success,
AP11598,T1000004437,2026-06-30,attempt_success,
AP11599,T1000004438,2025-09-19,attempt_success,
AP11600,T1000004438,2025-10-19,attempt_success,
AP11601,T1000004438,2025-11-18,attempt_success,
AP11602,T1000004438,2025-12-18,attempt_success,
AP11603,T1000004438,2026-01-17,attempt_success,
AP11604,T1000004438,2026-02-16,attempt_success,
AP11605,T1000004438,2026-03-18,attempt_success,
AP11606,T1000004438,2026-04-17,attempt_success,
AP11607,T1000004438,2026-05-17,attempt_success,
AP11608,T1000004438,2026-06-16,attempt_success,
AP11609,T1000004439,2025-08-03,attempt_failed,card_expired
AP11610,T1000004439,2025-08-06,attempt_success,
AP11611,T1000004439,2025-11-02,attempt_success,
AP11612,T1000004439,2026-02-01,attempt_success,
AP11613,T1000004439,2026-05-03,attempt_success,
AP11614,T1000004441,2025-10-22,attempt_success,
AP11615,T1000004441,2026-04-22,attempt_success,
AP11616,T1000004447,2024-11-15,attempt_success,
AP11617,T1000004447,2025-11-15,attempt_success,
AP11618,T1000004448,2025-02-21,attempt_success,
AP11619,T1000004448,2026-02-21,attempt_success,
AP11620,T1000004451,2025-08-03,attempt_success,
AP11621,T1000004451,2025-11-02,attempt_success,
AP11622,T1000004451,2026-02-01,attempt_success,
AP11623,T1000004451,2026-05-03,attempt_success,
AP11624,T1000004455,2025-01-16,attempt_success,
AP11625,T1000004455,2026-01-16,attempt_success,
AP11626,T1000004456,2025-09-12,attempt_success,
AP11627,T1000004456,2025-10-12,attempt_success,
AP11628,T1000004456,2025-11-11,attempt_success,
AP11629,T1000004456,2025-12-11,attempt_success,
AP11630,T1000004456,2026-01-10,attempt_success,
AP11631,T1000004456,2026-02-09,attempt_success,
AP11632,T1000004456,2026-03-11,attempt_success,
AP11633,T1000004456,2026-04-10,attempt_success,
AP11634,T1000004456,2026-05-10,attempt_success,
AP11635,T1000004456,2026-06-09,attempt_success,
AP11636,T1000004458,2025-09-28,attempt_success,
AP11637,T1000004458,2025-10-28,attempt_success,
AP11638,T1000004458,2025-11-27,attempt_success,
AP11639,T1000004458,2025-12-27,attempt_success,
AP11640,T1000004458,2026-01-26,attempt_success,
AP11641,T1000004458,2026-02-25,attempt_success,
AP11642,T1000004458,2026-03-27,attempt_success,
AP11643,T1000004458,2026-04-26,attempt_failed,insufficient_funds
AP11644,T1000004458,2026-04-29,attempt_success,
AP11645,T1000004458,2026-05-26,attempt_success,
AP11646,T1000004458,2026-06-25,attempt_success,
AP11647,T1000004459,2025-05-21,attempt_success,
AP11648,T1000004459,2026-05-21,attempt_success,
AP11649,T1000004461,2025-08-31,attempt_success,
AP11650,T1000004461,2025-09-30,attempt_failed,card_expired
AP11651,T1000004461,2025-10-03,attempt_failed,card_expired
AP11652,T1000004461,2025-10-30,attempt_failed,insufficient_funds
AP11653,T1000004461,2025-11-02,attempt_failed,insufficient_funds
AP11654,T1000004461,2025-11-29,attempt_failed,card_expired
AP11655,T1000004461,2025-12-02,attempt_success,
AP11656,T1000004461,2025-12-29,attempt_failed,insufficient_funds
AP11657,T1000004461,2026-01-01,attempt_success,
AP11658,T1000004461,2026-01-28,attempt_success,
AP11659,T1000004461,2026-02-27,attempt_success,
AP11660,T1000004461,2026-03-29,attempt_success,
AP11661,T1000004461,2026-04-28,attempt_success,
AP11662,T1000004461,2026-05-28,attempt_success,
AP11663,T1000004461,2026-06-27,attempt_success,
AP11664,T1000004463,2025-09-01,attempt_success,
AP11665,T1000004463,2025-10-01,attempt_success,
AP11666,T1000004463,2025-10-31,attempt_success,
AP11667,T1000004463,2025-11-30,attempt_success,
AP11668,T1000004463,2025-12-30,attempt_success,
AP11669,T1000004463,2026-01-29,attempt_success,
AP11670,T1000004463,2026-02-28,attempt_success,
AP11671,T1000004463,2026-03-30,attempt_success,
AP11672,T1000004463,2026-04-29,attempt_success,
AP11673,T1000004463,2026-05-29,attempt_success,
AP11674,T1000004463,2026-06-28,attempt_success,
AP11675,T1000004464,2025-08-31,attempt_success,
AP11676,T1000004464,2026-03-01,attempt_success,
AP11677,T1000004466,2025-04-19,attempt_success,
AP11678,T1000004466,2025-10-18,attempt_success,
AP11679,T1000004466,2026-04-18,attempt_success,
AP11680,T1000004467,2025-09-05,attempt_success,
AP11681,T1000004467,2025-10-05,attempt_failed,card_expired
AP11682,T1000004467,2025-10-08,attempt_success,
AP11683,T1000004467,2025-11-04,attempt_success,
AP11684,T1000004467,2025-12-04,attempt_success,
AP11685,T1000004467,2026-01-03,attempt_success,
AP11686,T1000004467,2026-02-02,attempt_success,
AP11687,T1000004467,2026-03-04,attempt_success,
AP11688,T1000004467,2026-04-03,attempt_success,
AP11689,T1000004467,2026-05-03,attempt_success,
AP11690,T1000004467,2026-06-02,attempt_success,
AP11691,T1000004468,2025-08-31,attempt_success,
AP11692,T1000004468,2025-09-30,attempt_success,
AP11693,T1000004468,2025-10-30,attempt_success,
AP11694,T1000004468,2025-11-29,attempt_success,
AP11695,T1000004468,2025-12-29,attempt_success,
AP11696,T1000004468,2026-01-28,attempt_success,
AP11697,T1000004468,2026-02-27,attempt_success,
AP11698,T1000004468,2026-03-29,attempt_failed,insufficient_funds
AP11699,T1000004468,2026-04-01,attempt_success,
AP11700,T1000004468,2026-04-28,attempt_success,
AP11701,T1000004468,2026-05-28,attempt_failed,bank_declined
AP11702,T1000004468,2026-05-31,attempt_success,
AP11703,T1000004468,2026-06-27,attempt_success,
AP11704,T1000004473,2025-09-07,attempt_failed,bank_declined
AP11705,T1000004473,2025-09-10,attempt_failed,bank_declined
AP11706,T1000004473,2025-10-07,attempt_success,
AP11707,T1000004473,2025-11-06,attempt_success,
AP11708,T1000004473,2025-12-06,attempt_success,
AP11709,T1000004473,2026-01-05,attempt_success,
AP11710,T1000004473,2026-02-04,attempt_failed,insufficient_funds
AP11711,T1000004473,2026-02-07,attempt_failed,insufficient_funds
AP11712,T1000004473,2026-03-06,attempt_success,
AP11713,T1000004473,2026-04-05,attempt_success,
AP11714,T1000004473,2026-05-05,attempt_success,
AP11715,T1000004473,2026-06-04,attempt_success,
AP11716,T1000004476,2025-03-06,attempt_success,
AP11717,T1000004476,2026-03-06,attempt_success,
AP11718,T1000004477,2025-05-09,attempt_success,
AP11719,T1000004477,2026-05-09,attempt_failed,bank_declined
AP11720,T1000004477,2026-05-12,attempt_success,
AP11721,T1000004479,2025-07-11,attempt_success,
AP11722,T1000004479,2025-10-10,attempt_success,
AP11723,T1000004479,2026-01-09,attempt_success,
AP11724,T1000004479,2026-04-10,attempt_success,
AP11725,T1000004480,2025-09-24,attempt_success,
AP11726,T1000004480,2025-10-24,attempt_success,
AP11727,T1000004480,2025-11-23,attempt_success,
AP11728,T1000004480,2025-12-23,attempt_success,
AP11729,T1000004480,2026-01-22,attempt_success,
AP11730,T1000004480,2026-02-21,attempt_success,
AP11731,T1000004480,2026-03-23,attempt_success,
AP11732,T1000004480,2026-04-22,attempt_success,
AP11733,T1000004480,2026-05-22,attempt_success,
AP11734,T1000004480,2026-06-21,attempt_success,
AP11735,T1000004481,2025-03-05,attempt_success,
AP11736,T1000004481,2026-03-05,attempt_success,
AP11737,T1000004484,2025-08-24,attempt_success,
AP11738,T1000004484,2025-11-23,attempt_failed,bank_declined
AP11739,T1000004484,2025-11-26,attempt_success,
AP11740,T1000004484,2026-02-22,attempt_failed,insufficient_funds
AP11741,T1000004484,2026-02-25,attempt_success,
AP11742,T1000004484,2026-05-24,attempt_success,
AP11743,T1000004485,2025-07-19,attempt_success,
AP11744,T1000004485,2025-10-18,attempt_success,
AP11745,T1000004485,2026-01-17,attempt_success,
AP11746,T1000004485,2026-04-18,attempt_success,
AP11747,T1000004486,2025-07-12,attempt_success,
AP11748,T1000004486,2025-10-11,attempt_success,
AP11749,T1000004486,2026-01-10,attempt_success,
AP11750,T1000004486,2026-04-11,attempt_success,
AP11751,T1000004489,2025-05-07,attempt_success,
AP11752,T1000004489,2025-11-05,attempt_success,
AP11753,T1000004489,2026-05-06,attempt_success,
AP11754,T1000004495,2025-08-17,attempt_success,
AP11755,T1000004495,2025-11-16,attempt_success,
AP11756,T1000004495,2026-02-15,attempt_success,
AP11757,T1000004495,2026-05-17,attempt_success,
AP11758,T1000004498,2025-09-27,attempt_success,
AP11759,T1000004498,2025-12-27,attempt_success,
AP11760,T1000004498,2026-03-28,attempt_success,
AP11761,T1000004498,2026-06-27,attempt_success,
AP11762,T1000004499,2025-04-13,attempt_success,
AP11763,T1000004499,2025-10-12,attempt_success,
AP11764,T1000004499,2026-04-12,attempt_success,
AP11765,T1000004502,2025-09-11,attempt_success,
AP11766,T1000004502,2025-10-11,attempt_success,
AP11767,T1000004502,2025-11-10,attempt_success,
AP11768,T1000004502,2025-12-10,attempt_failed,insufficient_funds
AP11769,T1000004502,2025-12-13,attempt_failed,insufficient_funds
AP11770,T1000004502,2026-01-09,attempt_success,
AP11771,T1000004502,2026-02-08,attempt_success,
AP11772,T1000004502,2026-03-10,attempt_success,
AP11773,T1000004502,2026-04-09,attempt_success,
AP11774,T1000004502,2026-05-09,attempt_success,
AP11775,T1000004502,2026-06-08,attempt_success,
AP11776,T1000004504,2025-08-11,attempt_success,
AP11777,T1000004511,2025-01-25,attempt_success,
AP11778,T1000004511,2026-01-25,attempt_success,
AP11779,T1000004512,2025-09-24,attempt_success,
AP11780,T1000004512,2025-10-24,attempt_success,
AP11781,T1000004512,2025-11-23,attempt_success,
AP11782,T1000004512,2025-12-23,attempt_success,
AP11783,T1000004512,2026-01-22,attempt_success,
AP11784,T1000004512,2026-02-21,attempt_success,
AP11785,T1000004512,2026-03-23,attempt_success,
AP11786,T1000004512,2026-04-22,attempt_success,
AP11787,T1000004512,2026-05-22,attempt_success,
AP11788,T1000004512,2026-06-21,attempt_success,
AP11789,T1000004513,2025-07-21,attempt_success,
AP11790,T1000004513,2025-10-20,attempt_success,
AP11791,T1000004513,2026-01-19,attempt_success,
AP11792,T1000004513,2026-04-20,attempt_success,
AP11793,T1000004520,2024-12-05,attempt_success,
AP11794,T1000004520,2025-12-05,attempt_success,
AP11795,T1000004524,2025-09-11,attempt_failed,insufficient_funds
AP11796,T1000004524,2025-09-14,attempt_success,
AP11797,T1000004524,2025-10-11,attempt_success,
AP11798,T1000004524,2025-11-10,attempt_failed,insufficient_funds
AP11799,T1000004524,2025-11-13,attempt_success,
AP11800,T1000004524,2025-12-10,attempt_success,
AP11801,T1000004524,2026-01-09,attempt_success,
AP11802,T1000004524,2026-02-08,attempt_success,
AP11803,T1000004524,2026-03-10,attempt_failed,insufficient_funds
AP11804,T1000004524,2026-03-13,attempt_failed,insufficient_funds
AP11805,T1000004524,2026-04-09,attempt_success,
AP11806,T1000004524,2026-05-09,attempt_success,
AP11807,T1000004524,2026-06-08,attempt_success,
AP11808,T1000004526,2025-09-19,attempt_failed,insufficient_funds
AP11809,T1000004526,2025-09-22,attempt_failed,insufficient_funds
AP11810,T1000004526,2025-10-19,attempt_success,
AP11811,T1000004526,2025-11-18,attempt_success,
AP11812,T1000004526,2025-12-18,attempt_success,
AP11813,T1000004526,2026-01-17,attempt_failed,insufficient_funds
AP11814,T1000004526,2026-01-20,attempt_success,
AP11815,T1000004526,2026-02-16,attempt_success,
AP11816,T1000004526,2026-03-18,attempt_failed,insufficient_funds
AP11817,T1000004526,2026-03-21,attempt_success,
AP11818,T1000004526,2026-04-17,attempt_success,
AP11819,T1000004526,2026-05-17,attempt_success,
AP11820,T1000004526,2026-06-16,attempt_success,
AP11821,T1000004527,2025-09-24,attempt_success,
AP11822,T1000004527,2025-10-24,attempt_success,
AP11823,T1000004527,2025-11-23,attempt_success,
AP11824,T1000004527,2025-12-23,attempt_success,
AP11825,T1000004527,2026-01-22,attempt_success,
AP11826,T1000004527,2026-02-21,attempt_success,
AP11827,T1000004527,2026-03-23,attempt_success,
AP11828,T1000004527,2026-04-22,attempt_failed,insufficient_funds
AP11829,T1000004527,2026-04-25,attempt_success,
AP11830,T1000004527,2026-05-22,attempt_success,
AP11831,T1000004527,2026-06-21,attempt_success,
AP11832,T1000004529,2025-09-23,attempt_success,
AP11833,T1000004529,2025-10-23,attempt_success,
AP11834,T1000004529,2025-11-22,attempt_failed,card_expired
AP11835,T1000004529,2025-11-25,attempt_success,
AP11836,T1000004529,2025-12-22,attempt_success,
AP11837,T1000004529,2026-01-21,attempt_success,
AP11838,T1000004529,2026-02-20,attempt_success,
AP11839,T1000004529,2026-03-22,attempt_success,
AP11840,T1000004529,2026-04-21,attempt_success,
AP11841,T1000004529,2026-05-21,attempt_failed,bank_declined
AP11842,T1000004529,2026-05-24,attempt_success,
AP11843,T1000004529,2026-06-20,attempt_success,
AP11844,T1000004532,2025-08-31,attempt_success,
AP11845,T1000004532,2025-09-30,attempt_success,
AP11846,T1000004532,2025-10-30,attempt_success,
AP11847,T1000004532,2025-11-29,attempt_success,
AP11848,T1000004532,2025-12-29,attempt_success,
AP11849,T1000004532,2026-01-28,attempt_failed,insufficient_funds
AP11850,T1000004532,2026-01-31,attempt_success,
AP11851,T1000004532,2026-02-27,attempt_success,
AP11852,T1000004532,2026-03-29,attempt_success,
AP11853,T1000004532,2026-04-28,attempt_success,
AP11854,T1000004532,2026-05-28,attempt_failed,card_expired
AP11855,T1000004532,2026-05-31,attempt_success,
AP11856,T1000004532,2026-06-27,attempt_success,
AP11857,T1000004533,2025-09-16,attempt_success,
AP11858,T1000004534,2025-11-10,attempt_success,
AP11859,T1000004534,2025-12-10,attempt_failed,insufficient_funds
AP11860,T1000004534,2025-12-13,attempt_success,
AP11861,T1000004534,2026-01-09,attempt_success,
AP11862,T1000004534,2026-02-08,attempt_success,
AP11863,T1000004534,2026-03-10,attempt_success,
AP11864,T1000004534,2026-04-09,attempt_success,
AP11865,T1000004534,2026-05-09,attempt_success,
AP11866,T1000004534,2026-06-08,attempt_success,
AP11867,T1000004535,2025-05-26,attempt_success,
AP11868,T1000004535,2025-11-24,attempt_success,
AP11869,T1000004535,2026-05-25,attempt_failed,card_expired
AP11870,T1000004535,2026-05-28,attempt_success,
AP11871,T1000004536,2025-09-14,attempt_success,
AP11872,T1000004536,2025-10-14,attempt_success,
AP11873,T1000004536,2025-11-13,attempt_success,
AP11874,T1000004536,2025-12-13,attempt_success,
AP11875,T1000004536,2026-01-12,attempt_success,
AP11876,T1000004536,2026-02-11,attempt_success,
AP11877,T1000004536,2026-03-13,attempt_success,
AP11878,T1000004536,2026-04-12,attempt_success,
AP11879,T1000004536,2026-05-12,attempt_success,
AP11880,T1000004536,2026-06-11,attempt_success,
AP11881,T1000004539,2025-09-19,attempt_success,
AP11882,T1000004539,2025-10-19,attempt_success,
AP11883,T1000004539,2025-11-18,attempt_success,
AP11884,T1000004539,2025-12-18,attempt_success,
AP11885,T1000004539,2026-01-17,attempt_success,
AP11886,T1000004539,2026-02-16,attempt_failed,insufficient_funds
AP11887,T1000004539,2026-02-19,attempt_failed,insufficient_funds
AP11888,T1000004539,2026-03-18,attempt_success,
AP11889,T1000004539,2026-04-17,attempt_failed,card_expired
AP11890,T1000004539,2026-04-20,attempt_success,
AP11891,T1000004539,2026-05-17,attempt_success,
AP11892,T1000004539,2026-06-16,attempt_success,
AP11893,T1000004546,2025-08-24,attempt_success,
AP11894,T1000004546,2025-11-23,attempt_success,
AP11895,T1000004546,2026-02-22,attempt_success,
AP11896,T1000004546,2026-05-24,attempt_failed,insufficient_funds
AP11897,T1000004546,2026-05-27,attempt_success,
AP11898,T1000004547,2025-09-09,attempt_success,
AP11899,T1000004547,2025-12-09,attempt_success,
AP11900,T1000004547,2026-03-10,attempt_success,
AP11901,T1000004547,2026-06-09,attempt_success,
AP11902,T1000004548,2025-09-15,attempt_success,
AP11903,T1000004552,2025-09-12,attempt_failed,insufficient_funds
AP11904,T1000004552,2025-09-15,attempt_success,
AP11905,T1000004552,2025-10-12,attempt_success,
AP11906,T1000004552,2025-11-11,attempt_success,
AP11907,T1000004552,2025-12-11,attempt_success,
AP11908,T1000004552,2026-01-10,attempt_failed,card_expired
AP11909,T1000004552,2026-01-13,attempt_failed,card_expired
AP11910,T1000004552,2026-02-09,attempt_success,
AP11911,T1000004552,2026-03-11,attempt_success,
AP11912,T1000004552,2026-04-10,attempt_success,
AP11913,T1000004552,2026-05-10,attempt_success,
AP11914,T1000004552,2026-06-09,attempt_success,
AP11915,T1000004553,2025-12-09,attempt_success,
AP11916,T1000004553,2026-01-08,attempt_success,
AP11917,T1000004553,2026-02-07,attempt_success,
AP11918,T1000004553,2026-03-09,attempt_success,
AP11919,T1000004553,2026-04-08,attempt_success,
AP11920,T1000004553,2026-05-08,attempt_success,
AP11921,T1000004553,2026-06-07,attempt_success,
AP11922,T1000004558,2025-09-22,attempt_success,
AP11923,T1000004558,2025-10-22,attempt_success,
AP11924,T1000004558,2025-11-21,attempt_success,
AP11925,T1000004558,2025-12-21,attempt_success,
AP11926,T1000004558,2026-01-20,attempt_success,
AP11927,T1000004558,2026-02-19,attempt_success,
AP11928,T1000004558,2026-03-21,attempt_success,
AP11929,T1000004558,2026-04-20,attempt_success,
AP11930,T1000004558,2026-05-20,attempt_success,
AP11931,T1000004558,2026-06-19,attempt_failed,bank_declined
AP11932,T1000004558,2026-06-22,attempt_success,
AP11933,T1000004561,2025-09-24,attempt_success,
AP11934,T1000004561,2025-10-24,attempt_success,
AP11935,T1000004561,2025-11-23,attempt_success,
AP11936,T1000004561,2025-12-23,attempt_success,
AP11937,T1000004561,2026-01-22,attempt_success,
AP11938,T1000004561,2026-02-21,attempt_success,
AP11939,T1000004561,2026-03-23,attempt_success,
AP11940,T1000004561,2026-04-22,attempt_failed,bank_declined
AP11941,T1000004561,2026-04-25,attempt_success,
AP11942,T1000004561,2026-05-22,attempt_failed,bank_declined
AP11943,T1000004561,2026-05-25,attempt_success,
AP11944,T1000004561,2026-06-21,attempt_failed,bank_declined
AP11945,T1000004561,2026-06-24,attempt_failed,bank_declined
AP11946,T1000004565,2025-04-14,attempt_success,
AP11947,T1000004565,2025-10-13,attempt_failed,insufficient_funds
AP11948,T1000004565,2025-10-16,attempt_failed,insufficient_funds
AP11949,T1000004565,2026-04-13,attempt_success,
AP11950,T1000004566,2025-09-08,attempt_success,
AP11951,T1000004566,2025-10-08,attempt_success,
AP11952,T1000004566,2025-11-07,attempt_success,
AP11953,T1000004566,2025-12-07,attempt_success,
AP11954,T1000004566,2026-01-06,attempt_success,
AP11955,T1000004566,2026-02-05,attempt_success,
AP11956,T1000004566,2026-03-07,attempt_success,
AP11957,T1000004566,2026-04-06,attempt_success,
AP11958,T1000004566,2026-05-06,attempt_success,
AP11959,T1000004566,2026-06-05,attempt_success,
AP11960,T1000004567,2025-09-14,attempt_failed,card_expired
AP11961,T1000004567,2025-09-17,attempt_success,
AP11962,T1000004567,2025-10-14,attempt_success,
AP11963,T1000004567,2025-11-13,attempt_success,
AP11964,T1000004567,2025-12-13,attempt_success,
AP11965,T1000004567,2026-01-12,attempt_success,
AP11966,T1000004567,2026-02-11,attempt_success,
AP11967,T1000004567,2026-03-13,attempt_failed,insufficient_funds
AP11968,T1000004567,2026-03-16,attempt_success,
AP11969,T1000004567,2026-04-12,attempt_success,
AP11970,T1000004567,2026-05-12,attempt_success,
AP11971,T1000004567,2026-06-11,attempt_success,
AP11972,T1000004568,2025-04-03,attempt_success,
AP11973,T1000004568,2026-04-03,attempt_success,
AP11974,T1000004574,2025-09-06,attempt_failed,card_expired
AP11975,T1000004574,2025-09-09,attempt_success,
AP11976,T1000004574,2025-10-06,attempt_success,
AP11977,T1000004574,2025-11-05,attempt_success,
AP11978,T1000004574,2025-12-05,attempt_success,
AP11979,T1000004574,2026-01-04,attempt_success,
AP11980,T1000004574,2026-02-03,attempt_success,
AP11981,T1000004574,2026-03-05,attempt_success,
AP11982,T1000004574,2026-04-04,attempt_failed,insufficient_funds
AP11983,T1000004574,2026-04-07,attempt_success,
AP11984,T1000004574,2026-05-04,attempt_success,
AP11985,T1000004574,2026-06-03,attempt_success,
AP11986,T1000004575,2025-06-17,attempt_success,
AP11987,T1000004575,2025-12-16,attempt_success,
AP11988,T1000004575,2026-06-16,attempt_success,
AP11989,T1000004576,2024-11-22,attempt_success,
AP11990,T1000004576,2025-11-22,attempt_success,
AP11991,T1000004577,2025-08-15,attempt_success,
AP11992,T1000004577,2025-11-14,attempt_success,
AP11993,T1000004577,2026-02-13,attempt_success,
AP11994,T1000004577,2026-05-15,attempt_success,
