call_id,customer_id,policy_no,call_date,intent
CL1,C100000,T1000000001,2026-04-07,due_date_amount
CL3857,C100000,T1000000001,2026-04-18,autopay
CL2,C100003,T1000000005,2025-10-03,payment_status
CL3,C100003,T1000000005,2026-06-01,payment_status
CL3858,C100003,T1000000006,2025-12-14,autopay
CL4,C100004,T1000000007,2026-05-29,due_date_amount
CL5,C100005,T1000000008,2026-05-04,due_date_amount
CL6,C100005,T1000000009,2025-10-16,due_date_amount
CL3859,C100006,T1000000010,2025-10-28,autopay
CL7,C100006,T1000000010,2025-10-29,payment_status
CL8,C100006,T1000000010,2026-03-23,due_date_amount
CL4533,C100007,T1000000011,2026-06-20,tax_consent
CL9,C100007,T1000000012,2025-10-16,due_date_amount
CL10,C100007,T1000000012,2026-06-18,payment_status
CL11,C100011,T1000000018,2025-11-27,payment_status
CL12,C100011,T1000000019,2025-12-24,payment_status
CL13,C100012,T1000000020,2026-05-14,payment_status
CL14,C100014,T1000000024,2025-12-11,payment_status
CL15,C100014,T1000000024,2026-06-08,payment_status
CL16,C100015,T1000000025,2026-01-08,payment_status
CL3860,C100015,T1000000025,2026-01-09,autopay
CL4534,C100015,T1000000025,2026-02-21,tax_consent
CL3861,C100016,T1000000027,2025-12-05,autopay
CL17,C100018,T1000000031,2025-12-23,due_date_amount
CL18,C100018,T1000000031,2026-02-16,due_date_amount
CL19,C100018,T1000000031,2026-03-23,due_date_amount
CL20,C100018,T1000000031,2026-04-21,due_date_amount
CL21,C100018,T1000000031,2026-05-20,due_date_amount
CL4535,C100018,T1000000033,2026-01-18,tax_consent
CL3862,C100022,T1000000037,2025-12-20,autopay
CL3863,C100022,T1000000037,2026-06-20,autopay
CL22,C100022,T1000000037,2026-06-22,payment_status
CL3864,C100022,T1000000037,2026-06-23,autopay
CL23,C100023,T1000000040,2025-10-27,payment_status
CL24,C100023,T1000000040,2025-12-20,due_date_amount
CL25,C100027,T1000000044,2025-11-19,payment_status
CL26,C100028,T1000000045,2026-01-23,payment_status
CL27,C100030,T1000000048,2026-01-22,due_date_amount
CL28,C100031,T1000000049,2025-12-02,due_date_amount
CL29,C100031,T1000000049,2026-02-02,due_date_amount
CL30,C100031,T1000000049,2026-05-09,payment_status
CL31,C100031,T1000000049,2026-06-01,due_date_amount
CL32,C100035,T1000000053,2026-06-27,payment_status
CL33,C100037,T1000000055,2026-02-08,due_date_amount
CL34,C100039,T1000000058,2025-10-02,payment_status
CL3865,C100039,T1000000058,2026-05-29,autopay
CL3866,C100039,T1000000058,2026-06-02,autopay
CL35,C100040,T1000000059,2026-05-31,payment_status
CL36,C100041,T1000000060,2025-10-04,due_date_amount
CL3867,C100041,T1000000060,2026-04-12,autopay
CL37,C100043,T1000000062,2026-05-15,due_date_amount
CL38,C100045,T1000000064,2026-03-23,due_date_amount
CL39,C100047,T1000000067,2026-01-03,due_date_amount
CL3868,C100047,T1000000067,2026-03-09,autopay
CL40,C100047,T1000000067,2026-03-10,payment_status
CL3869,C100047,T1000000067,2026-03-13,autopay
CL3870,C100047,T1000000067,2026-04-08,autopay
CL41,C100047,T1000000067,2026-04-12,payment_status
CL42,C100048,T1000000068,2026-01-12,payment_status
CL43,C100048,T1000000068,2026-05-31,due_date_amount
CL44,C100050,T1000000070,2025-10-30,due_date_amount
CL4740,C100050,T1000000070,2025-12-07,tax_consent
CL4855,C100051,T1000000071,2026-04-20,payment_status
CL45,C100051,T1000000071,2026-05-21,due_date_amount
CL46,C100051,T1000000071,2026-06-22,due_date_amount
CL47,C100053,T1000000074,2026-05-22,due_date_amount
CL4411,C100055,T1000000077,2026-04-27,loan_repayment
CL48,C100057,T1000000080,2026-04-13,payment_status
CL49,C100058,T1000000082,2026-03-23,payment_status
CL50,C100059,T1000000083,2026-04-18,due_date_amount
CL51,C100059,T1000000083,2026-05-26,payment_status
CL3871,C100059,T1000000083,2026-06-24,autopay
CL52,C100059,T1000000083,2026-06-27,payment_status
CL3872,C100059,T1000000083,2026-06-27,autopay
CL53,C100060,T1000000086,2026-02-18,due_date_amount
CL54,C100060,T1000000086,2026-04-23,due_date_amount
CL55,C100060,T1000000086,2026-04-30,payment_status
CL56,C100060,T1000000086,2026-06-29,payment_status
CL57,C100061,T1000000087,2025-10-14,due_date_amount
CL58,C100061,T1000000088,2026-05-08,due_date_amount
CL3873,C100061,T1000000088,2026-05-14,autopay
CL4412,C100065,T1000000094,2026-04-30,loan_repayment
CL4536,C100065,T1000000094,2026-05-27,tax_consent
CL59,C100066,T1000000095,2025-12-25,due_date_amount
CL4413,C100066,T1000000095,2026-03-30,loan_repayment
CL4414,C100066,T1000000095,2026-05-28,loan_repayment
CL60,C100067,T1000000096,2025-10-22,due_date_amount
CL3874,C100067,T1000000096,2025-11-04,autopay
CL4537,C100069,T1000000098,2026-01-09,tax_consent
CL61,C100069,T1000000098,2026-02-11,payment_status
CL62,C100069,T1000000098,2026-05-09,due_date_amount
CL63,C100069,T1000000098,2026-05-14,payment_status
CL64,C100071,T1000000102,2026-01-24,payment_status
CL65,C100072,T1000000105,2025-12-31,due_date_amount
CL66,C100072,T1000000105,2026-01-26,due_date_amount
CL67,C100072,T1000000105,2026-02-23,due_date_amount
CL68,C100072,T1000000105,2026-04-26,due_date_amount
CL69,C100072,T1000000106,2026-05-18,due_date_amount
CL4415,C100073,T1000000107,2025-11-01,loan_repayment
CL70,C100073,T1000000107,2025-11-10,payment_status
CL4416,C100073,T1000000107,2026-01-27,loan_repayment
CL71,C100074,T1000000108,2025-10-12,due_date_amount
CL72,C100074,T1000000108,2025-11-16,payment_status
CL73,C100074,T1000000108,2026-05-07,due_date_amount
CL74,C100075,T1000000110,2025-10-02,due_date_amount
CL75,C100076,T1000000111,2025-11-01,payment_status
CL76,C100077,T1000000115,2025-11-18,due_date_amount
CL77,C100077,T1000000115,2026-05-20,due_date_amount
CL78,C100077,T1000000115,2026-06-25,payment_status
CL79,C100078,T1000000116,2025-10-14,due_date_amount
CL80,C100078,T1000000116,2026-01-18,payment_status
CL81,C100078,T1000000116,2026-03-18,payment_status
CL82,C100080,T1000000118,2026-02-12,due_date_amount
CL83,C100080,T1000000118,2026-03-14,due_date_amount
CL84,C100080,T1000000118,2026-06-12,due_date_amount
CL85,C100080,T1000000118,2026-06-19,payment_status
CL4825,C100080,T1000000119,2025-11-10,payment_status
CL86,C100080,T1000000119,2026-05-08,payment_status
CL87,C100081,T1000000120,2026-04-25,due_date_amount
CL88,C100081,T1000000121,2026-06-14,payment_status
CL89,C100082,T1000000123,2026-04-13,due_date_amount
CL90,C100083,T1000000124,2025-10-15,due_date_amount
CL91,C100083,T1000000124,2026-04-14,due_date_amount
CL3875,C100085,T1000000126,2025-10-04,autopay
CL3876,C100085,T1000000126,2026-06-01,autopay
CL92,C100086,T1000000129,2025-10-27,due_date_amount
CL93,C100086,T1000000129,2026-01-30,payment_status
CL94,C100086,T1000000129,2026-06-17,due_date_amount
CL95,C100086,T1000000130,2026-05-11,payment_status
CL96,C100087,T1000000131,2026-02-22,due_date_amount
CL97,C100092,T1000000138,2026-04-01,payment_status
CL98,C100092,T1000000138,2026-06-25,payment_status
CL4538,C100092,T1000000139,2025-12-04,tax_consent
CL4539,C100092,T1000000139,2025-12-17,tax_consent
CL99,C100093,T1000000140,2025-12-04,payment_status
CL100,C100093,T1000000141,2026-06-13,due_date_amount
CL101,C100094,T1000000142,2025-10-12,payment_status
CL4540,C100097,T1000000146,2026-02-27,tax_consent
CL102,C100098,T1000000147,2025-11-25,due_date_amount
CL103,C100098,T1000000147,2026-03-27,due_date_amount
CL104,C100098,T1000000147,2026-05-25,due_date_amount
CL105,C100104,T1000000157,2026-04-25,due_date_amount
CL106,C100105,T1000000158,2025-10-13,due_date_amount
CL4815,C100105,T1000000158,2025-11-07,autopay
CL107,C100105,T1000000158,2025-12-18,payment_status
CL108,C100105,T1000000158,2026-02-11,due_date_amount
CL109,C100105,T1000000158,2026-03-12,due_date_amount
CL110,C100105,T1000000158,2026-05-06,due_date_amount
CL111,C100107,T1000000160,2026-03-29,payment_status
CL112,C100107,T1000000160,2026-06-23,due_date_amount
CL113,C100109,T1000000162,2025-11-03,payment_status
CL114,C100109,T1000000162,2026-05-28,due_date_amount
CL4788,C100111,T1000000165,2026-05-13,autopay
CL115,C100112,T1000000166,2025-11-13,due_date_amount
CL116,C100112,T1000000166,2026-05-14,due_date_amount
CL117,C100112,T1000000166,2026-05-24,payment_status
CL4541,C100113,T1000000168,2026-02-08,tax_consent
CL4542,C100113,T1000000168,2026-02-09,tax_consent
CL118,C100113,T1000000169,2025-11-09,payment_status
CL119,C100113,T1000000169,2025-11-27,due_date_amount
CL120,C100113,T1000000169,2026-04-07,payment_status
CL121,C100113,T1000000169,2026-06-06,payment_status
CL122,C100113,T1000000169,2026-06-30,due_date_amount
CL123,C100114,T1000000170,2026-04-19,due_date_amount
CL124,C100117,T1000000173,2026-04-19,payment_status
CL125,C100117,T1000000174,2026-01-23,due_date_amount
CL126,C100117,T1000000174,2026-02-26,payment_status
CL4852,C100117,T1000000174,2026-03-05,autopay
CL127,C100117,T1000000174,2026-04-22,due_date_amount
CL4417,C100117,T1000000174,2026-04-28,loan_repayment
CL128,C100117,T1000000175,2026-01-10,payment_status
CL129,C100117,T1000000175,2026-03-30,due_date_amount
CL130,C100119,T1000000177,2025-12-28,due_date_amount
CL131,C100119,T1000000178,2025-10-03,due_date_amount
CL132,C100119,T1000000178,2025-10-12,payment_status
CL133,C100119,T1000000178,2025-12-10,payment_status
CL4543,C100120,T1000000179,2025-12-22,tax_consent
CL3877,C100121,T1000000181,2026-01-04,autopay
CL134,C100123,T1000000183,2025-11-24,due_date_amount
CL135,C100124,T1000000185,2026-04-03,payment_status
CL136,C100126,T1000000187,2026-01-12,due_date_amount
CL137,C100128,T1000000189,2025-10-11,due_date_amount
CL138,C100128,T1000000189,2025-12-09,due_date_amount
CL139,C100128,T1000000189,2026-01-02,due_date_amount
CL140,C100128,T1000000189,2026-03-05,due_date_amount
CL141,C100128,T1000000189,2026-04-02,due_date_amount
CL142,C100128,T1000000191,2025-10-22,payment_status
CL143,C100128,T1000000191,2025-11-16,due_date_amount
CL144,C100128,T1000000191,2026-05-16,due_date_amount
CL3878,C100130,T1000000194,2025-11-28,autopay
CL145,C100132,T1000000197,2026-02-14,payment_status
CL146,C100134,T1000000200,2026-01-09,payment_status
CL147,C100136,T1000000203,2025-10-02,payment_status
CL148,C100138,T1000000205,2026-04-04,payment_status
CL149,C100138,T1000000206,2026-05-14,due_date_amount
CL150,C100140,T1000000209,2025-11-20,due_date_amount
CL151,C100140,T1000000209,2026-04-17,due_date_amount
CL152,C100140,T1000000209,2026-06-23,payment_status
CL153,C100141,T1000000210,2026-02-08,due_date_amount
CL154,C100142,T1000000211,2026-01-03,due_date_amount
CL155,C100143,T1000000213,2026-04-16,due_date_amount
CL156,C100143,T1000000213,2026-06-22,payment_status
CL157,C100144,T1000000214,2026-02-14,payment_status
CL158,C100147,T1000000218,2026-01-02,due_date_amount
CL159,C100147,T1000000218,2026-01-14,payment_status
CL160,C100147,T1000000218,2026-02-10,payment_status
CL161,C100147,T1000000218,2026-04-04,due_date_amount
CL162,C100147,T1000000218,2026-06-02,due_date_amount
CL3879,C100148,T1000000219,2026-04-27,autopay
CL163,C100149,T1000000221,2026-05-17,payment_status
CL3880,C100149,T1000000221,2026-05-20,autopay
CL164,C100151,T1000000223,2025-11-27,due_date_amount
CL165,C100151,T1000000223,2025-12-07,payment_status
CL166,C100151,T1000000223,2026-03-03,due_date_amount
CL167,C100151,T1000000223,2026-06-30,due_date_amount
CL168,C100152,T1000000224,2026-03-09,payment_status
CL169,C100152,T1000000224,2026-03-29,due_date_amount
CL170,C100152,T1000000224,2026-05-07,payment_status
CL171,C100154,T1000000226,2025-10-30,due_date_amount
CL3881,C100155,T1000000227,2026-05-02,autopay
CL172,C100156,T1000000229,2025-12-16,due_date_amount
CL173,C100156,T1000000229,2026-06-15,due_date_amount
CL174,C100156,T1000000229,2026-06-19,payment_status
CL175,C100158,T1000000233,2026-04-20,due_date_amount
CL4544,C100160,T1000000238,2026-02-21,tax_consent
CL176,C100162,T1000000240,2025-10-11,due_date_amount
CL177,C100162,T1000000240,2026-01-15,payment_status
CL178,C100162,T1000000240,2026-02-08,due_date_amount
CL179,C100162,T1000000240,2026-04-18,payment_status
CL180,C100162,T1000000240,2026-05-14,payment_status
CL181,C100162,T1000000240,2026-06-10,due_date_amount
CL182,C100162,T1000000242,2026-03-09,due_date_amount
CL183,C100162,T1000000242,2026-06-19,payment_status
CL184,C100163,T1000000243,2026-06-16,due_date_amount
CL3882,C100164,T1000000245,2026-04-10,autopay
CL185,C100165,T1000000246,2025-12-26,payment_status
CL186,C100165,T1000000246,2026-05-18,due_date_amount
CL3883,C100166,T1000000247,2026-05-21,autopay
CL187,C100166,T1000000248,2025-10-14,due_date_amount
CL188,C100167,T1000000251,2025-10-18,due_date_amount
CL189,C100167,T1000000251,2026-04-29,payment_status
CL4418,C100168,T1000000252,2025-12-28,loan_repayment
CL190,C100168,T1000000252,2026-04-15,payment_status
CL191,C100168,T1000000254,2025-12-24,payment_status
CL192,C100168,T1000000254,2026-01-19,due_date_amount
CL193,C100168,T1000000254,2026-04-18,due_date_amount
CL194,C100168,T1000000254,2026-06-19,due_date_amount
CL195,C100170,T1000000256,2025-10-04,due_date_amount
CL196,C100170,T1000000256,2025-11-09,payment_status
CL197,C100170,T1000000256,2025-12-02,due_date_amount
CL198,C100170,T1000000256,2026-03-10,payment_status
CL199,C100170,T1000000256,2026-06-02,due_date_amount
CL200,C100172,T1000000259,2025-12-21,due_date_amount
CL201,C100173,T1000000261,2025-11-12,due_date_amount
CL202,C100173,T1000000261,2026-01-20,payment_status
CL4843,C100175,T1000000264,2025-11-18,loan_repayment
CL4808,C100177,T1000000266,2026-05-25,payment_status
CL203,C100178,T1000000267,2025-11-23,payment_status
CL204,C100179,T1000000268,2025-12-26,due_date_amount
CL205,C100179,T1000000268,2026-04-27,due_date_amount
CL206,C100179,T1000000268,2026-06-25,due_date_amount
CL207,C100181,T1000000271,2026-01-26,due_date_amount
CL4545,C100182,T1000000273,2025-10-27,tax_consent
CL208,C100182,T1000000274,2026-02-14,payment_status
CL209,C100183,T1000000275,2026-01-14,due_date_amount
CL210,C100183,T1000000276,2026-03-23,payment_status
CL211,C100183,T1000000276,2026-06-23,payment_status
CL212,C100189,T1000000282,2025-10-14,due_date_amount
CL213,C100189,T1000000282,2026-04-11,due_date_amount
CL3884,C100190,T1000000284,2026-01-22,autopay
CL214,C100191,T1000000286,2025-10-19,payment_status
CL215,C100191,T1000000287,2026-03-27,payment_status
CL216,C100193,T1000000290,2025-10-31,due_date_amount
CL217,C100193,T1000000290,2026-02-04,payment_status
CL218,C100193,T1000000290,2026-04-30,due_date_amount
CL219,C100194,T1000000291,2026-03-08,due_date_amount
CL220,C100195,T1000000293,2025-10-13,due_date_amount
CL221,C100195,T1000000293,2026-01-21,payment_status
CL222,C100195,T1000000293,2026-02-13,due_date_amount
CL4546,C100197,T1000000295,2025-10-08,tax_consent
CL223,C100199,T1000000297,2025-11-26,due_date_amount
CL224,C100199,T1000000297,2026-01-07,payment_status
CL225,C100199,T1000000297,2026-03-31,due_date_amount
CL226,C100200,T1000000298,2025-11-21,due_date_amount
CL227,C100200,T1000000298,2026-02-28,payment_status
CL228,C100201,T1000000299,2025-10-15,payment_status
CL229,C100201,T1000000299,2026-01-05,due_date_amount
CL230,C100201,T1000000299,2026-03-17,payment_status
CL231,C100201,T1000000299,2026-05-08,due_date_amount
CL232,C100203,T1000000302,2025-12-29,due_date_amount
CL233,C100206,T1000000306,2025-12-20,payment_status
CL234,C100206,T1000000306,2026-03-12,due_date_amount
CL4419,C100208,T1000000309,2025-12-30,loan_repayment
CL4420,C100208,T1000000309,2026-01-28,loan_repayment
CL235,C100208,T1000000309,2026-05-10,due_date_amount
CL236,C100208,T1000000310,2025-11-07,due_date_amount
CL237,C100209,T1000000311,2025-10-15,due_date_amount
CL4421,C100209,T1000000311,2025-10-29,loan_repayment
CL238,C100209,T1000000311,2025-12-17,due_date_amount
CL239,C100209,T1000000311,2026-01-19,payment_status
CL240,C100209,T1000000311,2026-02-19,payment_status
CL241,C100213,T1000000316,2026-03-23,payment_status
CL3885,C100214,T1000000317,2025-12-18,autopay
CL242,C100214,T1000000317,2025-12-19,payment_status
CL243,C100214,T1000000318,2025-11-14,due_date_amount
CL244,C100214,T1000000318,2025-11-20,payment_status
CL245,C100214,T1000000318,2026-01-12,due_date_amount
CL246,C100214,T1000000318,2026-03-16,due_date_amount
CL247,C100214,T1000000318,2026-04-12,due_date_amount
CL248,C100214,T1000000318,2026-05-21,payment_status
CL249,C100216,T1000000320,2026-05-01,due_date_amount
CL4547,C100216,T1000000322,2026-05-15,tax_consent
CL250,C100217,T1000000323,2025-11-09,due_date_amount
CL251,C100219,T1000000325,2025-12-22,due_date_amount
CL252,C100220,T1000000327,2025-10-16,due_date_amount
CL253,C100220,T1000000327,2025-12-16,due_date_amount
CL254,C100220,T1000000327,2026-03-20,payment_status
CL255,C100220,T1000000328,2026-02-14,due_date_amount
CL256,C100220,T1000000328,2026-02-19,payment_status
CL257,C100225,T1000000333,2025-10-04,payment_status
CL258,C100225,T1000000333,2026-04-05,payment_status
CL3886,C100225,T1000000333,2026-04-05,autopay
CL3887,C100225,T1000000334,2026-01-27,autopay
CL259,C100227,T1000000337,2026-01-26,due_date_amount
CL260,C100227,T1000000337,2026-05-06,payment_status
CL261,C100228,T1000000338,2025-11-05,payment_status
CL3888,C100230,T1000000340,2026-03-29,autopay
CL262,C100230,T1000000340,2026-03-30,payment_status
CL263,C100231,T1000000341,2026-03-24,due_date_amount
CL4747,C100233,T1000000343,2026-03-24,loan_repayment
CL264,C100233,T1000000344,2025-12-21,payment_status
CL265,C100233,T1000000344,2026-03-21,payment_status
CL266,C100233,T1000000345,2025-11-27,due_date_amount
CL267,C100233,T1000000345,2026-01-23,due_date_amount
CL268,C100233,T1000000345,2026-02-24,due_date_amount
CL269,C100233,T1000000345,2026-04-03,payment_status
CL270,C100233,T1000000345,2026-06-25,due_date_amount
CL271,C100234,T1000000346,2025-12-03,payment_status
CL272,C100234,T1000000346,2026-02-26,due_date_amount
CL273,C100234,T1000000346,2026-06-27,due_date_amount
CL274,C100235,T1000000348,2026-02-21,due_date_amount
CL275,C100235,T1000000349,2025-11-14,payment_status
CL276,C100235,T1000000349,2026-01-09,payment_status
CL3889,C100238,T1000000354,2026-06-14,autopay
CL277,C100239,T1000000356,2025-09-30,payment_status
CL278,C100239,T1000000356,2026-02-28,payment_status
CL279,C100240,T1000000358,2025-11-10,due_date_amount
CL280,C100242,T1000000360,2026-02-08,due_date_amount
CL281,C100244,T1000000363,2026-03-19,due_date_amount
CL282,C100244,T1000000363,2026-06-16,due_date_amount
CL283,C100246,T1000000365,2025-11-23,due_date_amount
CL284,C100246,T1000000365,2025-12-02,payment_status
CL285,C100246,T1000000365,2026-01-25,due_date_amount
CL3890,C100247,T1000000366,2026-01-05,autopay
CL286,C100247,T1000000366,2026-04-04,payment_status
CL287,C100247,T1000000366,2026-05-06,payment_status
CL288,C100247,T1000000366,2026-05-23,due_date_amount
CL289,C100248,T1000000367,2025-10-09,due_date_amount
CL3891,C100248,T1000000367,2025-10-20,autopay
CL4807,C100251,T1000000372,2026-01-06,due_date_amount
CL290,C100255,T1000000378,2025-10-20,due_date_amount
CL291,C100255,T1000000378,2026-02-17,due_date_amount
CL292,C100256,T1000000379,2025-12-16,payment_status
CL3892,C100256,T1000000379,2026-05-18,autopay
CL293,C100258,T1000000382,2025-10-08,payment_status
CL3893,C100258,T1000000382,2025-10-09,autopay
CL294,C100258,T1000000382,2026-01-26,due_date_amount
CL295,C100258,T1000000382,2026-05-08,payment_status
CL3894,C100261,T1000000388,2025-10-30,autopay
CL296,C100261,T1000000388,2025-11-29,payment_status
CL3895,C100263,T1000000391,2025-10-21,autopay
CL297,C100264,T1000000392,2025-10-17,payment_status
CL298,C100264,T1000000392,2026-01-09,due_date_amount
CL299,C100264,T1000000392,2026-02-08,due_date_amount
CL300,C100264,T1000000392,2026-05-06,due_date_amount
CL301,C100264,T1000000392,2026-06-16,payment_status
CL302,C100267,T1000000397,2026-05-25,payment_status
CL303,C100270,T1000000401,2026-06-01,payment_status
CL4548,C100270,T1000000402,2025-11-07,tax_consent
CL3896,C100270,T1000000403,2025-11-08,autopay
CL304,C100271,T1000000405,2026-03-20,payment_status
CL3897,C100271,T1000000405,2026-06-16,autopay
CL305,C100272,T1000000406,2026-02-14,payment_status
CL306,C100273,T1000000407,2025-12-12,due_date_amount
CL307,C100274,T1000000408,2026-03-20,due_date_amount
CL308,C100275,T1000000409,2025-12-23,due_date_amount
CL309,C100275,T1000000409,2026-06-23,due_date_amount
CL310,C100275,T1000000409,2026-06-30,payment_status
CL311,C100275,T1000000410,2025-10-03,due_date_amount
CL312,C100275,T1000000410,2025-12-01,due_date_amount
CL313,C100275,T1000000410,2026-01-10,payment_status
CL314,C100275,T1000000410,2026-02-01,due_date_amount
CL315,C100275,T1000000410,2026-04-27,due_date_amount
CL3898,C100276,T1000000411,2026-03-04,autopay
CL316,C100277,T1000000412,2025-10-30,payment_status
CL317,C100277,T1000000412,2026-01-22,due_date_amount
CL318,C100277,T1000000412,2026-01-29,payment_status
CL319,C100277,T1000000412,2026-05-29,payment_status
CL320,C100277,T1000000413,2025-10-17,payment_status
CL3899,C100277,T1000000413,2025-10-20,autopay
CL321,C100277,T1000000413,2025-12-16,payment_status
CL322,C100277,T1000000413,2026-06-02,due_date_amount
CL323,C100281,T1000000417,2026-05-12,payment_status
CL324,C100281,T1000000418,2025-12-24,due_date_amount
CL325,C100282,T1000000419,2026-03-18,due_date_amount
CL4549,C100283,T1000000420,2026-01-12,tax_consent
CL4550,C100283,T1000000420,2026-01-14,tax_consent
CL326,C100283,T1000000421,2026-04-19,due_date_amount
CL3900,C100283,T1000000421,2026-05-27,autopay
CL327,C100283,T1000000421,2026-05-30,payment_status
CL3901,C100283,T1000000421,2026-06-01,autopay
CL328,C100285,T1000000423,2025-10-06,payment_status
CL329,C100285,T1000000423,2025-11-25,due_date_amount
CL330,C100285,T1000000423,2026-01-24,due_date_amount
CL331,C100285,T1000000423,2026-02-21,due_date_amount
CL332,C100285,T1000000423,2026-03-23,due_date_amount
CL333,C100285,T1000000423,2026-05-02,payment_status
CL334,C100285,T1000000423,2026-06-21,due_date_amount
CL4778,C100286,T1000000425,2025-12-29,autopay
CL4793,C100286,T1000000425,2026-04-27,tax_consent
CL335,C100287,T1000000427,2026-03-06,due_date_amount
CL4757,C100287,T1000000428,2026-06-15,tax_consent
CL3902,C100288,T1000000429,2025-11-10,autopay
CL4551,C100289,T1000000431,2026-03-13,tax_consent
CL3903,C100291,T1000000433,2026-01-13,autopay
CL336,C100294,T1000000438,2025-10-16,due_date_amount
CL337,C100294,T1000000438,2025-12-13,due_date_amount
CL338,C100294,T1000000438,2026-06-09,due_date_amount
CL339,C100295,T1000000439,2026-01-30,payment_status
CL340,C100295,T1000000439,2026-06-20,due_date_amount
CL4422,C100295,T1000000441,2025-12-25,loan_repayment
CL4423,C100295,T1000000441,2026-01-29,loan_repayment
CL341,C100295,T1000000441,2026-04-05,payment_status
CL342,C100296,T1000000442,2025-10-20,payment_status
CL3904,C100296,T1000000442,2026-04-21,autopay
CL343,C100297,T1000000445,2025-11-18,payment_status
CL344,C100298,T1000000446,2026-01-08,payment_status
CL345,C100298,T1000000447,2026-02-14,due_date_amount
CL346,C100299,T1000000449,2026-05-27,payment_status
CL3905,C100299,T1000000449,2026-06-29,autopay
CL347,C100300,T1000000451,2026-03-05,due_date_amount
CL348,C100300,T1000000452,2026-02-28,payment_status
CL349,C100300,T1000000452,2026-05-30,payment_status
CL350,C100301,T1000000453,2025-10-27,due_date_amount
CL351,C100301,T1000000453,2026-01-22,due_date_amount
CL352,C100301,T1000000455,2026-01-16,payment_status
CL353,C100301,T1000000455,2026-02-15,payment_status
CL354,C100302,T1000000457,2026-06-26,due_date_amount
CL355,C100303,T1000000458,2025-12-26,due_date_amount
CL356,C100303,T1000000458,2026-01-03,payment_status
CL3906,C100303,T1000000458,2026-01-03,autopay
CL3907,C100303,T1000000458,2026-01-05,autopay
CL357,C100304,T1000000459,2026-05-16,payment_status
CL358,C100305,T1000000460,2025-11-27,due_date_amount
CL4744,C100305,T1000000460,2026-01-08,due_date_amount
CL359,C100305,T1000000460,2026-03-07,payment_status
CL360,C100305,T1000000461,2026-02-27,due_date_amount
CL361,C100305,T1000000461,2026-04-12,payment_status
CL362,C100307,T1000000465,2026-04-11,payment_status
CL3908,C100307,T1000000465,2026-04-11,autopay
CL363,C100309,T1000000467,2026-03-30,due_date_amount
CL364,C100309,T1000000467,2026-06-04,payment_status
CL3909,C100309,T1000000467,2026-06-05,autopay
CL3910,C100309,T1000000468,2026-02-16,autopay
CL365,C100309,T1000000468,2026-02-18,payment_status
CL3911,C100309,T1000000468,2026-02-18,autopay
CL366,C100311,T1000000470,2025-10-19,due_date_amount
CL367,C100311,T1000000470,2025-11-26,payment_status
CL368,C100311,T1000000470,2026-01-12,due_date_amount
CL369,C100311,T1000000470,2026-02-11,due_date_amount
CL370,C100311,T1000000471,2025-12-15,payment_status
CL371,C100311,T1000000471,2026-03-14,payment_status
CL372,C100311,T1000000471,2026-06-11,payment_status
CL3912,C100312,T1000000474,2025-10-17,autopay
CL3913,C100312,T1000000474,2025-11-17,autopay
CL3914,C100312,T1000000474,2026-02-16,autopay
CL373,C100314,T1000000476,2025-11-08,payment_status
CL374,C100314,T1000000476,2026-02-01,due_date_amount
CL375,C100316,T1000000479,2025-10-26,due_date_amount
CL376,C100316,T1000000479,2026-05-01,payment_status
CL377,C100316,T1000000479,2026-05-29,payment_status
CL378,C100316,T1000000480,2025-10-03,payment_status
CL379,C100316,T1000000480,2026-03-29,due_date_amount
CL380,C100317,T1000000481,2026-04-01,due_date_amount
CL381,C100317,T1000000481,2026-05-04,due_date_amount
CL382,C100318,T1000000483,2025-11-15,due_date_amount
CL383,C100318,T1000000483,2026-02-14,due_date_amount
CL384,C100318,T1000000483,2026-05-15,due_date_amount
CL385,C100319,T1000000484,2026-05-20,due_date_amount
CL386,C100320,T1000000485,2026-01-17,due_date_amount
CL387,C100322,T1000000488,2025-11-18,due_date_amount
CL388,C100322,T1000000488,2026-02-15,due_date_amount
CL3915,C100323,T1000000489,2025-10-18,autopay
CL389,C100323,T1000000489,2025-12-18,payment_status
CL3916,C100323,T1000000489,2026-03-22,autopay
CL4552,C100323,T1000000489,2026-05-19,tax_consent
CL390,C100324,T1000000491,2026-03-06,due_date_amount
CL4730,C100324,T1000000491,2026-05-19,autopay
CL391,C100325,T1000000493,2026-01-16,payment_status
CL3917,C100326,T1000000496,2026-03-30,autopay
CL392,C100326,T1000000497,2026-02-05,payment_status
CL393,C100326,T1000000498,2026-04-08,due_date_amount
CL394,C100327,T1000000499,2025-10-07,due_date_amount
CL395,C100328,T1000000500,2026-02-26,payment_status
CL4736,C100329,T1000000502,2026-03-07,payment_status
CL396,C100331,T1000000505,2026-05-26,payment_status
CL397,C100331,T1000000507,2025-11-10,payment_status
CL3918,C100331,T1000000507,2026-06-08,autopay
CL398,C100331,T1000000507,2026-06-09,payment_status
CL3919,C100334,T1000000510,2025-10-13,autopay
CL4818,C100337,T1000000516,2025-10-03,due_date_amount
CL3920,C100337,T1000000516,2025-10-22,autopay
CL399,C100337,T1000000516,2025-10-23,payment_status
CL400,C100337,T1000000516,2025-12-12,due_date_amount
CL401,C100337,T1000000516,2026-01-23,payment_status
CL3921,C100337,T1000000516,2026-02-21,autopay
CL3922,C100337,T1000000516,2026-02-21,autopay
CL402,C100337,T1000000517,2025-10-11,due_date_amount
CL4795,C100338,T1000000518,2026-05-13,tax_consent
CL403,C100339,T1000000519,2025-10-11,due_date_amount
CL404,C100339,T1000000519,2025-11-09,due_date_amount
CL405,C100339,T1000000519,2026-01-10,due_date_amount
CL406,C100339,T1000000519,2026-02-18,payment_status
CL407,C100339,T1000000519,2026-03-17,payment_status
CL408,C100339,T1000000519,2026-04-09,due_date_amount
CL409,C100339,T1000000519,2026-06-09,due_date_amount
CL3923,C100340,T1000000520,2026-02-21,autopay
CL410,C100341,T1000000521,2026-03-08,due_date_amount
CL3924,C100342,T1000000522,2026-01-25,autopay
CL3925,C100342,T1000000522,2026-05-25,autopay
CL411,C100342,T1000000522,2026-05-28,payment_status
CL412,C100342,T1000000522,2026-06-28,payment_status
CL413,C100344,T1000000524,2025-11-10,due_date_amount
CL414,C100344,T1000000524,2026-01-06,due_date_amount
CL415,C100344,T1000000524,2026-05-17,payment_status
CL416,C100345,T1000000525,2025-10-30,payment_status
CL417,C100345,T1000000525,2025-11-23,due_date_amount
CL418,C100345,T1000000525,2026-01-23,due_date_amount
CL419,C100345,T1000000525,2026-01-27,payment_status
CL420,C100345,T1000000525,2026-03-01,payment_status
CL421,C100345,T1000000525,2026-03-30,payment_status
CL422,C100345,T1000000525,2026-04-22,due_date_amount
CL423,C100347,T1000000527,2026-01-24,due_date_amount
CL424,C100347,T1000000527,2026-04-05,payment_status
CL3926,C100348,T1000000529,2026-05-31,autopay
CL425,C100349,T1000000530,2026-05-02,due_date_amount
CL426,C100349,T1000000530,2026-05-31,due_date_amount
CL427,C100349,T1000000530,2026-06-27,due_date_amount
CL428,C100349,T1000000531,2026-03-21,due_date_amount
CL429,C100349,T1000000531,2026-04-01,payment_status
CL430,C100349,T1000000531,2026-04-27,payment_status
CL431,C100350,T1000000532,2025-10-24,due_date_amount
CL432,C100350,T1000000532,2026-03-28,payment_status
CL3927,C100350,T1000000532,2026-05-01,autopay
CL433,C100353,T1000000537,2025-10-02,due_date_amount
CL434,C100354,T1000000539,2025-10-21,due_date_amount
CL3928,C100354,T1000000539,2025-10-26,autopay
CL435,C100355,T1000000541,2026-01-29,payment_status
CL436,C100355,T1000000541,2026-06-02,payment_status
CL4553,C100355,T1000000543,2025-10-16,tax_consent
CL3929,C100355,T1000000543,2026-05-18,autopay
CL3930,C100355,T1000000543,2026-06-14,autopay
CL437,C100356,T1000000544,2025-10-22,due_date_amount
CL438,C100356,T1000000544,2026-03-28,payment_status
CL3931,C100356,T1000000545,2026-02-22,autopay
CL439,C100356,T1000000545,2026-06-12,due_date_amount
CL440,C100358,T1000000548,2025-10-24,due_date_amount
CL441,C100358,T1000000548,2026-03-23,due_date_amount
CL442,C100358,T1000000548,2026-05-29,payment_status
CL443,C100360,T1000000551,2026-01-04,payment_status
CL444,C100360,T1000000552,2026-04-28,due_date_amount
CL445,C100361,T1000000555,2025-11-18,due_date_amount
CL446,C100361,T1000000555,2026-02-16,due_date_amount
CL447,C100361,T1000000555,2026-03-18,due_date_amount
CL448,C100361,T1000000555,2026-05-16,due_date_amount
CL449,C100362,T1000000556,2025-12-12,payment_status
CL4802,C100363,T1000000557,2026-05-01,due_date_amount
CL450,C100365,T1000000559,2025-12-19,due_date_amount
CL451,C100365,T1000000559,2026-03-22,due_date_amount
CL452,C100366,T1000000561,2026-06-11,due_date_amount
CL453,C100367,T1000000562,2025-11-01,due_date_amount
CL454,C100367,T1000000562,2026-03-11,payment_status
CL455,C100367,T1000000562,2026-06-29,due_date_amount
CL456,C100369,T1000000565,2026-01-13,payment_status
CL457,C100371,T1000000568,2025-10-20,due_date_amount
CL458,C100371,T1000000568,2025-11-20,due_date_amount
CL459,C100371,T1000000568,2026-02-22,due_date_amount
CL460,C100371,T1000000568,2026-04-22,due_date_amount
CL461,C100371,T1000000568,2026-06-21,due_date_amount
CL462,C100372,T1000000569,2025-10-17,due_date_amount
CL463,C100374,T1000000572,2026-02-17,due_date_amount
CL4721,C100375,T1000000574,2026-02-27,loan_repayment
CL464,C100378,T1000000578,2026-03-30,due_date_amount
CL465,C100380,T1000000581,2026-04-20,due_date_amount
CL4737,C100382,T1000000583,2026-02-21,loan_repayment
CL466,C100385,T1000000590,2026-01-21,due_date_amount
CL467,C100385,T1000000590,2026-02-25,payment_status
CL468,C100385,T1000000590,2026-06-20,due_date_amount
CL469,C100387,T1000000592,2026-04-02,due_date_amount
CL470,C100388,T1000000593,2026-04-14,due_date_amount
CL471,C100389,T1000000596,2025-12-12,due_date_amount
CL472,C100390,T1000000597,2025-11-11,payment_status
CL473,C100390,T1000000597,2026-05-05,payment_status
CL3932,C100390,T1000000597,2026-05-05,autopay
CL3933,C100390,T1000000597,2026-05-08,autopay
CL4798,C100392,T1000000601,2025-11-26,loan_repayment
CL474,C100392,T1000000601,2026-04-20,due_date_amount
CL475,C100393,T1000000602,2026-02-20,payment_status
CL476,C100393,T1000000604,2026-01-22,payment_status
CL477,C100394,T1000000606,2025-12-24,due_date_amount
CL478,C100394,T1000000606,2026-03-29,due_date_amount
CL479,C100394,T1000000607,2025-10-04,payment_status
CL480,C100394,T1000000607,2026-02-23,due_date_amount
CL3934,C100396,T1000000609,2026-03-05,autopay
CL481,C100397,T1000000610,2026-04-16,payment_status
CL482,C100397,T1000000610,2026-05-09,due_date_amount
CL4846,C100403,T1000000620,2025-10-08,due_date_amount
CL3935,C100404,T1000000621,2026-02-15,autopay
CL483,C100405,T1000000622,2025-10-27,payment_status
CL484,C100406,T1000000623,2025-10-22,due_date_amount
CL485,C100406,T1000000623,2026-03-05,payment_status
CL4554,C100409,T1000000627,2026-05-30,tax_consent
CL4424,C100410,T1000000628,2025-10-30,loan_repayment
CL4425,C100410,T1000000628,2025-12-01,loan_repayment
CL4426,C100410,T1000000628,2026-02-26,loan_repayment
CL486,C100412,T1000000630,2025-11-30,due_date_amount
CL487,C100412,T1000000630,2025-12-08,payment_status
CL488,C100413,T1000000631,2026-03-08,due_date_amount
CL489,C100413,T1000000633,2025-10-25,due_date_amount
CL490,C100413,T1000000633,2025-12-25,due_date_amount
CL491,C100415,T1000000636,2026-04-10,payment_status
CL492,C100415,T1000000636,2026-06-29,due_date_amount
CL493,C100415,T1000000637,2025-12-24,due_date_amount
CL494,C100416,T1000000639,2025-11-04,payment_status
CL3936,C100418,T1000000643,2026-06-24,autopay
CL495,C100422,T1000000647,2025-10-08,due_date_amount
CL496,C100422,T1000000647,2026-03-05,due_date_amount
CL4555,C100423,T1000000648,2026-05-06,tax_consent
CL4556,C100424,T1000000649,2025-11-12,tax_consent
CL3937,C100424,T1000000649,2026-03-26,autopay
CL497,C100424,T1000000649,2026-03-28,payment_status
CL3938,C100424,T1000000649,2026-03-29,autopay
CL4557,C100426,T1000000651,2026-05-12,tax_consent
CL498,C100427,T1000000652,2026-03-24,payment_status
CL499,C100429,T1000000654,2026-05-05,due_date_amount
CL500,C100429,T1000000654,2026-06-04,due_date_amount
CL501,C100431,T1000000656,2026-06-03,payment_status
CL502,C100434,T1000000660,2025-12-04,due_date_amount
CL503,C100434,T1000000660,2026-02-05,due_date_amount
CL504,C100434,T1000000660,2026-06-01,due_date_amount
CL505,C100434,T1000000660,2026-06-09,payment_status
CL506,C100436,T1000000662,2026-01-20,due_date_amount
CL507,C100437,T1000000663,2026-02-17,due_date_amount
CL508,C100437,T1000000663,2026-05-18,due_date_amount
CL509,C100438,T1000000664,2026-01-05,due_date_amount
CL510,C100438,T1000000664,2026-02-12,payment_status
CL511,C100439,T1000000666,2025-10-13,payment_status
CL512,C100439,T1000000667,2025-12-19,due_date_amount
CL513,C100439,T1000000667,2025-12-28,payment_status
CL514,C100439,T1000000667,2026-04-21,due_date_amount
CL515,C100439,T1000000667,2026-05-19,due_date_amount
CL516,C100439,T1000000667,2026-05-29,payment_status
CL517,C100443,T1000000672,2026-03-11,due_date_amount
CL518,C100445,T1000000675,2026-01-23,due_date_amount
CL519,C100445,T1000000675,2026-02-24,due_date_amount
CL520,C100445,T1000000676,2025-12-16,due_date_amount
CL4558,C100445,T1000000676,2026-01-31,tax_consent
CL521,C100445,T1000000676,2026-02-21,payment_status
CL3939,C100445,T1000000676,2026-02-21,autopay
CL3940,C100445,T1000000676,2026-04-22,autopay
CL3941,C100445,T1000000676,2026-05-23,autopay
CL522,C100445,T1000000677,2025-12-30,payment_status
CL523,C100446,T1000000678,2026-05-19,due_date_amount
CL524,C100447,T1000000679,2026-01-22,due_date_amount
CL525,C100449,T1000000681,2025-11-27,payment_status
CL526,C100449,T1000000681,2026-01-27,payment_status
CL527,C100449,T1000000682,2025-10-13,due_date_amount
CL528,C100449,T1000000682,2026-02-17,payment_status
CL4559,C100449,T1000000683,2025-12-26,tax_consent
CL529,C100449,T1000000683,2026-02-10,payment_status
CL3942,C100449,T1000000683,2026-02-10,autopay
CL3943,C100449,T1000000683,2026-05-09,autopay
CL530,C100450,T1000000684,2026-01-05,payment_status
CL531,C100450,T1000000685,2026-05-27,payment_status
CL532,C100450,T1000000685,2026-06-27,payment_status
CL533,C100450,T1000000686,2025-12-16,payment_status
CL534,C100450,T1000000686,2026-06-06,due_date_amount
CL535,C100451,T1000000687,2026-04-19,payment_status
CL3944,C100451,T1000000688,2025-10-07,autopay
CL536,C100451,T1000000688,2025-10-08,payment_status
CL537,C100451,T1000000688,2026-04-06,payment_status
CL538,C100452,T1000000689,2025-10-22,due_date_amount
CL539,C100453,T1000000691,2026-03-11,due_date_amount
CL4560,C100454,T1000000692,2026-06-25,tax_consent
CL540,C100456,T1000000694,2026-03-07,due_date_amount
CL541,C100457,T1000000696,2025-11-20,due_date_amount
CL542,C100457,T1000000696,2026-02-15,due_date_amount
CL543,C100457,T1000000696,2026-03-16,due_date_amount
CL544,C100457,T1000000696,2026-05-17,due_date_amount
CL545,C100457,T1000000696,2026-06-23,payment_status
CL546,C100457,T1000000697,2025-10-14,due_date_amount
CL547,C100457,T1000000698,2026-01-27,due_date_amount
CL548,C100461,T1000000702,2025-10-23,payment_status
CL3945,C100463,T1000000705,2025-11-16,autopay
CL3946,C100463,T1000000705,2026-02-14,autopay
CL549,C100465,T1000000708,2025-12-11,due_date_amount
CL550,C100465,T1000000708,2026-02-08,due_date_amount
CL551,C100466,T1000000709,2026-03-30,payment_status
CL552,C100467,T1000000710,2026-06-02,due_date_amount
CL553,C100470,T1000000713,2025-12-31,payment_status
CL554,C100470,T1000000713,2026-04-26,due_date_amount
CL555,C100472,T1000000716,2025-10-28,payment_status
CL556,C100472,T1000000716,2026-01-17,due_date_amount
CL557,C100472,T1000000716,2026-06-24,payment_status
CL3947,C100472,T1000000717,2026-06-05,autopay
CL558,C100475,T1000000721,2026-05-26,due_date_amount
CL559,C100475,T1000000722,2026-02-11,due_date_amount
CL4864,C100475,T1000000723,2025-11-14,loan_repayment
CL560,C100476,T1000000724,2026-01-02,payment_status
CL561,C100476,T1000000724,2026-06-28,due_date_amount
CL562,C100477,T1000000725,2025-10-06,due_date_amount
CL563,C100477,T1000000725,2026-01-11,payment_status
CL564,C100477,T1000000726,2026-03-18,due_date_amount
CL4561,C100478,T1000000727,2025-12-22,tax_consent
CL565,C100478,T1000000727,2025-12-31,payment_status
CL4741,C100479,T1000000731,2026-04-21,payment_status
CL566,C100481,T1000000733,2026-02-18,payment_status
CL4801,C100481,T1000000734,2026-01-24,autopay
CL4562,C100481,T1000000734,2026-06-18,tax_consent
CL567,C100482,T1000000735,2025-11-26,due_date_amount
CL568,C100482,T1000000735,2025-12-27,due_date_amount
CL4805,C100482,T1000000735,2026-01-26,autopay
CL569,C100483,T1000000736,2026-01-18,due_date_amount
CL570,C100483,T1000000736,2026-05-26,payment_status
CL571,C100484,T1000000738,2026-02-04,due_date_amount
CL572,C100486,T1000000741,2026-06-22,due_date_amount
CL573,C100486,T1000000742,2025-10-16,payment_status
CL574,C100486,T1000000742,2025-11-15,payment_status
CL575,C100486,T1000000742,2025-12-08,due_date_amount
CL576,C100486,T1000000742,2025-12-18,payment_status
CL577,C100486,T1000000742,2026-04-11,due_date_amount
CL578,C100486,T1000000742,2026-05-15,payment_status
CL579,C100486,T1000000742,2026-06-12,payment_status
CL4763,C100487,T1000000743,2025-10-19,payment_status
CL580,C100487,T1000000743,2026-04-29,payment_status
CL581,C100488,T1000000744,2025-10-25,payment_status
CL582,C100488,T1000000744,2025-11-24,payment_status
CL583,C100488,T1000000744,2026-01-24,payment_status
CL584,C100488,T1000000744,2026-04-23,payment_status
CL585,C100488,T1000000744,2026-06-19,due_date_amount
CL586,C100488,T1000000744,2026-06-26,payment_status
CL587,C100489,T1000000745,2026-02-03,due_date_amount
CL588,C100489,T1000000745,2026-03-10,payment_status
CL589,C100489,T1000000745,2026-04-06,due_date_amount
CL590,C100489,T1000000745,2026-05-12,payment_status
CL591,C100489,T1000000746,2025-11-02,due_date_amount
CL592,C100489,T1000000746,2026-01-29,due_date_amount
CL593,C100489,T1000000746,2026-03-03,due_date_amount
CL4427,C100490,T1000000747,2026-02-25,loan_repayment
CL4428,C100490,T1000000747,2026-05-28,loan_repayment
CL594,C100490,T1000000748,2026-01-17,payment_status
CL3948,C100492,T1000000751,2026-04-16,autopay
CL595,C100494,T1000000753,2026-02-16,due_date_amount
CL596,C100494,T1000000754,2025-11-22,due_date_amount
CL597,C100494,T1000000754,2026-02-22,payment_status
CL598,C100494,T1000000754,2026-03-26,payment_status
CL599,C100494,T1000000754,2026-06-23,payment_status
CL600,C100496,T1000000758,2025-11-14,payment_status
CL601,C100496,T1000000759,2025-12-05,payment_status
CL602,C100497,T1000000760,2026-05-12,payment_status
CL603,C100498,T1000000761,2025-12-22,payment_status
CL4773,C100499,T1000000762,2025-10-22,loan_repayment
CL604,C100499,T1000000762,2026-02-04,due_date_amount
CL605,C100502,T1000000767,2025-11-14,due_date_amount
CL4563,C100502,T1000000767,2026-05-26,tax_consent
CL606,C100503,T1000000769,2026-03-24,due_date_amount
CL607,C100504,T1000000771,2025-10-29,due_date_amount
CL608,C100504,T1000000772,2026-01-09,due_date_amount
CL609,C100504,T1000000772,2026-05-05,due_date_amount
CL610,C100505,T1000000774,2025-10-29,due_date_amount
CL611,C100505,T1000000774,2026-01-08,payment_status
CL612,C100505,T1000000774,2026-03-30,due_date_amount
CL613,C100505,T1000000774,2026-04-06,payment_status
CL614,C100506,T1000000775,2025-10-08,payment_status
CL615,C100506,T1000000775,2025-10-28,due_date_amount
CL616,C100506,T1000000775,2025-11-28,due_date_amount
CL617,C100506,T1000000775,2026-02-22,due_date_amount
CL618,C100506,T1000000775,2026-03-04,payment_status
CL619,C100506,T1000000775,2026-04-03,payment_status
CL620,C100506,T1000000775,2026-04-24,due_date_amount
CL621,C100506,T1000000777,2025-12-09,due_date_amount
CL622,C100506,T1000000777,2026-06-12,payment_status
CL4718,C100507,T1000000778,2026-01-20,loan_repayment
CL623,C100509,T1000000781,2025-10-02,due_date_amount
CL624,C100509,T1000000781,2025-10-08,payment_status
CL625,C100509,T1000000781,2026-05-06,payment_status
CL626,C100509,T1000000782,2025-10-10,due_date_amount
CL627,C100509,T1000000782,2026-03-09,due_date_amount
CL628,C100510,T1000000783,2025-10-01,due_date_amount
CL629,C100510,T1000000783,2026-02-27,due_date_amount
CL630,C100510,T1000000783,2026-04-30,due_date_amount
CL631,C100510,T1000000784,2026-04-29,payment_status
CL632,C100512,T1000000786,2025-12-28,payment_status
CL633,C100516,T1000000791,2026-04-26,due_date_amount
CL634,C100516,T1000000791,2026-05-28,due_date_amount
CL635,C100517,T1000000793,2025-11-30,due_date_amount
CL636,C100518,T1000000795,2025-11-22,due_date_amount
CL637,C100518,T1000000795,2026-03-23,due_date_amount
CL638,C100518,T1000000795,2026-06-20,due_date_amount
CL639,C100520,T1000000798,2025-10-03,due_date_amount
CL640,C100520,T1000000798,2025-12-27,due_date_amount
CL641,C100520,T1000000798,2026-02-28,due_date_amount
CL642,C100520,T1000000798,2026-05-29,due_date_amount
CL643,C100521,T1000000799,2025-11-11,due_date_amount
CL4750,C100521,T1000000799,2026-01-02,payment_status
CL4429,C100521,T1000000799,2026-01-28,loan_repayment
CL4430,C100521,T1000000799,2026-04-26,loan_repayment
CL644,C100523,T1000000801,2026-02-28,due_date_amount
CL645,C100523,T1000000801,2026-06-04,payment_status
CL3949,C100524,T1000000802,2026-01-18,autopay
CL646,C100524,T1000000802,2026-01-20,payment_status
CL647,C100524,T1000000803,2026-01-22,due_date_amount
CL648,C100524,T1000000803,2026-06-25,payment_status
CL3950,C100525,T1000000804,2025-11-15,autopay
CL3951,C100525,T1000000804,2025-11-18,autopay
CL4431,C100526,T1000000805,2026-05-27,loan_repayment
CL649,C100527,T1000000806,2025-12-20,due_date_amount
CL650,C100527,T1000000806,2026-03-24,due_date_amount
CL651,C100527,T1000000806,2026-06-22,due_date_amount
CL652,C100528,T1000000807,2026-04-25,payment_status
CL3952,C100531,T1000000811,2026-05-27,autopay
CL653,C100531,T1000000811,2026-06-25,payment_status
CL3953,C100531,T1000000811,2026-06-25,autopay
CL654,C100531,T1000000812,2025-10-29,payment_status
CL655,C100531,T1000000812,2025-12-19,due_date_amount
CL656,C100531,T1000000812,2026-04-26,payment_status
CL657,C100532,T1000000814,2025-12-17,due_date_amount
CL658,C100533,T1000000815,2025-10-14,payment_status
CL659,C100533,T1000000815,2026-03-03,due_date_amount
CL660,C100533,T1000000815,2026-05-12,payment_status
CL661,C100533,T1000000815,2026-06-12,payment_status
CL662,C100536,T1000000819,2026-04-24,due_date_amount
CL4809,C100536,T1000000820,2025-12-30,loan_repayment
CL3954,C100536,T1000000820,2026-03-12,autopay
CL3955,C100536,T1000000820,2026-06-09,autopay
CL4432,C100538,T1000000822,2026-03-25,loan_repayment
CL663,C100539,T1000000825,2025-12-01,due_date_amount
CL664,C100539,T1000000825,2026-01-06,payment_status
CL665,C100539,T1000000825,2026-04-29,due_date_amount
CL666,C100540,T1000000826,2026-02-17,payment_status
CL667,C100540,T1000000827,2026-05-14,payment_status
CL3956,C100541,T1000000828,2026-06-21,autopay
CL668,C100541,T1000000828,2026-06-24,payment_status
CL3957,C100541,T1000000829,2025-11-19,autopay
CL669,C100541,T1000000829,2026-05-18,payment_status
CL670,C100541,T1000000830,2026-06-07,payment_status
CL671,C100544,T1000000834,2026-05-04,payment_status
CL672,C100545,T1000000835,2026-03-10,payment_status
CL673,C100547,T1000000839,2026-01-26,due_date_amount
CL674,C100547,T1000000839,2026-01-30,payment_status
CL675,C100547,T1000000839,2026-03-04,payment_status
CL676,C100547,T1000000839,2026-05-25,due_date_amount
CL677,C100547,T1000000839,2026-06-22,due_date_amount
CL678,C100548,T1000000840,2025-12-26,payment_status
CL679,C100548,T1000000840,2026-02-19,due_date_amount
CL680,C100549,T1000000843,2025-11-05,due_date_amount
CL681,C100549,T1000000843,2025-12-05,due_date_amount
CL682,C100549,T1000000843,2026-01-05,due_date_amount
CL683,C100549,T1000000843,2026-01-31,due_date_amount
CL684,C100549,T1000000843,2026-06-05,due_date_amount
CL685,C100551,T1000000847,2026-05-24,due_date_amount
CL686,C100551,T1000000847,2026-05-27,payment_status
CL3958,C100552,T1000000849,2025-10-01,autopay
CL4840,C100552,T1000000849,2026-06-03,tax_consent
CL687,C100554,T1000000852,2025-09-30,due_date_amount
CL688,C100554,T1000000852,2026-01-03,payment_status
CL689,C100554,T1000000852,2026-04-26,due_date_amount
CL690,C100554,T1000000852,2026-06-25,due_date_amount
CL691,C100554,T1000000853,2025-10-15,due_date_amount
CL692,C100554,T1000000853,2026-01-22,payment_status
CL693,C100554,T1000000853,2026-05-13,due_date_amount
CL3959,C100555,T1000000855,2026-02-20,autopay
CL694,C100558,T1000000859,2026-03-18,due_date_amount
CL695,C100562,T1000000863,2026-01-17,due_date_amount
CL696,C100562,T1000000863,2026-03-19,due_date_amount
CL697,C100562,T1000000863,2026-03-25,payment_status
CL698,C100562,T1000000863,2026-04-12,due_date_amount
CL699,C100562,T1000000863,2026-04-23,payment_status
CL700,C100563,T1000000864,2026-01-22,due_date_amount
CL701,C100565,T1000000868,2025-10-30,payment_status
CL702,C100565,T1000000869,2026-04-07,payment_status
CL703,C100567,T1000000871,2025-10-25,payment_status
CL704,C100567,T1000000871,2025-12-20,due_date_amount
CL705,C100567,T1000000871,2026-01-21,due_date_amount
CL706,C100567,T1000000871,2026-03-24,payment_status
CL707,C100567,T1000000871,2026-05-18,due_date_amount
CL708,C100568,T1000000872,2026-03-28,payment_status
CL709,C100568,T1000000872,2026-04-15,due_date_amount
CL710,C100569,T1000000873,2025-12-23,due_date_amount
CL711,C100569,T1000000873,2026-02-18,due_date_amount
CL712,C100569,T1000000873,2026-05-22,due_date_amount
CL713,C100569,T1000000873,2026-06-18,due_date_amount
CL714,C100570,T1000000877,2025-12-26,payment_status
CL715,C100571,T1000000878,2026-02-26,due_date_amount
CL716,C100571,T1000000878,2026-03-04,payment_status
CL717,C100571,T1000000878,2026-06-05,payment_status
CL718,C100572,T1000000879,2025-11-30,payment_status
CL719,C100572,T1000000879,2026-03-25,due_date_amount
CL720,C100572,T1000000879,2026-04-01,payment_status
CL721,C100572,T1000000881,2025-12-28,due_date_amount
CL722,C100572,T1000000881,2026-03-31,due_date_amount
CL3960,C100575,T1000000885,2025-10-30,autopay
CL4769,C100578,T1000000890,2026-04-02,tax_consent
CL723,C100579,T1000000892,2026-04-02,due_date_amount
CL3961,C100583,T1000000896,2026-03-23,autopay
CL724,C100587,T1000000903,2026-02-01,due_date_amount
CL725,C100587,T1000000903,2026-02-06,payment_status
CL726,C100589,T1000000905,2025-11-10,due_date_amount
CL727,C100589,T1000000906,2026-06-12,payment_status
CL728,C100590,T1000000907,2025-10-01,due_date_amount
CL3962,C100590,T1000000907,2026-03-06,autopay
CL3963,C100590,T1000000907,2026-03-11,autopay
CL729,C100592,T1000000909,2025-10-12,payment_status
CL730,C100592,T1000000909,2025-10-30,due_date_amount
CL731,C100592,T1000000909,2025-11-07,payment_status
CL732,C100592,T1000000909,2026-01-06,payment_status
CL733,C100592,T1000000909,2026-03-01,due_date_amount
CL734,C100592,T1000000909,2026-03-28,due_date_amount
CL735,C100592,T1000000909,2026-04-08,payment_status
CL736,C100592,T1000000909,2026-06-29,due_date_amount
CL737,C100592,T1000000910,2025-12-28,due_date_amount
CL738,C100592,T1000000910,2026-04-03,payment_status
CL739,C100592,T1000000910,2026-04-26,due_date_amount
CL740,C100592,T1000000910,2026-05-26,due_date_amount
CL741,C100593,T1000000911,2025-12-13,due_date_amount
CL742,C100593,T1000000911,2026-03-20,payment_status
CL743,C100593,T1000000911,2026-04-12,due_date_amount
CL744,C100593,T1000000911,2026-05-12,due_date_amount
CL745,C100596,T1000000914,2026-06-01,due_date_amount
CL4727,C100596,T1000000914,2026-06-27,due_date_amount
CL3964,C100597,T1000000916,2025-12-20,autopay
CL746,C100598,T1000000917,2025-10-08,due_date_amount
CL747,C100598,T1000000917,2026-04-30,due_date_amount
CL748,C100598,T1000000917,2026-06-04,due_date_amount
CL3965,C100599,T1000000918,2026-03-06,autopay
CL3966,C100599,T1000000918,2026-03-08,autopay
CL749,C100602,T1000000924,2026-01-18,payment_status
CL3967,C100602,T1000000924,2026-01-18,autopay
CL3968,C100602,T1000000924,2026-03-22,autopay
CL750,C100602,T1000000924,2026-03-23,payment_status
CL751,C100602,T1000000924,2026-05-20,payment_status
CL3969,C100602,T1000000924,2026-05-22,autopay
CL752,C100602,T1000000924,2026-06-09,due_date_amount
CL753,C100602,T1000000925,2026-03-27,payment_status
CL754,C100602,T1000000926,2025-12-01,due_date_amount
CL755,C100602,T1000000926,2026-01-01,due_date_amount
CL756,C100602,T1000000926,2026-01-10,payment_status
CL757,C100602,T1000000926,2026-03-04,due_date_amount
CL758,C100602,T1000000926,2026-04-02,due_date_amount
CL759,C100602,T1000000926,2026-04-30,due_date_amount
CL760,C100602,T1000000926,2026-06-29,due_date_amount
CL3970,C100605,T1000000929,2026-03-14,autopay
CL3971,C100605,T1000000929,2026-03-17,autopay
CL761,C100606,T1000000930,2026-02-24,due_date_amount
CL762,C100606,T1000000930,2026-03-03,payment_status
CL763,C100606,T1000000930,2026-05-23,due_date_amount
CL764,C100606,T1000000930,2026-06-28,payment_status
CL3972,C100607,T1000000932,2026-05-20,autopay
CL765,C100608,T1000000933,2025-10-24,payment_status
CL3973,C100608,T1000000933,2025-10-24,autopay
CL766,C100608,T1000000934,2025-12-18,due_date_amount
CL767,C100608,T1000000934,2026-03-18,due_date_amount
CL4821,C100611,T1000000938,2025-11-09,autopay
CL768,C100612,T1000000939,2025-11-26,payment_status
CL4564,C100612,T1000000939,2026-03-25,tax_consent
CL769,C100613,T1000000941,2026-05-16,due_date_amount
CL770,C100614,T1000000943,2025-10-26,due_date_amount
CL771,C100614,T1000000944,2026-01-09,due_date_amount
CL772,C100614,T1000000944,2026-04-20,payment_status
CL773,C100616,T1000000947,2025-11-17,payment_status
CL774,C100616,T1000000947,2026-05-14,due_date_amount
CL775,C100618,T1000000951,2025-11-22,due_date_amount
CL4720,C100618,T1000000951,2025-11-25,payment_status
CL776,C100618,T1000000952,2025-11-25,due_date_amount
CL777,C100618,T1000000952,2025-12-06,payment_status
CL778,C100618,T1000000952,2025-12-31,payment_status
CL779,C100618,T1000000952,2026-03-03,payment_status
CL780,C100618,T1000000952,2026-05-21,due_date_amount
CL781,C100619,T1000000954,2026-05-13,payment_status
CL782,C100621,T1000000958,2026-01-27,due_date_amount
CL3974,C100622,T1000000959,2026-03-31,autopay
CL783,C100622,T1000000960,2025-12-05,due_date_amount
CL784,C100622,T1000000960,2025-12-16,payment_status
CL3975,C100622,T1000000960,2026-02-09,autopay
CL785,C100622,T1000000960,2026-02-10,payment_status
CL786,C100622,T1000000960,2026-06-12,payment_status
CL787,C100623,T1000000961,2025-10-29,due_date_amount
CL788,C100623,T1000000961,2025-12-05,payment_status
CL789,C100623,T1000000961,2026-04-24,due_date_amount
CL790,C100623,T1000000962,2026-06-26,payment_status
CL791,C100626,T1000000966,2025-10-04,due_date_amount
CL792,C100626,T1000000966,2026-03-01,due_date_amount
CL793,C100627,T1000000967,2026-01-26,payment_status
CL794,C100628,T1000000968,2025-12-05,due_date_amount
CL795,C100628,T1000000968,2026-04-03,due_date_amount
CL796,C100628,T1000000968,2026-06-02,due_date_amount
CL797,C100633,T1000000975,2026-06-29,due_date_amount
CL798,C100634,T1000000976,2025-12-23,due_date_amount
CL799,C100634,T1000000976,2026-02-27,due_date_amount
CL800,C100635,T1000000977,2025-12-04,due_date_amount
CL801,C100635,T1000000977,2025-12-15,payment_status
CL802,C100635,T1000000977,2026-03-04,due_date_amount
CL803,C100636,T1000000978,2025-10-11,payment_status
CL804,C100636,T1000000978,2026-01-13,payment_status
CL4565,C100637,T1000000980,2026-01-12,tax_consent
CL805,C100640,T1000000983,2025-10-29,due_date_amount
CL3976,C100641,T1000000985,2025-10-03,autopay
CL806,C100641,T1000000985,2025-12-01,payment_status
CL3977,C100641,T1000000985,2025-12-31,autopay
CL4724,C100641,T1000000985,2026-04-29,loan_repayment
CL807,C100644,T1000000989,2026-02-20,due_date_amount
CL808,C100644,T1000000989,2026-03-17,due_date_amount
CL809,C100646,T1000000991,2025-09-30,payment_status
CL810,C100646,T1000000991,2025-10-27,payment_status
CL811,C100646,T1000000991,2026-01-18,due_date_amount
CL812,C100646,T1000000991,2026-05-16,due_date_amount
CL813,C100646,T1000000991,2026-05-29,payment_status
CL814,C100646,T1000000991,2026-06-25,payment_status
CL815,C100647,T1000000992,2026-05-01,due_date_amount
CL816,C100647,T1000000993,2025-11-04,payment_status
CL817,C100647,T1000000993,2026-02-22,due_date_amount
CL818,C100648,T1000000995,2025-11-03,payment_status
CL819,C100648,T1000000995,2026-01-29,due_date_amount
CL820,C100648,T1000000996,2026-02-09,due_date_amount
CL821,C100648,T1000000996,2026-05-11,due_date_amount
CL822,C100648,T1000000996,2026-05-17,payment_status
CL823,C100649,T1000000997,2025-12-09,due_date_amount
CL3978,C100649,T1000000997,2025-12-15,autopay
CL824,C100649,T1000000998,2026-05-11,due_date_amount
CL825,C100650,T1000000999,2026-02-22,due_date_amount
CL826,C100650,T1000000999,2026-02-26,payment_status
CL827,C100650,T1000000999,2026-03-27,payment_status
CL3979,C100651,T1000001000,2026-05-30,autopay
CL4566,C100652,T1000001003,2026-05-16,tax_consent
CL828,C100652,T1000001003,2026-05-19,due_date_amount
CL4567,C100654,T1000001006,2025-11-24,tax_consent
CL829,C100654,T1000001007,2025-10-20,due_date_amount
CL830,C100654,T1000001007,2025-11-15,due_date_amount
CL831,C100654,T1000001007,2025-12-17,due_date_amount
CL832,C100654,T1000001007,2026-02-11,due_date_amount
CL833,C100654,T1000001007,2026-04-15,due_date_amount
CL4794,C100657,T1000001010,2025-12-09,loan_repayment
CL834,C100658,T1000001011,2026-02-01,due_date_amount
CL835,C100658,T1000001011,2026-04-01,due_date_amount
CL836,C100659,T1000001013,2025-10-21,payment_status
CL3980,C100659,T1000001013,2026-04-17,autopay
CL4568,C100659,T1000001013,2026-06-03,tax_consent
CL837,C100660,T1000001014,2026-01-11,due_date_amount
CL838,C100661,T1000001015,2025-12-20,due_date_amount
CL839,C100662,T1000001018,2026-06-05,payment_status
CL3981,C100663,T1000001020,2026-06-18,autopay
CL840,C100664,T1000001022,2025-11-02,payment_status
CL841,C100665,T1000001023,2025-11-09,due_date_amount
CL842,C100665,T1000001023,2026-02-10,due_date_amount
CL843,C100667,T1000001026,2026-03-31,due_date_amount
CL844,C100667,T1000001026,2026-06-28,due_date_amount
CL845,C100669,T1000001029,2026-03-23,due_date_amount
CL846,C100669,T1000001030,2026-04-10,due_date_amount
CL4569,C100671,T1000001032,2026-04-29,tax_consent
CL847,C100672,T1000001034,2025-10-13,due_date_amount
CL848,C100672,T1000001034,2025-10-21,payment_status
CL849,C100672,T1000001034,2026-03-14,due_date_amount
CL850,C100672,T1000001034,2026-05-17,payment_status
CL851,C100673,T1000001035,2026-02-02,payment_status
CL3982,C100674,T1000001036,2026-03-19,autopay
CL852,C100675,T1000001039,2026-02-05,payment_status
CL853,C100676,T1000001040,2026-04-24,due_date_amount
CL854,C100678,T1000001042,2026-03-29,payment_status
CL855,C100678,T1000001042,2026-05-23,due_date_amount
CL856,C100678,T1000001043,2026-03-30,payment_status
CL857,C100679,T1000001044,2025-12-15,payment_status
CL858,C100679,T1000001044,2026-01-08,payment_status
CL859,C100679,T1000001044,2026-05-02,due_date_amount
CL860,C100680,T1000001045,2026-05-31,payment_status
CL861,C100681,T1000001046,2025-11-17,due_date_amount
CL862,C100681,T1000001046,2026-01-17,due_date_amount
CL863,C100681,T1000001046,2026-02-19,due_date_amount
CL864,C100681,T1000001046,2026-03-17,due_date_amount
CL865,C100681,T1000001046,2026-05-18,due_date_amount
CL866,C100682,T1000001047,2025-11-14,payment_status
CL4816,C100683,T1000001048,2026-04-01,due_date_amount
CL867,C100684,T1000001049,2025-12-11,payment_status
CL868,C100684,T1000001049,2026-01-05,payment_status
CL869,C100684,T1000001049,2026-01-27,due_date_amount
CL870,C100684,T1000001049,2026-02-07,payment_status
CL871,C100684,T1000001049,2026-03-07,payment_status
CL872,C100684,T1000001049,2026-06-06,payment_status
CL873,C100684,T1000001049,2026-06-28,due_date_amount
CL874,C100685,T1000001051,2025-11-12,payment_status
CL875,C100686,T1000001052,2025-12-02,due_date_amount
CL876,C100688,T1000001055,2025-10-13,payment_status
CL877,C100689,T1000001056,2026-02-10,payment_status
CL878,C100690,T1000001057,2025-11-16,due_date_amount
CL879,C100691,T1000001058,2025-10-28,payment_status
CL880,C100691,T1000001058,2025-11-28,payment_status
CL3983,C100691,T1000001058,2026-06-23,autopay
CL3984,C100691,T1000001058,2026-06-28,autopay
CL881,C100694,T1000001062,2026-03-14,payment_status
CL882,C100694,T1000001062,2026-06-12,payment_status
CL883,C100695,T1000001064,2026-02-07,due_date_amount
CL884,C100695,T1000001064,2026-04-08,due_date_amount
CL885,C100695,T1000001064,2026-04-20,payment_status
CL886,C100696,T1000001066,2026-05-09,due_date_amount
CL887,C100697,T1000001068,2025-12-19,payment_status
CL3985,C100697,T1000001068,2026-02-17,autopay
CL4570,C100698,T1000001069,2025-11-25,tax_consent
CL888,C100698,T1000001069,2025-12-17,payment_status
CL889,C100700,T1000001072,2025-11-29,due_date_amount
CL890,C100701,T1000001074,2025-12-11,payment_status
CL4749,C100702,T1000001077,2026-02-10,loan_repayment
CL3986,C100704,T1000001079,2025-12-11,autopay
CL3987,C100704,T1000001079,2026-02-09,autopay
CL891,C100704,T1000001079,2026-02-10,payment_status
CL892,C100704,T1000001079,2026-03-12,payment_status
CL893,C100704,T1000001081,2025-11-18,due_date_amount
CL894,C100704,T1000001081,2025-12-26,payment_status
CL895,C100704,T1000001081,2026-01-19,due_date_amount
CL896,C100704,T1000001081,2026-03-15,due_date_amount
CL897,C100704,T1000001081,2026-03-23,payment_status
CL898,C100707,T1000001084,2025-11-03,payment_status
CL899,C100707,T1000001084,2026-01-05,payment_status
CL900,C100711,T1000001090,2025-09-30,payment_status
CL4760,C100711,T1000001090,2025-11-17,tax_consent
CL901,C100712,T1000001092,2026-05-07,due_date_amount
CL902,C100713,T1000001094,2025-09-30,payment_status
CL903,C100713,T1000001094,2025-10-23,due_date_amount
CL904,C100713,T1000001094,2025-11-20,due_date_amount
CL905,C100714,T1000001097,2025-10-24,due_date_amount
CL906,C100715,T1000001099,2026-02-17,due_date_amount
CL907,C100716,T1000001101,2026-01-27,due_date_amount
CL3988,C100716,T1000001101,2026-03-04,autopay
CL908,C100717,T1000001104,2026-02-26,due_date_amount
CL909,C100717,T1000001104,2026-05-31,due_date_amount
CL910,C100719,T1000001107,2025-11-09,due_date_amount
CL911,C100719,T1000001107,2025-12-16,payment_status
CL912,C100719,T1000001107,2026-05-08,due_date_amount
CL913,C100719,T1000001107,2026-05-19,payment_status
CL914,C100719,T1000001107,2026-06-06,due_date_amount
CL915,C100719,T1000001108,2025-10-09,due_date_amount
CL916,C100719,T1000001108,2026-01-07,due_date_amount
CL917,C100719,T1000001108,2026-03-13,payment_status
CL918,C100725,T1000001116,2025-11-14,due_date_amount
CL919,C100726,T1000001119,2026-05-11,payment_status
CL920,C100726,T1000001119,2026-06-03,due_date_amount
CL921,C100727,T1000001120,2026-02-25,due_date_amount
CL4844,C100729,T1000001122,2025-11-07,tax_consent
CL922,C100729,T1000001122,2025-12-24,payment_status
CL923,C100729,T1000001122,2026-01-24,payment_status
CL924,C100729,T1000001122,2026-05-13,due_date_amount
CL925,C100730,T1000001124,2026-01-08,payment_status
CL926,C100730,T1000001124,2026-04-02,due_date_amount
CL927,C100730,T1000001124,2026-04-29,due_date_amount
CL928,C100732,T1000001126,2026-06-15,payment_status
CL929,C100732,T1000001127,2026-01-02,payment_status
CL3989,C100736,T1000001131,2026-04-15,autopay
CL930,C100737,T1000001133,2025-12-02,payment_status
CL3990,C100737,T1000001133,2025-12-03,autopay
CL931,C100737,T1000001133,2026-01-03,payment_status
CL3991,C100740,T1000001136,2026-01-16,autopay
CL932,C100740,T1000001137,2025-12-08,payment_status
CL933,C100745,T1000001144,2026-06-19,due_date_amount
CL934,C100748,T1000001148,2026-02-03,payment_status
CL3992,C100748,T1000001148,2026-02-04,autopay
CL935,C100748,T1000001148,2026-04-28,due_date_amount
CL936,C100748,T1000001148,2026-06-29,due_date_amount
CL937,C100750,T1000001151,2026-01-11,due_date_amount
CL3993,C100750,T1000001152,2026-05-16,autopay
CL4571,C100752,T1000001156,2026-06-16,tax_consent
CL3994,C100752,T1000001157,2026-04-22,autopay
CL938,C100754,T1000001160,2026-01-17,due_date_amount
CL4572,C100756,T1000001162,2026-02-02,tax_consent
CL3995,C100757,T1000001164,2025-11-05,autopay
CL939,C100757,T1000001164,2025-11-06,payment_status
CL3996,C100757,T1000001164,2026-03-05,autopay
CL940,C100760,T1000001167,2026-03-11,due_date_amount
CL4573,C100760,T1000001168,2025-11-02,tax_consent
CL941,C100760,T1000001168,2026-02-21,payment_status
CL942,C100761,T1000001169,2026-01-22,payment_status
CL943,C100761,T1000001169,2026-03-17,due_date_amount
CL944,C100761,T1000001169,2026-04-16,due_date_amount
CL945,C100761,T1000001169,2026-05-15,due_date_amount
CL946,C100761,T1000001169,2026-06-23,payment_status
CL947,C100764,T1000001173,2026-01-09,payment_status
CL948,C100765,T1000001175,2025-11-24,payment_status
CL949,C100766,T1000001176,2026-06-03,due_date_amount
CL950,C100767,T1000001177,2026-03-03,due_date_amount
CL951,C100767,T1000001177,2026-03-31,due_date_amount
CL952,C100767,T1000001177,2026-05-10,payment_status
CL953,C100767,T1000001178,2025-12-29,due_date_amount
CL954,C100767,T1000001178,2026-01-08,payment_status
CL955,C100767,T1000001178,2026-02-04,payment_status
CL956,C100767,T1000001179,2026-04-17,payment_status
CL957,C100768,T1000001180,2026-01-20,payment_status
CL4574,C100768,T1000001180,2026-03-25,tax_consent
CL958,C100769,T1000001181,2025-12-24,payment_status
CL3997,C100770,T1000001182,2026-05-04,autopay
CL959,C100770,T1000001183,2026-01-25,due_date_amount
CL960,C100771,T1000001185,2025-12-31,payment_status
CL961,C100771,T1000001185,2026-02-23,due_date_amount
CL962,C100774,T1000001188,2026-01-11,due_date_amount
CL963,C100774,T1000001188,2026-03-11,due_date_amount
CL964,C100776,T1000001190,2026-04-14,due_date_amount
CL3998,C100776,T1000001191,2026-01-29,autopay
CL965,C100776,T1000001191,2026-02-01,payment_status
CL3999,C100776,T1000001191,2026-02-01,autopay
CL966,C100777,T1000001192,2025-12-20,payment_status
CL967,C100777,T1000001192,2026-03-11,due_date_amount
CL968,C100777,T1000001192,2026-03-22,payment_status
CL969,C100778,T1000001194,2025-11-14,due_date_amount
CL970,C100780,T1000001198,2025-10-16,due_date_amount
CL4000,C100780,T1000001198,2025-11-18,autopay
CL4001,C100781,T1000001199,2026-04-23,autopay
CL4002,C100782,T1000001200,2026-03-26,autopay
CL971,C100782,T1000001201,2026-06-27,payment_status
CL972,C100786,T1000001207,2025-11-12,due_date_amount
CL973,C100787,T1000001208,2026-02-06,due_date_amount
CL974,C100787,T1000001208,2026-05-07,due_date_amount
CL4575,C100788,T1000001210,2026-04-29,tax_consent
CL4576,C100788,T1000001210,2026-05-12,tax_consent
CL4577,C100789,T1000001211,2026-05-22,tax_consent
CL975,C100790,T1000001212,2026-04-19,due_date_amount
CL4433,C100793,T1000001216,2026-03-27,loan_repayment
CL4434,C100793,T1000001216,2026-06-25,loan_repayment
CL976,C100793,T1000001217,2026-03-16,due_date_amount
CL977,C100793,T1000001217,2026-04-20,payment_status
CL4003,C100793,T1000001217,2026-04-21,autopay
CL4578,C100794,T1000001218,2026-02-26,tax_consent
CL978,C100795,T1000001221,2025-12-30,due_date_amount
CL979,C100795,T1000001221,2026-03-31,due_date_amount
CL980,C100795,T1000001221,2026-04-27,due_date_amount
CL981,C100795,T1000001221,2026-05-07,payment_status
CL982,C100795,T1000001221,2026-05-28,due_date_amount
CL4004,C100797,T1000001224,2026-06-03,autopay
CL983,C100797,T1000001224,2026-06-06,payment_status
CL4579,C100797,T1000001225,2026-04-18,tax_consent
CL4005,C100798,T1000001226,2026-05-04,autopay
CL984,C100798,T1000001226,2026-05-07,payment_status
CL985,C100798,T1000001227,2026-01-17,due_date_amount
CL986,C100798,T1000001228,2026-02-05,due_date_amount
CL987,C100799,T1000001229,2025-10-11,due_date_amount
CL988,C100799,T1000001229,2026-02-06,due_date_amount
CL989,C100799,T1000001229,2026-03-06,due_date_amount
CL990,C100799,T1000001229,2026-05-13,payment_status
CL991,C100800,T1000001230,2025-11-01,payment_status
CL992,C100801,T1000001231,2025-11-23,due_date_amount
CL993,C100801,T1000001231,2026-01-23,due_date_amount
CL994,C100801,T1000001232,2025-12-16,due_date_amount
CL995,C100801,T1000001232,2026-03-21,payment_status
CL996,C100802,T1000001233,2026-04-28,due_date_amount
CL997,C100802,T1000001233,2026-05-05,payment_status
CL998,C100803,T1000001234,2025-10-12,payment_status
CL999,C100803,T1000001234,2026-06-09,payment_status
CL1000,C100806,T1000001237,2025-10-13,payment_status
CL1001,C100808,T1000001240,2026-02-11,payment_status
CL1002,C100808,T1000001240,2026-03-05,due_date_amount
CL1003,C100808,T1000001241,2026-01-24,payment_status
CL1004,C100808,T1000001241,2026-05-13,due_date_amount
CL1005,C100809,T1000001243,2025-11-20,payment_status
CL1006,C100809,T1000001243,2026-03-19,payment_status
CL1007,C100811,T1000001245,2025-11-01,due_date_amount
CL1008,C100811,T1000001245,2026-04-30,due_date_amount
CL1009,C100813,T1000001249,2026-05-08,payment_status
CL4006,C100815,T1000001251,2025-10-28,autopay
CL1010,C100816,T1000001252,2026-05-12,payment_status
CL1011,C100816,T1000001253,2026-03-08,due_date_amount
CL1012,C100816,T1000001254,2025-11-10,payment_status
CL1013,C100816,T1000001254,2026-06-07,payment_status
CL1014,C100817,T1000001255,2025-10-26,due_date_amount
CL1015,C100817,T1000001255,2026-03-31,payment_status
CL1016,C100817,T1000001255,2026-06-19,due_date_amount
CL1017,C100819,T1000001257,2025-10-27,due_date_amount
CL4007,C100820,T1000001258,2025-10-06,autopay
CL1018,C100820,T1000001258,2025-10-10,payment_status
CL1019,C100820,T1000001258,2026-03-26,due_date_amount
CL1020,C100822,T1000001260,2026-06-10,payment_status
CL1021,C100822,T1000001261,2025-10-21,payment_status
CL1022,C100822,T1000001261,2026-03-13,due_date_amount
CL1023,C100827,T1000001267,2026-01-08,due_date_amount
CL1024,C100828,T1000001269,2026-01-12,payment_status
CL1025,C100828,T1000001269,2026-05-11,payment_status
CL1026,C100828,T1000001270,2026-01-08,due_date_amount
CL1027,C100828,T1000001270,2026-03-09,due_date_amount
CL1028,C100828,T1000001270,2026-04-05,due_date_amount
CL1029,C100829,T1000001272,2025-12-29,due_date_amount
CL1030,C100830,T1000001273,2026-02-19,payment_status
CL1031,C100832,T1000001275,2026-06-19,payment_status
CL4783,C100832,T1000001276,2025-12-05,tax_consent
CL1032,C100833,T1000001277,2025-12-24,due_date_amount
CL4435,C100833,T1000001277,2026-01-28,loan_repayment
CL1033,C100834,T1000001278,2026-06-04,due_date_amount
CL1034,C100834,T1000001279,2025-10-02,due_date_amount
CL1035,C100837,T1000001282,2025-10-20,payment_status
CL1036,C100837,T1000001283,2026-05-25,payment_status
CL1037,C100838,T1000001285,2025-10-08,payment_status
CL4008,C100838,T1000001285,2025-10-09,autopay
CL1038,C100841,T1000001290,2025-10-14,due_date_amount
CL1039,C100843,T1000001294,2025-10-01,payment_status
CL1040,C100843,T1000001294,2025-11-24,due_date_amount
CL1041,C100843,T1000001294,2025-12-27,due_date_amount
CL1042,C100843,T1000001295,2026-06-25,payment_status
CL1043,C100845,T1000001297,2025-10-26,due_date_amount
CL1044,C100845,T1000001297,2026-02-05,payment_status
CL1045,C100846,T1000001298,2026-01-26,due_date_amount
CL1046,C100846,T1000001298,2026-04-28,due_date_amount
CL1047,C100846,T1000001299,2025-10-12,payment_status
CL1048,C100846,T1000001299,2026-04-07,due_date_amount
CL4580,C100846,T1000001299,2026-04-07,tax_consent
CL1049,C100846,T1000001300,2025-10-09,due_date_amount
CL1050,C100846,T1000001300,2025-10-14,payment_status
CL1051,C100846,T1000001300,2025-12-09,due_date_amount
CL1052,C100846,T1000001300,2026-01-09,due_date_amount
CL1053,C100846,T1000001300,2026-02-14,payment_status
CL1054,C100847,T1000001301,2026-01-25,payment_status
CL1055,C100847,T1000001301,2026-03-24,payment_status
CL1056,C100847,T1000001301,2026-05-22,payment_status
CL1057,C100848,T1000001303,2026-02-25,payment_status
CL1058,C100850,T1000001306,2025-10-09,due_date_amount
CL4009,C100850,T1000001306,2026-04-15,autopay
CL1059,C100850,T1000001306,2026-04-17,payment_status
CL4010,C100850,T1000001306,2026-04-19,autopay
CL1060,C100850,T1000001306,2026-06-13,payment_status
CL1061,C100851,T1000001308,2025-11-09,due_date_amount
CL1062,C100852,T1000001310,2025-10-07,due_date_amount
CL1063,C100853,T1000001312,2026-03-26,payment_status
CL1064,C100853,T1000001313,2026-01-14,due_date_amount
CL1065,C100854,T1000001314,2025-11-28,payment_status
CL1066,C100854,T1000001314,2026-02-20,due_date_amount
CL1067,C100854,T1000001314,2026-05-18,due_date_amount
CL4581,C100857,T1000001320,2026-06-08,tax_consent
CL1068,C100857,T1000001321,2025-10-06,payment_status
CL1069,C100857,T1000001321,2026-01-24,due_date_amount
CL1070,C100857,T1000001321,2026-04-05,payment_status
CL1071,C100858,T1000001325,2025-11-02,due_date_amount
CL1072,C100858,T1000001325,2026-06-08,payment_status
CL1073,C100859,T1000001326,2026-04-08,payment_status
CL1074,C100859,T1000001327,2025-12-28,payment_status
CL4011,C100860,T1000001329,2026-02-04,autopay
CL4582,C100861,T1000001330,2026-04-12,tax_consent
CL1075,C100862,T1000001331,2025-11-26,payment_status
CL4583,C100862,T1000001332,2025-10-23,tax_consent
CL4012,C100863,T1000001333,2026-03-23,autopay
CL1076,C100863,T1000001333,2026-04-21,payment_status
CL4013,C100863,T1000001333,2026-04-25,autopay
CL1077,C100864,T1000001335,2025-12-03,due_date_amount
CL1078,C100866,T1000001337,2025-12-12,payment_status
CL1079,C100866,T1000001337,2026-04-06,due_date_amount
CL1080,C100866,T1000001338,2026-01-28,due_date_amount
CL1081,C100866,T1000001338,2026-02-26,due_date_amount
CL1082,C100866,T1000001338,2026-04-05,payment_status
CL1083,C100867,T1000001339,2025-12-17,due_date_amount
CL4436,C100867,T1000001339,2026-01-27,loan_repayment
CL4437,C100867,T1000001339,2026-04-28,loan_repayment
CL1084,C100868,T1000001340,2025-10-21,payment_status
CL1085,C100868,T1000001340,2026-06-06,due_date_amount
CL4014,C100869,T1000001341,2025-10-12,autopay
CL4015,C100869,T1000001341,2025-10-14,autopay
CL1086,C100870,T1000001342,2026-01-19,due_date_amount
CL1087,C100870,T1000001343,2026-03-30,due_date_amount
CL4752,C100871,T1000001346,2026-03-30,autopay
CL1088,C100873,T1000001351,2025-12-27,due_date_amount
CL4016,C100873,T1000001351,2026-01-02,autopay
CL1089,C100874,T1000001353,2025-10-15,payment_status
CL1090,C100874,T1000001353,2026-03-03,due_date_amount
CL1091,C100874,T1000001353,2026-04-30,due_date_amount
CL1092,C100874,T1000001353,2026-06-10,payment_status
CL4834,C100874,T1000001353,2026-06-20,autopay
CL1093,C100878,T1000001357,2025-10-05,due_date_amount
CL1094,C100878,T1000001357,2025-11-08,payment_status
CL1095,C100878,T1000001357,2026-01-29,due_date_amount
CL4017,C100879,T1000001358,2026-01-10,autopay
CL1096,C100881,T1000001360,2026-01-17,due_date_amount
CL1097,C100881,T1000001360,2026-03-19,due_date_amount
CL1098,C100881,T1000001360,2026-03-24,payment_status
CL1099,C100881,T1000001360,2026-06-23,payment_status
CL4018,C100881,T1000001361,2025-10-08,autopay
CL1100,C100881,T1000001361,2025-10-09,payment_status
CL4019,C100881,T1000001361,2025-10-11,autopay
CL4020,C100881,T1000001361,2026-03-05,autopay
CL1101,C100882,T1000001363,2025-12-13,due_date_amount
CL1102,C100882,T1000001363,2026-04-19,payment_status
CL1103,C100882,T1000001363,2026-05-13,due_date_amount
CL1104,C100882,T1000001363,2026-06-17,payment_status
CL4438,C100882,T1000001364,2026-04-30,loan_repayment
CL1105,C100884,T1000001368,2026-01-30,payment_status
CL1106,C100885,T1000001369,2025-12-06,due_date_amount
CL1107,C100885,T1000001371,2026-06-11,payment_status
CL1108,C100886,T1000001372,2025-12-04,due_date_amount
CL1109,C100886,T1000001372,2026-04-29,due_date_amount
CL1110,C100886,T1000001373,2025-12-12,due_date_amount
CL4021,C100886,T1000001373,2026-04-17,autopay
CL1111,C100887,T1000001375,2025-10-08,payment_status
CL1112,C100887,T1000001375,2025-11-08,payment_status
CL1113,C100887,T1000001375,2026-03-30,due_date_amount
CL1114,C100887,T1000001375,2026-04-30,due_date_amount
CL1115,C100887,T1000001375,2026-05-07,payment_status
CL1116,C100887,T1000001375,2026-06-28,due_date_amount
CL1117,C100888,T1000001378,2025-11-18,due_date_amount
CL1118,C100888,T1000001378,2026-05-15,due_date_amount
CL1119,C100891,T1000001383,2026-05-02,due_date_amount
CL1120,C100891,T1000001383,2026-06-26,due_date_amount
CL4022,C100892,T1000001384,2026-04-10,autopay
CL4023,C100892,T1000001384,2026-04-12,autopay
CL1121,C100894,T1000001386,2025-09-30,payment_status
CL1122,C100894,T1000001386,2025-10-23,due_date_amount
CL4024,C100894,T1000001386,2026-06-26,autopay
CL1123,C100897,T1000001389,2026-01-09,due_date_amount
CL1124,C100897,T1000001389,2026-05-18,payment_status
CL1125,C100898,T1000001390,2025-10-24,due_date_amount
CL4584,C100898,T1000001390,2026-03-18,tax_consent
CL1126,C100898,T1000001390,2026-03-31,payment_status
CL1127,C100899,T1000001391,2026-04-28,due_date_amount
CL1128,C100900,T1000001393,2025-11-14,payment_status
CL4025,C100901,T1000001395,2026-06-01,autopay
CL1129,C100902,T1000001396,2025-11-20,due_date_amount
CL1130,C100902,T1000001396,2026-03-20,due_date_amount
CL1131,C100902,T1000001396,2026-06-15,due_date_amount
CL1132,C100902,T1000001396,2026-06-24,payment_status
CL4026,C100902,T1000001397,2026-03-28,autopay
CL1133,C100902,T1000001397,2026-03-29,payment_status
CL1134,C100903,T1000001398,2025-10-02,payment_status
CL1135,C100903,T1000001398,2025-10-29,due_date_amount
CL1136,C100903,T1000001398,2025-11-04,payment_status
CL1137,C100903,T1000001398,2026-01-24,due_date_amount
CL1138,C100903,T1000001398,2026-03-04,payment_status
CL1139,C100904,T1000001400,2026-04-17,due_date_amount
CL1140,C100905,T1000001401,2026-06-24,due_date_amount
CL1141,C100907,T1000001403,2026-01-16,due_date_amount
CL1142,C100908,T1000001404,2025-12-06,due_date_amount
CL1143,C100908,T1000001406,2026-05-09,due_date_amount
CL1144,C100908,T1000001406,2026-05-17,payment_status
CL1145,C100909,T1000001408,2025-10-13,payment_status
CL1146,C100909,T1000001408,2026-04-13,payment_status
CL1147,C100909,T1000001409,2025-12-11,payment_status
CL1148,C100909,T1000001409,2026-05-08,payment_status
CL1149,C100909,T1000001409,2026-06-05,due_date_amount
CL1150,C100910,T1000001410,2025-12-04,due_date_amount
CL4439,C100910,T1000001410,2026-01-28,loan_repayment
CL1151,C100910,T1000001410,2026-04-07,due_date_amount
CL1152,C100910,T1000001410,2026-04-13,payment_status
CL1153,C100910,T1000001410,2026-05-06,due_date_amount
CL1154,C100910,T1000001410,2026-05-12,payment_status
CL4440,C100910,T1000001410,2026-05-27,loan_repayment
CL1155,C100910,T1000001411,2026-01-17,due_date_amount
CL1156,C100910,T1000001411,2026-04-20,due_date_amount
CL1157,C100911,T1000001412,2026-03-06,due_date_amount
CL1158,C100911,T1000001412,2026-04-10,payment_status
CL1159,C100911,T1000001412,2026-05-03,due_date_amount
CL1160,C100911,T1000001412,2026-05-10,payment_status
CL4027,C100911,T1000001413,2025-10-08,autopay
CL4441,C100911,T1000001413,2025-10-26,loan_repayment
CL4442,C100912,T1000001414,2025-10-30,loan_repayment
CL4585,C100913,T1000001416,2026-03-01,tax_consent
CL1161,C100916,T1000001419,2025-11-24,payment_status
CL1162,C100916,T1000001419,2025-12-22,payment_status
CL1163,C100916,T1000001420,2026-03-14,due_date_amount
CL1164,C100917,T1000001423,2025-11-09,due_date_amount
CL1165,C100917,T1000001423,2025-11-18,payment_status
CL1166,C100917,T1000001423,2026-05-10,due_date_amount
CL1167,C100917,T1000001424,2025-10-04,due_date_amount
CL1168,C100917,T1000001424,2025-12-31,due_date_amount
CL1169,C100917,T1000001424,2026-04-08,payment_status
CL1170,C100917,T1000001424,2026-04-28,due_date_amount
CL1171,C100924,T1000001432,2025-12-06,due_date_amount
CL1172,C100924,T1000001432,2026-06-04,due_date_amount
CL1173,C100926,T1000001434,2025-12-08,due_date_amount
CL1174,C100926,T1000001434,2026-01-09,due_date_amount
CL1175,C100926,T1000001434,2026-02-04,due_date_amount
CL1176,C100926,T1000001434,2026-03-14,payment_status
CL1177,C100930,T1000001439,2026-01-15,due_date_amount
CL1178,C100930,T1000001439,2026-04-11,due_date_amount
CL1179,C100930,T1000001439,2026-04-23,payment_status
CL1180,C100930,T1000001439,2026-06-17,due_date_amount
CL1181,C100930,T1000001440,2025-12-25,due_date_amount
CL1182,C100931,T1000001442,2026-03-01,due_date_amount
CL1183,C100932,T1000001443,2025-11-09,payment_status
CL1184,C100932,T1000001443,2025-11-27,due_date_amount
CL1185,C100932,T1000001443,2025-12-09,payment_status
CL1186,C100932,T1000001443,2026-05-25,due_date_amount
CL1187,C100933,T1000001444,2025-10-20,payment_status
CL1188,C100933,T1000001444,2025-11-14,due_date_amount
CL1189,C100933,T1000001444,2025-12-16,due_date_amount
CL1190,C100933,T1000001444,2025-12-24,payment_status
CL1191,C100933,T1000001444,2026-01-17,payment_status
CL1192,C100933,T1000001444,2026-02-12,due_date_amount
CL1193,C100933,T1000001444,2026-04-22,payment_status
CL1194,C100934,T1000001446,2025-12-29,payment_status
CL1195,C100934,T1000001446,2026-02-20,due_date_amount
CL1196,C100934,T1000001446,2026-03-24,due_date_amount
CL4028,C100935,T1000001448,2026-01-20,autopay
CL1197,C100935,T1000001448,2026-01-22,payment_status
CL4029,C100937,T1000001450,2026-01-01,autopay
CL1198,C100937,T1000001450,2026-01-03,payment_status
CL1199,C100937,T1000001450,2026-03-05,payment_status
CL4030,C100937,T1000001450,2026-06-30,autopay
CL1200,C100938,T1000001453,2026-04-14,due_date_amount
CL4586,C100938,T1000001454,2025-12-24,tax_consent
CL1201,C100938,T1000001455,2025-11-15,due_date_amount
CL1202,C100938,T1000001455,2025-12-12,due_date_amount
CL1203,C100938,T1000001455,2026-02-12,due_date_amount
CL1204,C100938,T1000001455,2026-02-22,payment_status
CL1205,C100938,T1000001455,2026-04-19,payment_status
CL1206,C100938,T1000001455,2026-06-12,due_date_amount
CL4759,C100940,T1000001459,2025-12-05,due_date_amount
CL1207,C100942,T1000001462,2026-05-11,payment_status
CL4031,C100942,T1000001463,2026-02-11,autopay
CL4032,C100944,T1000001465,2026-04-01,autopay
CL4033,C100944,T1000001465,2026-05-29,autopay
CL1208,C100944,T1000001465,2026-05-30,payment_status
CL4034,C100944,T1000001465,2026-06-01,autopay
CL4587,C100946,T1000001467,2025-10-19,tax_consent
CL1209,C100947,T1000001469,2026-03-17,due_date_amount
CL4035,C100947,T1000001469,2026-03-23,autopay
CL1210,C100948,T1000001471,2026-03-12,due_date_amount
CL1211,C100948,T1000001472,2025-10-22,due_date_amount
CL4443,C100948,T1000001472,2025-11-27,loan_repayment
CL4444,C100948,T1000001472,2025-12-28,loan_repayment
CL1212,C100948,T1000001472,2026-04-17,due_date_amount
CL1213,C100949,T1000001473,2025-11-02,due_date_amount
CL1214,C100949,T1000001473,2026-04-06,payment_status
CL1215,C100950,T1000001476,2025-12-31,due_date_amount
CL1216,C100953,T1000001481,2026-05-15,due_date_amount
CL1217,C100954,T1000001482,2025-09-30,payment_status
CL1218,C100954,T1000001482,2026-04-26,payment_status
CL1219,C100955,T1000001484,2025-10-12,payment_status
CL4036,C100955,T1000001484,2025-10-15,autopay
CL1220,C100955,T1000001484,2025-11-03,due_date_amount
CL1221,C100956,T1000001485,2025-12-17,due_date_amount
CL1222,C100957,T1000001488,2025-10-14,due_date_amount
CL4445,C100957,T1000001488,2025-10-30,loan_repayment
CL1223,C100957,T1000001488,2025-12-11,due_date_amount
CL1224,C100957,T1000001488,2026-04-12,due_date_amount
CL1225,C100957,T1000001488,2026-05-15,due_date_amount
CL1226,C100957,T1000001488,2026-06-10,due_date_amount
CL1227,C100958,T1000001489,2025-12-24,due_date_amount
CL1228,C100958,T1000001489,2026-03-31,payment_status
CL1229,C100959,T1000001490,2025-12-07,due_date_amount
CL1230,C100961,T1000001493,2025-11-27,due_date_amount
CL1231,C100961,T1000001493,2026-02-04,payment_status
CL1232,C100961,T1000001493,2026-03-24,due_date_amount
CL1233,C100961,T1000001493,2026-04-24,due_date_amount
CL1234,C100961,T1000001493,2026-05-23,due_date_amount
CL1235,C100964,T1000001496,2025-11-14,due_date_amount
CL1236,C100964,T1000001496,2025-12-14,due_date_amount
CL1237,C100965,T1000001498,2025-10-09,payment_status
CL1238,C100965,T1000001498,2026-01-25,due_date_amount
CL1239,C100965,T1000001498,2026-03-06,payment_status
CL1240,C100965,T1000001498,2026-03-25,due_date_amount
CL1241,C100965,T1000001498,2026-04-27,due_date_amount
CL1242,C100968,T1000001502,2026-04-19,due_date_amount
CL4588,C100969,T1000001505,2026-05-17,tax_consent
CL1243,C100970,T1000001507,2025-10-08,due_date_amount
CL1244,C100971,T1000001508,2025-11-15,due_date_amount
CL1245,C100971,T1000001508,2025-11-25,payment_status
CL1246,C100971,T1000001508,2026-03-22,due_date_amount
CL1247,C100971,T1000001508,2026-03-26,payment_status
CL1248,C100971,T1000001509,2025-10-26,due_date_amount
CL1249,C100971,T1000001509,2025-12-24,due_date_amount
CL1250,C100971,T1000001509,2026-02-21,due_date_amount
CL1251,C100971,T1000001509,2026-02-28,payment_status
CL1252,C100971,T1000001509,2026-04-21,due_date_amount
CL1253,C100971,T1000001509,2026-06-27,payment_status
CL1254,C100973,T1000001513,2026-01-10,payment_status
CL1255,C100973,T1000001513,2026-01-31,due_date_amount
CL1256,C100973,T1000001513,2026-05-02,due_date_amount
CL1257,C100973,T1000001513,2026-06-01,due_date_amount
CL1258,C100975,T1000001516,2025-10-29,payment_status
CL1259,C100977,T1000001518,2025-10-02,due_date_amount
CL1260,C100977,T1000001518,2026-01-30,due_date_amount
CL1261,C100977,T1000001518,2026-03-30,due_date_amount
CL4589,C100977,T1000001518,2026-06-03,tax_consent
CL1262,C100977,T1000001518,2026-06-05,payment_status
CL1263,C100979,T1000001521,2026-03-17,payment_status
CL1264,C100979,T1000001521,2026-05-13,payment_status
CL1265,C100980,T1000001522,2025-10-25,payment_status
CL1266,C100980,T1000001522,2025-11-13,due_date_amount
CL1267,C100980,T1000001522,2026-06-12,due_date_amount
CL1268,C100980,T1000001523,2025-11-10,due_date_amount
CL1269,C100980,T1000001523,2025-11-20,payment_status
CL1270,C100981,T1000001524,2025-10-06,due_date_amount
CL1271,C100981,T1000001524,2025-11-03,due_date_amount
CL1272,C100981,T1000001524,2026-04-12,payment_status
CL1273,C100981,T1000001524,2026-05-05,due_date_amount
CL1274,C100982,T1000001525,2025-11-18,payment_status
CL1275,C100982,T1000001525,2026-03-20,payment_status
CL1276,C100983,T1000001527,2025-11-01,payment_status
CL4037,C100983,T1000001527,2026-01-31,autopay
CL4038,C100983,T1000001527,2026-02-01,autopay
CL1277,C100983,T1000001527,2026-02-23,due_date_amount
CL1278,C100983,T1000001528,2025-10-23,due_date_amount
CL1279,C100983,T1000001528,2026-03-21,due_date_amount
CL4590,C100984,T1000001529,2026-02-26,tax_consent
CL4039,C100985,T1000001530,2025-12-24,autopay
CL1280,C100985,T1000001530,2026-02-27,payment_status
CL4040,C100985,T1000001530,2026-03-23,autopay
CL1281,C100985,T1000001530,2026-03-25,payment_status
CL4041,C100985,T1000001530,2026-04-22,autopay
CL1282,C100986,T1000001532,2026-02-14,payment_status
CL1283,C100986,T1000001532,2026-04-07,due_date_amount
CL1284,C100987,T1000001533,2026-04-09,due_date_amount
CL1285,C100989,T1000001537,2025-12-05,due_date_amount
CL1286,C100989,T1000001537,2026-02-16,payment_status
CL1287,C100989,T1000001538,2026-02-21,due_date_amount
CL1288,C100990,T1000001540,2025-12-28,due_date_amount
CL1289,C100990,T1000001540,2026-06-28,due_date_amount
CL1290,C100991,T1000001541,2026-02-21,payment_status
CL1291,C100991,T1000001541,2026-05-22,payment_status
CL1292,C100992,T1000001543,2025-11-10,payment_status
CL1293,C100992,T1000001544,2026-03-31,due_date_amount
CL1294,C100994,T1000001547,2025-10-24,payment_status
CL1295,C100994,T1000001547,2025-11-17,due_date_amount
CL1296,C100994,T1000001547,2025-11-26,payment_status
CL1297,C100994,T1000001547,2025-12-16,due_date_amount
CL1298,C100994,T1000001547,2026-02-18,due_date_amount
CL1299,C100994,T1000001547,2026-04-17,due_date_amount
CL1300,C100994,T1000001547,2026-06-15,due_date_amount
CL1301,C100994,T1000001547,2026-06-25,payment_status
CL1302,C100995,T1000001548,2026-02-10,due_date_amount
CL1303,C100995,T1000001549,2026-03-06,payment_status
CL4042,C100996,T1000001550,2026-03-09,autopay
CL1304,C100998,T1000001553,2025-10-25,due_date_amount
CL1305,C100998,T1000001553,2026-04-03,payment_status
CL4745,C100999,T1000001554,2026-02-05,loan_repayment
CL1306,C101001,T1000001557,2025-10-23,due_date_amount
CL1307,C101001,T1000001557,2025-11-26,due_date_amount
CL1308,C101001,T1000001557,2026-01-02,payment_status
CL1309,C101001,T1000001557,2026-02-04,payment_status
CL1310,C101001,T1000001557,2026-05-01,payment_status
CL1311,C101001,T1000001557,2026-05-26,due_date_amount
CL1312,C101002,T1000001558,2025-12-18,due_date_amount
CL1313,C101002,T1000001558,2026-01-19,due_date_amount
CL1314,C101002,T1000001558,2026-04-19,due_date_amount
CL1315,C101003,T1000001561,2026-03-20,due_date_amount
CL1316,C101005,T1000001563,2026-06-13,due_date_amount
CL1317,C101008,T1000001567,2025-10-30,due_date_amount
CL1318,C101008,T1000001567,2025-11-28,due_date_amount
CL1319,C101008,T1000001567,2025-12-06,payment_status
CL1320,C101008,T1000001567,2025-12-27,due_date_amount
CL1321,C101008,T1000001567,2026-02-23,due_date_amount
CL1322,C101008,T1000001567,2026-04-03,payment_status
CL1323,C101008,T1000001567,2026-04-26,due_date_amount
CL1324,C101008,T1000001567,2026-05-04,payment_status
CL1325,C101010,T1000001570,2026-01-08,due_date_amount
CL1326,C101012,T1000001572,2026-01-11,due_date_amount
CL1327,C101013,T1000001573,2025-11-18,payment_status
CL4043,C101013,T1000001573,2026-04-16,autopay
CL1328,C101013,T1000001573,2026-05-06,due_date_amount
CL1329,C101017,T1000001578,2026-02-07,due_date_amount
CL1330,C101018,T1000001579,2025-10-03,payment_status
CL1331,C101018,T1000001579,2025-10-29,due_date_amount
CL1332,C101018,T1000001579,2025-11-29,due_date_amount
CL1333,C101018,T1000001579,2025-12-27,due_date_amount
CL1334,C101018,T1000001579,2026-01-25,due_date_amount
CL1335,C101020,T1000001581,2025-11-04,due_date_amount
CL1336,C101020,T1000001581,2026-05-04,due_date_amount
CL1337,C101021,T1000001582,2025-10-19,due_date_amount
CL1338,C101021,T1000001582,2025-12-16,due_date_amount
CL1339,C101021,T1000001582,2025-12-29,payment_status
CL1340,C101021,T1000001582,2026-02-15,due_date_amount
CL1341,C101021,T1000001582,2026-03-19,due_date_amount
CL1342,C101021,T1000001582,2026-06-17,due_date_amount
CL1343,C101021,T1000001583,2025-10-11,due_date_amount
CL1344,C101021,T1000001583,2025-12-18,payment_status
CL1345,C101021,T1000001583,2026-01-17,payment_status
CL1346,C101021,T1000001583,2026-03-14,payment_status
CL1347,C101021,T1000001584,2026-02-20,due_date_amount
CL1348,C101022,T1000001585,2025-11-26,payment_status
CL1349,C101024,T1000001588,2025-10-16,payment_status
CL4044,C101024,T1000001588,2025-10-16,autopay
CL1350,C101026,T1000001591,2026-03-19,payment_status
CL1351,C101027,T1000001592,2025-10-02,due_date_amount
CL1352,C101027,T1000001592,2025-12-28,due_date_amount
CL1353,C101027,T1000001592,2026-04-01,due_date_amount
CL1354,C101028,T1000001594,2025-12-23,payment_status
CL1355,C101028,T1000001594,2026-02-15,due_date_amount
CL1356,C101028,T1000001594,2026-05-18,due_date_amount
CL4591,C101030,T1000001599,2026-04-30,tax_consent
CL1357,C101030,T1000001600,2025-10-22,due_date_amount
CL1358,C101031,T1000001601,2025-11-22,due_date_amount
CL1359,C101031,T1000001601,2026-06-01,payment_status
CL1360,C101032,T1000001602,2026-01-22,due_date_amount
CL1361,C101032,T1000001603,2025-12-12,payment_status
CL1362,C101032,T1000001603,2026-02-05,due_date_amount
CL1363,C101032,T1000001603,2026-03-13,payment_status
CL1364,C101032,T1000001604,2025-12-29,due_date_amount
CL1365,C101032,T1000001604,2026-04-25,due_date_amount
CL1366,C101032,T1000001604,2026-06-23,due_date_amount
CL1367,C101034,T1000001606,2026-01-11,due_date_amount
CL1368,C101034,T1000001606,2026-02-08,due_date_amount
CL1369,C101034,T1000001606,2026-06-20,payment_status
CL1370,C101035,T1000001607,2025-12-15,due_date_amount
CL1371,C101035,T1000001607,2026-01-14,due_date_amount
CL1372,C101035,T1000001607,2026-05-14,due_date_amount
CL1373,C101035,T1000001607,2026-06-22,payment_status
CL1374,C101035,T1000001608,2026-06-15,payment_status
CL4045,C101035,T1000001608,2026-06-15,autopay
CL1375,C101036,T1000001610,2026-05-08,payment_status
CL1376,C101037,T1000001613,2025-12-23,due_date_amount
CL1377,C101037,T1000001613,2026-04-25,payment_status
CL1378,C101037,T1000001613,2026-05-26,payment_status
CL1379,C101039,T1000001615,2026-03-21,due_date_amount
CL1380,C101040,T1000001617,2025-12-18,due_date_amount
CL1381,C101041,T1000001618,2026-02-24,due_date_amount
CL1382,C101041,T1000001618,2026-03-06,payment_status
CL4592,C101042,T1000001620,2026-01-29,tax_consent
CL4799,C101044,T1000001624,2026-06-12,loan_repayment
CL1383,C101045,T1000001625,2025-10-30,due_date_amount
CL1384,C101045,T1000001625,2025-11-30,due_date_amount
CL1385,C101045,T1000001625,2026-01-07,payment_status
CL1386,C101045,T1000001625,2026-05-30,due_date_amount
CL4593,C101047,T1000001627,2025-11-01,tax_consent
CL1387,C101047,T1000001628,2025-11-02,due_date_amount
CL1388,C101047,T1000001628,2025-12-12,payment_status
CL1389,C101047,T1000001628,2026-05-28,due_date_amount
CL1390,C101048,T1000001631,2026-01-06,payment_status
CL1391,C101050,T1000001633,2025-12-11,due_date_amount
CL1392,C101050,T1000001633,2026-03-13,due_date_amount
CL1393,C101050,T1000001633,2026-06-12,due_date_amount
CL1394,C101053,T1000001636,2026-03-24,payment_status
CL1395,C101054,T1000001637,2026-01-31,due_date_amount
CL1396,C101054,T1000001637,2026-03-01,due_date_amount
CL1397,C101054,T1000001637,2026-03-10,payment_status
CL1398,C101054,T1000001637,2026-04-04,due_date_amount
CL1399,C101055,T1000001638,2026-01-10,due_date_amount
CL1400,C101056,T1000001639,2025-10-17,payment_status
CL1401,C101056,T1000001639,2026-05-08,due_date_amount
CL1402,C101056,T1000001640,2025-11-26,payment_status
CL1403,C101056,T1000001640,2026-01-17,due_date_amount
CL4446,C101057,T1000001641,2025-11-28,loan_repayment
CL1404,C101058,T1000001642,2025-12-19,payment_status
CL4594,C101059,T1000001646,2026-01-13,tax_consent
CL4595,C101059,T1000001646,2026-01-25,tax_consent
CL1405,C101061,T1000001648,2026-02-06,due_date_amount
CL1406,C101061,T1000001648,2026-03-10,due_date_amount
CL1407,C101061,T1000001648,2026-05-11,due_date_amount
CL1408,C101061,T1000001649,2025-12-04,due_date_amount
CL1409,C101061,T1000001649,2025-12-13,payment_status
CL1410,C101061,T1000001649,2026-01-03,due_date_amount
CL1411,C101061,T1000001649,2026-04-10,payment_status
CL1412,C101062,T1000001650,2025-12-01,due_date_amount
CL1413,C101064,T1000001652,2025-11-30,payment_status
CL1414,C101064,T1000001653,2025-10-01,due_date_amount
CL1415,C101064,T1000001653,2025-12-27,due_date_amount
CL1416,C101064,T1000001653,2026-02-27,due_date_amount
CL1417,C101064,T1000001653,2026-04-23,due_date_amount
CL4596,C101067,T1000001656,2026-03-16,tax_consent
CL1418,C101068,T1000001658,2026-02-13,due_date_amount
CL1419,C101068,T1000001658,2026-02-19,payment_status
CL1420,C101070,T1000001661,2025-10-24,payment_status
CL1421,C101071,T1000001663,2026-04-06,due_date_amount
CL1422,C101072,T1000001665,2025-12-17,due_date_amount
CL1423,C101075,T1000001669,2026-02-06,due_date_amount
CL1424,C101075,T1000001669,2026-06-05,due_date_amount
CL4829,C101075,T1000001670,2025-12-04,due_date_amount
CL4046,C101075,T1000001670,2026-02-09,autopay
CL4597,C101075,T1000001670,2026-04-08,tax_consent
CL1425,C101075,T1000001670,2026-05-04,due_date_amount
CL4732,C101076,T1000001671,2026-01-12,autopay
CL4770,C101077,T1000001672,2025-12-23,autopay
CL1426,C101077,T1000001672,2026-06-23,due_date_amount
CL1427,C101079,T1000001675,2026-01-25,due_date_amount
CL1428,C101080,T1000001676,2025-10-10,due_date_amount
CL4047,C101081,T1000001678,2025-09-30,autopay
CL4048,C101081,T1000001678,2025-12-31,autopay
CL1429,C101082,T1000001680,2025-11-13,due_date_amount
CL1430,C101082,T1000001680,2026-03-17,payment_status
CL1431,C101083,T1000001681,2026-01-07,due_date_amount
CL1432,C101083,T1000001681,2026-02-13,payment_status
CL1433,C101083,T1000001682,2026-02-24,payment_status
CL1434,C101085,T1000001684,2025-10-25,due_date_amount
CL1435,C101085,T1000001684,2025-12-02,payment_status
CL1436,C101085,T1000001684,2026-06-29,payment_status
CL1437,C101086,T1000001685,2025-12-29,payment_status
CL1438,C101087,T1000001687,2025-10-13,due_date_amount
CL1439,C101087,T1000001687,2026-02-16,payment_status
CL1440,C101087,T1000001687,2026-03-14,due_date_amount
CL1441,C101087,T1000001687,2026-05-11,due_date_amount
CL1442,C101087,T1000001687,2026-06-11,due_date_amount
CL1443,C101089,T1000001690,2025-11-08,due_date_amount
CL1444,C101089,T1000001690,2026-02-17,payment_status
CL4447,C101091,T1000001693,2026-04-26,loan_repayment
CL4049,C101091,T1000001694,2025-11-01,autopay
CL1445,C101092,T1000001697,2026-03-29,due_date_amount
CL1446,C101092,T1000001697,2026-04-02,payment_status
CL4598,C101094,T1000001699,2026-02-04,tax_consent
CL4448,C101095,T1000001700,2025-11-26,loan_repayment
CL4050,C101095,T1000001700,2026-05-06,autopay
CL4051,C101095,T1000001702,2026-01-25,autopay
CL1447,C101096,T1000001703,2026-01-22,payment_status
CL4599,C101096,T1000001704,2026-05-29,tax_consent
CL4776,C101096,T1000001704,2026-06-21,due_date_amount
CL1448,C101098,T1000001706,2026-05-25,due_date_amount
CL1449,C101102,T1000001714,2025-11-29,due_date_amount
CL1450,C101102,T1000001714,2026-06-06,payment_status
CL1451,C101103,T1000001715,2025-11-01,due_date_amount
CL1452,C101104,T1000001716,2026-02-01,payment_status
CL4052,C101104,T1000001716,2026-02-01,autopay
CL1453,C101105,T1000001718,2025-12-27,payment_status
CL4053,C101105,T1000001718,2026-06-26,autopay
CL1454,C101106,T1000001719,2025-10-05,due_date_amount
CL1455,C101106,T1000001719,2026-01-14,payment_status
CL1456,C101108,T1000001721,2025-11-12,due_date_amount
CL1457,C101108,T1000001721,2025-12-14,due_date_amount
CL1458,C101108,T1000001721,2026-03-11,due_date_amount
CL4449,C101110,T1000001723,2026-01-30,loan_repayment
CL4450,C101110,T1000001723,2026-03-27,loan_repayment
CL4451,C101110,T1000001723,2026-04-28,loan_repayment
CL1459,C101116,T1000001730,2025-12-02,due_date_amount
CL1460,C101116,T1000001730,2026-05-30,due_date_amount
CL1461,C101118,T1000001732,2026-06-05,payment_status
CL1462,C101119,T1000001734,2025-10-11,due_date_amount
CL1463,C101121,T1000001737,2025-10-22,due_date_amount
CL1464,C101121,T1000001737,2025-11-29,payment_status
CL1465,C101121,T1000001737,2025-12-21,due_date_amount
CL1466,C101121,T1000001737,2026-02-28,payment_status
CL1467,C101121,T1000001737,2026-06-18,due_date_amount
CL1468,C101122,T1000001738,2026-03-14,due_date_amount
CL1469,C101122,T1000001738,2026-05-15,due_date_amount
CL1470,C101123,T1000001739,2026-04-18,due_date_amount
CL4054,C101123,T1000001740,2025-10-16,autopay
CL1471,C101124,T1000001741,2025-11-26,due_date_amount
CL4055,C101125,T1000001743,2026-01-12,autopay
CL1472,C101127,T1000001746,2026-01-02,payment_status
CL1473,C101128,T1000001747,2025-10-05,due_date_amount
CL1474,C101128,T1000001747,2025-11-08,due_date_amount
CL1475,C101128,T1000001747,2025-12-09,due_date_amount
CL1476,C101128,T1000001747,2025-12-13,payment_status
CL1477,C101128,T1000001747,2026-01-04,due_date_amount
CL1478,C101128,T1000001747,2026-01-12,payment_status
CL1479,C101128,T1000001747,2026-03-14,payment_status
CL1480,C101128,T1000001747,2026-04-03,due_date_amount
CL4823,C101128,T1000001748,2026-03-24,due_date_amount
CL4600,C101128,T1000001748,2026-03-25,tax_consent
CL1481,C101128,T1000001748,2026-06-25,payment_status
CL4819,C101130,T1000001750,2025-10-08,autopay
CL1482,C101130,T1000001750,2026-02-07,due_date_amount
CL1483,C101131,T1000001752,2025-12-18,due_date_amount
CL1484,C101132,T1000001753,2025-10-18,due_date_amount
CL1485,C101132,T1000001753,2026-01-20,due_date_amount
CL1486,C101132,T1000001753,2026-02-16,due_date_amount
CL1487,C101132,T1000001753,2026-05-21,payment_status
CL1488,C101135,T1000001758,2026-06-21,due_date_amount
CL1489,C101138,T1000001763,2026-01-07,due_date_amount
CL4056,C101138,T1000001763,2026-03-23,autopay
CL1490,C101139,T1000001764,2026-01-27,due_date_amount
CL1491,C101139,T1000001764,2026-04-27,due_date_amount
CL1492,C101139,T1000001765,2026-05-13,payment_status
CL4057,C101139,T1000001765,2026-05-13,autopay
CL4058,C101139,T1000001765,2026-05-17,autopay
CL1493,C101140,T1000001767,2026-03-31,payment_status
CL1494,C101141,T1000001768,2026-05-31,due_date_amount
CL1495,C101145,T1000001773,2025-12-12,due_date_amount
CL1496,C101145,T1000001773,2026-06-20,payment_status
CL1497,C101145,T1000001774,2025-12-01,payment_status
CL4059,C101145,T1000001774,2025-12-01,autopay
CL1498,C101145,T1000001774,2025-12-27,due_date_amount
CL4060,C101145,T1000001774,2026-05-05,autopay
CL1499,C101146,T1000001775,2025-10-10,due_date_amount
CL4452,C101147,T1000001777,2026-01-28,loan_repayment
CL4453,C101147,T1000001777,2026-06-26,loan_repayment
CL1500,C101148,T1000001778,2025-11-05,due_date_amount
CL1501,C101149,T1000001780,2025-12-06,due_date_amount
CL1502,C101149,T1000001780,2026-01-06,due_date_amount
CL1503,C101149,T1000001780,2026-03-15,payment_status
CL1504,C101149,T1000001780,2026-04-10,due_date_amount
CL1505,C101150,T1000001781,2025-11-05,payment_status
CL1506,C101150,T1000001781,2026-04-29,due_date_amount
CL4061,C101151,T1000001783,2026-06-22,autopay
CL1507,C101153,T1000001786,2025-10-22,due_date_amount
CL1508,C101153,T1000001786,2026-01-18,due_date_amount
CL1509,C101153,T1000001786,2026-02-20,due_date_amount
CL1510,C101153,T1000001786,2026-06-17,due_date_amount
CL1511,C101159,T1000001794,2025-10-15,payment_status
CL1512,C101159,T1000001795,2026-03-27,due_date_amount
CL1513,C101162,T1000001798,2025-12-09,due_date_amount
CL1514,C101162,T1000001798,2026-06-08,due_date_amount
CL1515,C101162,T1000001798,2026-06-16,payment_status
CL1516,C101164,T1000001801,2026-05-26,due_date_amount
CL4601,C101164,T1000001802,2026-02-06,tax_consent
CL4853,C101164,T1000001803,2026-02-12,tax_consent
CL1517,C101165,T1000001804,2026-02-05,payment_status
CL1518,C101165,T1000001804,2026-02-25,due_date_amount
CL4062,C101165,T1000001804,2026-04-10,autopay
CL1519,C101167,T1000001806,2025-12-01,payment_status
CL4063,C101168,T1000001807,2025-10-18,autopay
CL1520,C101168,T1000001807,2025-12-08,due_date_amount
CL1521,C101168,T1000001807,2026-02-16,payment_status
CL4602,C101168,T1000001807,2026-02-21,tax_consent
CL1522,C101168,T1000001807,2026-03-12,due_date_amount
CL1523,C101170,T1000001809,2025-10-17,due_date_amount
CL1524,C101170,T1000001809,2026-01-25,payment_status
CL1525,C101170,T1000001810,2025-11-09,payment_status
CL4064,C101170,T1000001810,2025-11-10,autopay
CL1526,C101170,T1000001810,2026-04-04,due_date_amount
CL1527,C101170,T1000001810,2026-04-11,payment_status
CL1528,C101170,T1000001810,2026-05-30,due_date_amount
CL1529,C101170,T1000001810,2026-06-08,payment_status
CL1530,C101172,T1000001814,2026-04-04,due_date_amount
CL1531,C101173,T1000001816,2026-04-08,due_date_amount
CL4065,C101174,T1000001817,2025-11-17,autopay
CL1532,C101174,T1000001817,2025-11-18,payment_status
CL1533,C101174,T1000001817,2025-12-10,due_date_amount
CL1534,C101175,T1000001818,2026-03-29,payment_status
CL1535,C101176,T1000001820,2026-03-18,payment_status
CL1536,C101179,T1000001823,2025-11-04,due_date_amount
CL4066,C101181,T1000001826,2026-02-12,autopay
CL1537,C101181,T1000001827,2026-04-08,due_date_amount
CL4764,C101182,T1000001828,2026-01-19,tax_consent
CL1538,C101186,T1000001832,2025-11-16,due_date_amount
CL1539,C101186,T1000001832,2026-01-20,payment_status
CL1540,C101186,T1000001832,2026-04-16,due_date_amount
CL1541,C101186,T1000001832,2026-06-12,due_date_amount
CL4755,C101189,T1000001835,2025-12-13,loan_repayment
CL1542,C101189,T1000001835,2025-12-22,due_date_amount
CL4067,C101190,T1000001837,2025-11-26,autopay
CL4836,C101190,T1000001837,2026-06-10,tax_consent
CL4068,C101191,T1000001838,2026-05-22,autopay
CL1543,C101191,T1000001838,2026-05-25,payment_status
CL4069,C101194,T1000001841,2025-10-22,autopay
CL4070,C101194,T1000001841,2025-12-20,autopay
CL1544,C101194,T1000001841,2026-03-21,payment_status
CL1545,C101197,T1000001844,2026-02-03,payment_status
CL1546,C101198,T1000001845,2025-11-20,payment_status
CL1547,C101198,T1000001845,2026-05-16,due_date_amount
CL1548,C101198,T1000001846,2026-03-23,payment_status
CL1549,C101199,T1000001847,2026-03-02,due_date_amount
CL1550,C101199,T1000001847,2026-03-09,payment_status
CL1551,C101199,T1000001848,2026-05-16,payment_status
CL1552,C101201,T1000001850,2025-10-28,due_date_amount
CL1553,C101201,T1000001850,2026-04-08,payment_status
CL1554,C101201,T1000001850,2026-06-29,due_date_amount
CL1555,C101202,T1000001852,2025-12-31,due_date_amount
CL1556,C101203,T1000001854,2026-04-23,payment_status
CL4071,C101203,T1000001854,2026-06-20,autopay
CL1557,C101205,T1000001857,2026-02-15,due_date_amount
CL1558,C101205,T1000001857,2026-05-13,due_date_amount
CL1559,C101205,T1000001857,2026-06-15,due_date_amount
CL4072,C101206,T1000001858,2026-02-10,autopay
CL4603,C101206,T1000001858,2026-05-11,tax_consent
CL1560,C101210,T1000001863,2025-11-15,payment_status
CL1561,C101210,T1000001863,2026-05-09,due_date_amount
CL1562,C101211,T1000001864,2025-10-23,payment_status
CL1563,C101211,T1000001864,2026-01-16,due_date_amount
CL1564,C101211,T1000001864,2026-01-23,payment_status
CL1565,C101212,T1000001865,2025-10-20,due_date_amount
CL1566,C101212,T1000001865,2026-01-20,due_date_amount
CL1567,C101212,T1000001865,2026-05-20,due_date_amount
CL4739,C101215,T1000001868,2025-11-09,tax_consent
CL4454,C101216,T1000001869,2025-10-27,loan_repayment
CL1568,C101216,T1000001869,2026-05-02,payment_status
CL4455,C101216,T1000001869,2026-06-24,loan_repayment
CL1569,C101218,T1000001871,2026-01-16,payment_status
CL1570,C101219,T1000001874,2026-02-28,due_date_amount
CL1571,C101219,T1000001875,2026-01-04,due_date_amount
CL1572,C101221,T1000001877,2026-01-15,due_date_amount
CL1573,C101221,T1000001877,2026-03-13,due_date_amount
CL1574,C101221,T1000001877,2026-03-23,payment_status
CL1575,C101221,T1000001877,2026-04-16,due_date_amount
CL1576,C101222,T1000001878,2025-10-03,due_date_amount
CL1577,C101222,T1000001878,2026-01-28,due_date_amount
CL1578,C101222,T1000001878,2026-04-01,due_date_amount
CL1579,C101222,T1000001878,2026-05-29,due_date_amount
CL1580,C101222,T1000001878,2026-06-05,payment_status
CL4604,C101222,T1000001879,2026-03-07,tax_consent
CL1581,C101223,T1000001882,2026-05-28,due_date_amount
CL1582,C101225,T1000001884,2025-12-01,due_date_amount
CL1583,C101225,T1000001884,2026-03-03,due_date_amount
CL1584,C101225,T1000001884,2026-06-07,payment_status
CL4605,C101226,T1000001885,2026-01-17,tax_consent
CL1585,C101231,T1000001892,2025-10-30,payment_status
CL1586,C101231,T1000001892,2026-04-30,payment_status
CL1587,C101231,T1000001893,2026-01-28,due_date_amount
CL1588,C101231,T1000001893,2026-05-03,due_date_amount
CL1589,C101232,T1000001894,2026-01-12,due_date_amount
CL1590,C101232,T1000001894,2026-02-11,due_date_amount
CL1591,C101232,T1000001894,2026-06-15,due_date_amount
CL1592,C101232,T1000001895,2025-12-17,due_date_amount
CL1593,C101232,T1000001895,2026-01-16,due_date_amount
CL1594,C101232,T1000001895,2026-03-18,due_date_amount
CL1595,C101232,T1000001895,2026-03-27,payment_status
CL1596,C101232,T1000001895,2026-04-16,due_date_amount
CL1597,C101232,T1000001895,2026-05-15,due_date_amount
CL1598,C101233,T1000001896,2025-12-30,payment_status
CL1599,C101233,T1000001896,2026-01-20,due_date_amount
CL1600,C101233,T1000001896,2026-02-20,due_date_amount
CL1601,C101233,T1000001896,2026-06-19,due_date_amount
CL1602,C101234,T1000001897,2025-10-23,due_date_amount
CL1603,C101234,T1000001897,2025-11-01,payment_status
CL1604,C101235,T1000001899,2025-11-29,due_date_amount
CL4456,C101235,T1000001899,2025-12-25,loan_repayment
CL4457,C101235,T1000001899,2026-01-29,loan_repayment
CL1605,C101235,T1000001899,2026-03-04,payment_status
CL4458,C101235,T1000001899,2026-03-25,loan_repayment
CL1606,C101236,T1000001901,2025-12-04,due_date_amount
CL1607,C101237,T1000001904,2026-01-29,payment_status
CL1608,C101239,T1000001906,2026-01-20,due_date_amount
CL4073,C101239,T1000001906,2026-05-31,autopay
CL1609,C101240,T1000001908,2025-10-01,due_date_amount
CL1610,C101242,T1000001911,2026-03-19,due_date_amount
CL1611,C101245,T1000001914,2026-01-05,payment_status
CL1612,C101245,T1000001914,2026-03-30,due_date_amount
CL1613,C101246,T1000001915,2026-01-15,due_date_amount
CL1614,C101246,T1000001916,2025-10-07,payment_status
CL1615,C101246,T1000001916,2026-01-10,payment_status
CL1616,C101246,T1000001916,2026-04-03,due_date_amount
CL1617,C101247,T1000001917,2026-01-06,due_date_amount
CL1618,C101247,T1000001917,2026-03-30,due_date_amount
CL1619,C101247,T1000001917,2026-04-11,payment_status
CL1620,C101247,T1000001917,2026-05-03,due_date_amount
CL1621,C101247,T1000001917,2026-05-29,due_date_amount
CL1622,C101247,T1000001918,2026-02-05,payment_status
CL1623,C101247,T1000001918,2026-04-28,due_date_amount
CL1624,C101248,T1000001919,2025-11-28,due_date_amount
CL1625,C101248,T1000001919,2026-05-23,due_date_amount
CL1626,C101252,T1000001924,2026-01-18,due_date_amount
CL1627,C101253,T1000001925,2026-02-21,due_date_amount
CL1628,C101253,T1000001925,2026-04-29,payment_status
CL1629,C101253,T1000001925,2026-06-26,due_date_amount
CL1630,C101253,T1000001926,2026-02-08,due_date_amount
CL1631,C101256,T1000001930,2025-10-26,payment_status
CL1632,C101257,T1000001931,2025-10-28,due_date_amount
CL1633,C101257,T1000001931,2026-01-28,due_date_amount
CL1634,C101257,T1000001931,2026-05-27,due_date_amount
CL1635,C101258,T1000001932,2026-05-26,due_date_amount
CL1636,C101259,T1000001934,2026-03-03,due_date_amount
CL1637,C101260,T1000001935,2025-12-27,payment_status
CL1638,C101262,T1000001937,2025-10-31,due_date_amount
CL1639,C101264,T1000001940,2025-11-19,payment_status
CL4074,C101265,T1000001942,2026-05-27,autopay
CL1640,C101266,T1000001943,2025-10-11,due_date_amount
CL1641,C101266,T1000001943,2025-10-18,payment_status
CL1642,C101266,T1000001943,2025-12-17,payment_status
CL4075,C101267,T1000001944,2025-10-10,autopay
CL4076,C101267,T1000001944,2025-10-14,autopay
CL1643,C101267,T1000001944,2026-01-07,payment_status
CL1644,C101269,T1000001947,2025-10-14,due_date_amount
CL1645,C101269,T1000001947,2025-11-08,due_date_amount
CL1646,C101269,T1000001947,2026-03-10,due_date_amount
CL1647,C101269,T1000001947,2026-05-11,due_date_amount
CL4822,C101272,T1000001950,2026-06-06,payment_status
CL4077,C101276,T1000001956,2026-05-11,autopay
CL1648,C101276,T1000001956,2026-05-12,payment_status
CL4078,C101277,T1000001957,2026-05-07,autopay
CL1649,C101278,T1000001958,2026-06-22,due_date_amount
CL1650,C101279,T1000001959,2026-02-26,due_date_amount
CL1651,C101279,T1000001960,2026-03-19,payment_status
CL4717,C101281,T1000001962,2026-02-28,due_date_amount
CL1652,C101281,T1000001964,2025-11-26,payment_status
CL1653,C101284,T1000001967,2026-06-17,due_date_amount
CL1654,C101285,T1000001968,2025-12-12,payment_status
CL1655,C101285,T1000001969,2025-10-10,payment_status
CL1656,C101288,T1000001974,2025-12-05,due_date_amount
CL1657,C101290,T1000001977,2025-11-01,due_date_amount
CL1658,C101291,T1000001978,2025-10-30,due_date_amount
CL4606,C101291,T1000001978,2025-11-04,tax_consent
CL1659,C101291,T1000001978,2025-12-01,due_date_amount
CL1660,C101291,T1000001978,2026-03-27,due_date_amount
CL1661,C101292,T1000001980,2026-05-11,due_date_amount
CL1662,C101294,T1000001982,2025-10-24,due_date_amount
CL1663,C101294,T1000001982,2025-12-27,due_date_amount
CL1664,C101294,T1000001982,2026-01-27,due_date_amount
CL1665,C101294,T1000001982,2026-05-02,payment_status
CL1666,C101295,T1000001984,2025-12-13,payment_status
CL1667,C101295,T1000001984,2026-03-11,payment_status
CL1668,C101297,T1000001986,2026-01-07,payment_status
CL1669,C101297,T1000001986,2026-03-28,due_date_amount
CL4858,C101297,T1000001986,2026-06-13,payment_status
CL1670,C101297,T1000001987,2026-01-20,payment_status
CL4079,C101297,T1000001987,2026-01-24,autopay
CL4459,C101297,T1000001987,2026-06-27,loan_repayment
CL1671,C101298,T1000001988,2025-11-14,due_date_amount
CL1672,C101299,T1000001990,2026-01-12,due_date_amount
CL1673,C101299,T1000001990,2026-02-12,due_date_amount
CL1674,C101299,T1000001990,2026-03-12,due_date_amount
CL4080,C101301,T1000001993,2026-03-16,autopay
CL1675,C101302,T1000001994,2025-11-13,due_date_amount
CL1676,C101304,T1000001996,2025-10-09,due_date_amount
CL1677,C101305,T1000001997,2026-02-22,due_date_amount
CL1678,C101305,T1000001998,2026-02-22,payment_status
CL1679,C101305,T1000001998,2026-05-16,due_date_amount
CL1680,C101307,T1000002000,2026-06-07,payment_status
CL4784,C101308,T1000002001,2025-11-05,loan_repayment
CL4081,C101309,T1000002002,2026-02-07,autopay
CL1681,C101310,T1000002003,2026-01-13,payment_status
CL1682,C101311,T1000002006,2026-01-24,due_date_amount
CL4082,C101311,T1000002006,2026-05-03,autopay
CL1683,C101312,T1000002007,2026-02-23,payment_status
CL1684,C101312,T1000002007,2026-05-23,payment_status
CL1685,C101312,T1000002007,2026-06-24,payment_status
CL1686,C101314,T1000002011,2025-10-24,payment_status
CL4083,C101314,T1000002011,2025-12-20,autopay
CL1687,C101314,T1000002011,2025-12-23,payment_status
CL4084,C101314,T1000002011,2025-12-23,autopay
CL1688,C101314,T1000002011,2026-02-15,due_date_amount
CL1689,C101314,T1000002011,2026-03-20,payment_status
CL1690,C101314,T1000002011,2026-06-12,due_date_amount
CL1691,C101315,T1000002012,2026-01-25,payment_status
CL1692,C101315,T1000002012,2026-03-27,payment_status
CL1693,C101316,T1000002015,2025-10-23,due_date_amount
CL1694,C101316,T1000002015,2025-11-21,due_date_amount
CL1695,C101316,T1000002015,2026-06-25,payment_status
CL4785,C101317,T1000002017,2026-05-16,tax_consent
CL4860,C101317,T1000002018,2026-04-18,due_date_amount
CL1696,C101320,T1000002022,2026-03-12,due_date_amount
CL1697,C101320,T1000002023,2026-01-04,due_date_amount
CL1698,C101320,T1000002023,2026-01-14,payment_status
CL1699,C101320,T1000002023,2026-04-16,payment_status
CL1700,C101322,T1000002026,2025-12-21,due_date_amount
CL1701,C101325,T1000002029,2025-12-24,payment_status
CL4460,C101325,T1000002030,2025-10-30,loan_repayment
CL4085,C101325,T1000002030,2026-01-26,autopay
CL4086,C101325,T1000002030,2026-04-29,autopay
CL1702,C101326,T1000002031,2026-05-30,due_date_amount
CL1703,C101326,T1000002032,2026-03-12,payment_status
CL1704,C101328,T1000002034,2026-01-08,payment_status
CL1705,C101328,T1000002035,2026-03-22,payment_status
CL1706,C101329,T1000002036,2026-01-02,payment_status
CL4087,C101329,T1000002036,2026-01-04,autopay
CL1707,C101329,T1000002036,2026-06-29,due_date_amount
CL1708,C101329,T1000002038,2025-10-23,payment_status
CL4790,C101329,T1000002038,2026-04-06,tax_consent
CL1709,C101330,T1000002040,2025-11-22,payment_status
CL1710,C101331,T1000002041,2025-11-22,due_date_amount
CL1711,C101331,T1000002041,2026-02-22,due_date_amount
CL1712,C101331,T1000002041,2026-04-18,due_date_amount
CL1713,C101332,T1000002044,2026-06-29,due_date_amount
CL1714,C101333,T1000002045,2025-10-19,due_date_amount
CL1715,C101335,T1000002048,2026-02-16,payment_status
CL1716,C101335,T1000002048,2026-03-11,due_date_amount
CL1717,C101335,T1000002048,2026-04-13,payment_status
CL1718,C101335,T1000002048,2026-05-08,due_date_amount
CL1719,C101335,T1000002048,2026-06-07,due_date_amount
CL4088,C101336,T1000002049,2026-03-16,autopay
CL4089,C101336,T1000002049,2026-03-18,autopay
CL4090,C101336,T1000002049,2026-04-20,autopay
CL1720,C101336,T1000002050,2025-11-28,due_date_amount
CL1721,C101336,T1000002050,2026-03-05,payment_status
CL1722,C101336,T1000002050,2026-06-27,due_date_amount
CL4091,C101337,T1000002051,2026-02-09,autopay
CL1723,C101337,T1000002052,2026-03-13,due_date_amount
CL1724,C101337,T1000002053,2026-06-08,due_date_amount
CL1725,C101337,T1000002053,2026-06-15,payment_status
CL1726,C101339,T1000002055,2026-01-06,due_date_amount
CL1727,C101339,T1000002055,2026-03-13,payment_status
CL1728,C101340,T1000002056,2025-11-17,payment_status
CL1729,C101342,T1000002060,2026-01-18,due_date_amount
CL1730,C101350,T1000002069,2025-12-25,payment_status
CL1731,C101350,T1000002070,2025-10-12,payment_status
CL1732,C101350,T1000002070,2025-12-02,due_date_amount
CL1733,C101350,T1000002070,2026-03-03,due_date_amount
CL1734,C101353,T1000002073,2026-02-05,due_date_amount
CL4607,C101354,T1000002074,2025-10-20,tax_consent
CL1735,C101355,T1000002077,2025-10-24,due_date_amount
CL4461,C101356,T1000002078,2025-12-01,loan_repayment
CL4462,C101356,T1000002078,2025-12-28,loan_repayment
CL4463,C101356,T1000002078,2026-02-24,loan_repayment
CL1736,C101358,T1000002080,2025-10-20,due_date_amount
CL4608,C101358,T1000002080,2025-11-04,tax_consent
CL1737,C101360,T1000002083,2025-10-23,payment_status
CL1738,C101360,T1000002084,2026-04-03,due_date_amount
CL1739,C101360,T1000002084,2026-04-10,payment_status
CL1740,C101362,T1000002087,2025-10-16,due_date_amount
CL1741,C101363,T1000002088,2025-11-29,payment_status
CL1742,C101364,T1000002089,2025-11-24,due_date_amount
CL1743,C101364,T1000002089,2026-03-31,payment_status
CL1744,C101367,T1000002094,2025-10-20,payment_status
CL1745,C101367,T1000002094,2026-04-13,due_date_amount
CL1746,C101368,T1000002095,2025-11-21,payment_status
CL4092,C101368,T1000002095,2026-03-24,autopay
CL1747,C101368,T1000002096,2026-01-11,due_date_amount
CL4839,C101369,T1000002099,2026-03-11,loan_repayment
CL1748,C101370,T1000002100,2025-11-25,due_date_amount
CL4093,C101370,T1000002100,2025-12-01,autopay
CL4827,C101370,T1000002100,2026-04-17,loan_repayment
CL4609,C101370,T1000002101,2026-01-07,tax_consent
CL1749,C101371,T1000002102,2026-02-07,due_date_amount
CL1750,C101371,T1000002102,2026-03-07,due_date_amount
CL1751,C101371,T1000002102,2026-04-14,payment_status
CL1752,C101371,T1000002103,2025-10-21,payment_status
CL1753,C101372,T1000002104,2025-12-11,due_date_amount
CL1754,C101372,T1000002104,2026-02-07,due_date_amount
CL1755,C101372,T1000002105,2025-12-26,payment_status
CL4094,C101374,T1000002107,2026-06-28,autopay
CL1756,C101375,T1000002108,2025-10-28,payment_status
CL1757,C101375,T1000002108,2026-01-21,due_date_amount
CL1758,C101375,T1000002108,2026-03-19,due_date_amount
CL1759,C101375,T1000002108,2026-06-28,payment_status
CL4095,C101375,T1000002109,2026-03-25,autopay
CL4610,C101377,T1000002112,2025-12-07,tax_consent
CL1760,C101378,T1000002113,2026-06-24,due_date_amount
CL1761,C101381,T1000002116,2026-01-15,due_date_amount
CL1762,C101381,T1000002116,2026-02-15,due_date_amount
CL1763,C101382,T1000002118,2025-11-24,payment_status
CL1764,C101382,T1000002118,2026-03-14,due_date_amount
CL1765,C101382,T1000002118,2026-04-17,due_date_amount
CL1766,C101382,T1000002118,2026-06-17,due_date_amount
CL1767,C101383,T1000002120,2026-03-09,due_date_amount
CL4464,C101385,T1000002122,2025-10-29,loan_repayment
CL1768,C101385,T1000002122,2025-11-02,due_date_amount
CL4611,C101385,T1000002122,2025-12-15,tax_consent
CL4465,C101385,T1000002122,2026-01-26,loan_repayment
CL1769,C101386,T1000002123,2026-01-17,due_date_amount
CL1770,C101386,T1000002123,2026-01-27,payment_status
CL1771,C101386,T1000002123,2026-02-18,due_date_amount
CL1772,C101386,T1000002123,2026-03-31,payment_status
CL1773,C101386,T1000002123,2026-05-26,payment_status
CL1774,C101386,T1000002124,2025-10-07,payment_status
CL1775,C101386,T1000002124,2025-11-05,payment_status
CL1776,C101386,T1000002124,2026-01-26,due_date_amount
CL1777,C101386,T1000002124,2026-02-01,payment_status
CL1778,C101386,T1000002124,2026-03-04,payment_status
CL1779,C101386,T1000002124,2026-04-26,due_date_amount
CL1780,C101388,T1000002126,2026-04-13,due_date_amount
CL1781,C101389,T1000002128,2025-12-29,payment_status
CL1782,C101391,T1000002130,2026-05-21,payment_status
CL1783,C101392,T1000002132,2026-02-24,due_date_amount
CL4767,C101394,T1000002134,2026-03-15,payment_status
CL4096,C101396,T1000002138,2025-10-07,autopay
CL4097,C101396,T1000002138,2026-04-06,autopay
CL4098,C101396,T1000002138,2026-04-09,autopay
CL1784,C101396,T1000002139,2026-01-10,payment_status
CL1785,C101397,T1000002141,2025-10-19,due_date_amount
CL1786,C101397,T1000002141,2025-10-22,payment_status
CL1787,C101397,T1000002141,2026-04-24,payment_status
CL4466,C101397,T1000002141,2026-04-30,loan_repayment
CL1788,C101398,T1000002142,2026-01-25,due_date_amount
CL1789,C101398,T1000002142,2026-04-22,due_date_amount
CL1790,C101398,T1000002143,2025-12-15,payment_status
CL1791,C101398,T1000002143,2026-06-08,due_date_amount
CL1792,C101399,T1000002144,2025-11-26,payment_status
CL1793,C101402,T1000002149,2025-12-12,payment_status
CL4099,C101404,T1000002153,2026-05-15,autopay
CL1794,C101405,T1000002154,2025-10-02,payment_status
CL4100,C101406,T1000002156,2026-01-03,autopay
CL4734,C101411,T1000002163,2026-05-23,tax_consent
CL4101,C101413,T1000002166,2025-12-21,autopay
CL1795,C101413,T1000002166,2026-03-18,due_date_amount
CL1796,C101414,T1000002168,2026-04-09,due_date_amount
CL4612,C101414,T1000002169,2025-12-19,tax_consent
CL4613,C101414,T1000002169,2025-12-23,tax_consent
CL1797,C101414,T1000002169,2026-02-02,payment_status
CL1798,C101414,T1000002169,2026-04-03,payment_status
CL4614,C101415,T1000002170,2026-04-05,tax_consent
CL1799,C101416,T1000002171,2026-06-22,due_date_amount
CL1800,C101418,T1000002173,2026-03-14,due_date_amount
CL1801,C101418,T1000002174,2025-10-11,due_date_amount
CL4467,C101418,T1000002174,2026-04-28,loan_repayment
CL1802,C101418,T1000002174,2026-05-15,due_date_amount
CL1803,C101419,T1000002175,2025-12-31,due_date_amount
CL1804,C101420,T1000002176,2026-01-19,due_date_amount
CL1805,C101421,T1000002178,2026-02-20,payment_status
CL4102,C101422,T1000002179,2025-10-14,autopay
CL4103,C101422,T1000002179,2025-10-17,autopay
CL4104,C101422,T1000002179,2025-12-14,autopay
CL1806,C101422,T1000002180,2026-02-04,due_date_amount
CL1807,C101424,T1000002182,2025-12-30,payment_status
CL4105,C101424,T1000002182,2026-03-29,autopay
CL1808,C101424,T1000002182,2026-05-30,payment_status
CL1809,C101429,T1000002189,2025-11-05,due_date_amount
CL1810,C101429,T1000002189,2026-01-05,due_date_amount
CL1811,C101429,T1000002189,2026-03-05,due_date_amount
CL1812,C101430,T1000002190,2026-01-05,due_date_amount
CL1813,C101432,T1000002193,2026-03-17,due_date_amount
CL1814,C101432,T1000002193,2026-03-27,payment_status
CL4615,C101432,T1000002194,2026-01-04,tax_consent
CL1815,C101433,T1000002195,2025-12-03,payment_status
CL1816,C101433,T1000002195,2025-12-23,due_date_amount
CL1817,C101433,T1000002195,2026-03-27,due_date_amount
CL1818,C101433,T1000002195,2026-04-24,due_date_amount
CL1819,C101434,T1000002197,2026-02-24,payment_status
CL1820,C101437,T1000002200,2026-04-18,payment_status
CL1821,C101438,T1000002201,2025-11-02,due_date_amount
CL4468,C101438,T1000002201,2026-01-26,loan_repayment
CL1822,C101438,T1000002201,2026-02-06,payment_status
CL1823,C101439,T1000002203,2026-06-14,due_date_amount
CL4469,C101440,T1000002204,2025-10-27,loan_repayment
CL4470,C101440,T1000002204,2026-01-26,loan_repayment
CL1824,C101440,T1000002204,2026-02-09,payment_status
CL4471,C101440,T1000002204,2026-03-01,loan_repayment
CL1825,C101441,T1000002206,2025-10-04,due_date_amount
CL1826,C101442,T1000002208,2025-10-25,due_date_amount
CL1827,C101442,T1000002208,2026-05-30,payment_status
CL4820,C101442,T1000002209,2026-05-03,payment_status
CL1828,C101443,T1000002211,2026-06-15,due_date_amount
CL1829,C101444,T1000002212,2026-01-04,payment_status
CL4106,C101444,T1000002212,2026-02-02,autopay
CL1830,C101444,T1000002213,2025-12-24,due_date_amount
CL1831,C101444,T1000002213,2026-01-25,payment_status
CL4472,C101444,T1000002213,2026-04-26,loan_repayment
CL1832,C101447,T1000002218,2025-10-19,due_date_amount
CL1833,C101447,T1000002218,2025-11-15,due_date_amount
CL4754,C101447,T1000002218,2026-02-16,due_date_amount
CL1834,C101447,T1000002218,2026-05-17,due_date_amount
CL1835,C101447,T1000002218,2026-05-25,payment_status
CL1836,C101448,T1000002219,2025-12-13,payment_status
CL1837,C101448,T1000002219,2026-05-09,due_date_amount
CL1838,C101450,T1000002222,2025-12-28,payment_status
CL1839,C101452,T1000002224,2026-01-22,due_date_amount
CL1840,C101452,T1000002224,2026-05-21,due_date_amount
CL1841,C101454,T1000002227,2026-04-25,due_date_amount
CL1842,C101456,T1000002229,2025-11-19,due_date_amount
CL1843,C101456,T1000002229,2025-12-19,due_date_amount
CL4473,C101456,T1000002229,2025-12-25,loan_repayment
CL1844,C101456,T1000002229,2026-03-26,payment_status
CL4722,C101456,T1000002229,2026-05-08,tax_consent
CL1845,C101456,T1000002230,2025-12-12,payment_status
CL1846,C101458,T1000002232,2025-12-16,payment_status
CL4107,C101458,T1000002232,2026-03-18,autopay
CL1847,C101458,T1000002232,2026-03-19,payment_status
CL1848,C101459,T1000002235,2026-04-28,payment_status
CL1849,C101460,T1000002237,2026-03-12,due_date_amount
CL1850,C101460,T1000002238,2026-03-10,payment_status
CL1851,C101460,T1000002238,2026-06-27,due_date_amount
CL1852,C101461,T1000002239,2026-02-04,due_date_amount
CL1853,C101461,T1000002239,2026-02-10,payment_status
CL1854,C101463,T1000002241,2026-02-23,due_date_amount
CL1855,C101464,T1000002243,2025-11-06,due_date_amount
CL1856,C101464,T1000002243,2025-12-10,due_date_amount
CL1857,C101464,T1000002244,2025-10-07,payment_status
CL1858,C101464,T1000002244,2026-01-24,due_date_amount
CL1859,C101464,T1000002244,2026-01-31,payment_status
CL4756,C101465,T1000002245,2025-09-30,due_date_amount
CL1860,C101466,T1000002246,2025-10-05,payment_status
CL1861,C101468,T1000002248,2025-10-30,due_date_amount
CL1862,C101468,T1000002248,2026-06-03,payment_status
CL1863,C101470,T1000002250,2026-05-17,payment_status
CL1864,C101471,T1000002252,2025-12-28,due_date_amount
CL1865,C101472,T1000002253,2025-11-01,due_date_amount
CL4835,C101472,T1000002253,2026-05-20,autopay
CL1866,C101472,T1000002253,2026-06-29,due_date_amount
CL4616,C101474,T1000002256,2026-04-21,tax_consent
CL1867,C101475,T1000002257,2025-12-30,due_date_amount
CL1868,C101475,T1000002257,2026-03-02,due_date_amount
CL1869,C101475,T1000002257,2026-04-03,due_date_amount
CL1870,C101475,T1000002257,2026-06-01,due_date_amount
CL4108,C101476,T1000002258,2025-09-30,autopay
CL4109,C101476,T1000002258,2026-04-01,autopay
CL4812,C101478,T1000002261,2026-03-22,autopay
CL1871,C101478,T1000002261,2026-04-23,due_date_amount
CL4110,C101479,T1000002262,2025-11-27,autopay
CL1872,C101479,T1000002263,2025-11-01,payment_status
CL4111,C101479,T1000002263,2025-11-05,autopay
CL1873,C101481,T1000002265,2025-10-03,due_date_amount
CL1874,C101481,T1000002265,2025-12-02,due_date_amount
CL1875,C101481,T1000002265,2026-01-10,payment_status
CL1876,C101481,T1000002265,2026-05-29,due_date_amount
CL1877,C101482,T1000002266,2025-11-15,due_date_amount
CL1878,C101482,T1000002266,2026-01-14,due_date_amount
CL1879,C101482,T1000002266,2026-03-12,due_date_amount
CL4112,C101483,T1000002267,2025-12-20,autopay
CL1880,C101483,T1000002267,2026-03-16,payment_status
CL4113,C101483,T1000002267,2026-03-19,autopay
CL1881,C101488,T1000002273,2026-01-05,due_date_amount
CL1882,C101488,T1000002273,2026-02-12,payment_status
CL1883,C101490,T1000002277,2025-11-22,due_date_amount
CL1884,C101491,T1000002278,2025-11-27,due_date_amount
CL1885,C101493,T1000002281,2026-01-12,payment_status
CL1886,C101493,T1000002281,2026-05-30,due_date_amount
CL1887,C101493,T1000002281,2026-06-30,due_date_amount
CL1888,C101493,T1000002282,2025-10-24,due_date_amount
CL1889,C101493,T1000002282,2026-01-27,payment_status
CL1890,C101493,T1000002282,2026-04-18,due_date_amount
CL1891,C101493,T1000002282,2026-05-20,due_date_amount
CL1892,C101494,T1000002284,2025-10-23,due_date_amount
CL1893,C101494,T1000002284,2025-11-21,due_date_amount
CL1894,C101494,T1000002284,2026-01-20,due_date_amount
CL1895,C101494,T1000002284,2026-03-18,due_date_amount
CL1896,C101494,T1000002284,2026-05-20,due_date_amount
CL1897,C101494,T1000002285,2026-02-08,payment_status
CL1898,C101495,T1000002286,2025-12-14,payment_status
CL1899,C101496,T1000002287,2025-12-16,due_date_amount
CL1900,C101496,T1000002287,2026-05-16,due_date_amount
CL1901,C101496,T1000002288,2025-11-22,due_date_amount
CL1902,C101496,T1000002288,2025-12-26,payment_status
CL1903,C101496,T1000002288,2026-03-01,payment_status
CL1904,C101496,T1000002289,2025-12-11,due_date_amount
CL1905,C101496,T1000002289,2025-12-17,payment_status
CL4114,C101496,T1000002289,2026-05-18,autopay
CL4115,C101497,T1000002290,2025-10-02,autopay
CL1906,C101497,T1000002290,2026-01-01,payment_status
CL1907,C101497,T1000002290,2026-06-28,payment_status
CL1908,C101498,T1000002291,2026-04-10,payment_status
CL4116,C101498,T1000002291,2026-04-12,autopay
CL1909,C101498,T1000002292,2026-01-18,payment_status
CL4117,C101498,T1000002293,2026-02-10,autopay
CL4118,C101499,T1000002294,2025-12-13,autopay
CL4617,C101503,T1000002300,2026-01-01,tax_consent
CL4119,C101504,T1000002301,2025-12-06,autopay
CL4120,C101504,T1000002301,2025-12-08,autopay
CL4121,C101504,T1000002301,2026-03-05,autopay
CL4122,C101504,T1000002301,2026-03-10,autopay
CL4123,C101504,T1000002301,2026-05-03,autopay
CL1910,C101505,T1000002303,2026-05-26,due_date_amount
CL4124,C101505,T1000002303,2026-05-31,autopay
CL1911,C101506,T1000002304,2026-01-16,due_date_amount
CL4125,C101506,T1000002304,2026-01-27,autopay
CL1912,C101506,T1000002304,2026-01-28,payment_status
CL1913,C101507,T1000002305,2025-10-15,due_date_amount
CL1914,C101509,T1000002308,2025-12-10,payment_status
CL1915,C101509,T1000002308,2025-12-29,due_date_amount
CL4126,C101509,T1000002308,2026-01-07,autopay
CL4127,C101510,T1000002309,2025-12-28,autopay
CL1916,C101513,T1000002312,2026-03-03,payment_status
CL4128,C101513,T1000002312,2026-03-04,autopay
CL4129,C101513,T1000002312,2026-03-06,autopay
CL1917,C101514,T1000002313,2025-11-27,due_date_amount
CL1918,C101514,T1000002313,2026-03-29,due_date_amount
CL1919,C101514,T1000002314,2025-10-05,payment_status
CL1920,C101514,T1000002314,2026-01-21,due_date_amount
CL1921,C101517,T1000002318,2026-02-24,due_date_amount
CL1922,C101517,T1000002318,2026-04-22,due_date_amount
CL1923,C101518,T1000002319,2026-01-13,due_date_amount
CL1924,C101518,T1000002319,2026-01-20,payment_status
CL4130,C101518,T1000002319,2026-01-24,autopay
CL1925,C101519,T1000002321,2025-10-11,payment_status
CL1926,C101519,T1000002321,2025-11-06,due_date_amount
CL1927,C101519,T1000002321,2026-05-03,due_date_amount
CL1928,C101520,T1000002322,2026-02-24,due_date_amount
CL1929,C101521,T1000002324,2026-01-22,payment_status
CL4131,C101521,T1000002324,2026-01-23,autopay
CL1930,C101523,T1000002327,2026-05-30,payment_status
CL1931,C101523,T1000002327,2026-06-22,due_date_amount
CL4618,C101524,T1000002328,2026-04-14,tax_consent
CL1932,C101524,T1000002328,2026-05-14,due_date_amount
CL1933,C101526,T1000002330,2025-10-25,payment_status
CL1934,C101526,T1000002330,2026-01-14,due_date_amount
CL1935,C101526,T1000002330,2026-03-25,payment_status
CL1936,C101526,T1000002330,2026-06-19,due_date_amount
CL1937,C101528,T1000002332,2025-11-24,payment_status
CL1938,C101528,T1000002332,2025-12-28,payment_status
CL1939,C101528,T1000002333,2026-06-29,payment_status
CL4746,C101530,T1000002336,2026-05-20,due_date_amount
CL1940,C101530,T1000002337,2026-04-14,payment_status
CL4619,C101531,T1000002338,2025-11-02,tax_consent
CL1941,C101533,T1000002342,2025-11-24,payment_status
CL1942,C101533,T1000002342,2026-01-17,due_date_amount
CL1943,C101533,T1000002342,2026-06-15,due_date_amount
CL1944,C101534,T1000002343,2025-12-07,due_date_amount
CL4132,C101534,T1000002343,2025-12-12,autopay
CL1945,C101534,T1000002343,2025-12-13,payment_status
CL4620,C101534,T1000002343,2025-12-25,tax_consent
CL4133,C101534,T1000002343,2026-01-12,autopay
CL1946,C101534,T1000002343,2026-04-14,payment_status
CL1947,C101534,T1000002344,2026-02-09,payment_status
CL4134,C101536,T1000002346,2025-11-11,autopay
CL4135,C101536,T1000002346,2026-03-12,autopay
CL1948,C101536,T1000002346,2026-06-07,payment_status
CL1949,C101538,T1000002348,2025-12-10,due_date_amount
CL1950,C101538,T1000002348,2026-01-14,due_date_amount
CL1951,C101538,T1000002348,2026-02-11,due_date_amount
CL1952,C101538,T1000002348,2026-03-21,payment_status
CL1953,C101538,T1000002348,2026-06-15,due_date_amount
CL1954,C101539,T1000002349,2025-11-06,payment_status
CL1955,C101539,T1000002349,2025-12-04,payment_status
CL1956,C101539,T1000002349,2026-03-27,due_date_amount
CL1957,C101541,T1000002351,2025-12-27,payment_status
CL1958,C101541,T1000002351,2026-03-19,due_date_amount
CL1959,C101542,T1000002352,2025-10-13,due_date_amount
CL1960,C101542,T1000002352,2025-11-17,due_date_amount
CL1961,C101542,T1000002352,2025-11-24,payment_status
CL1962,C101542,T1000002352,2025-12-17,due_date_amount
CL1963,C101542,T1000002352,2026-02-12,due_date_amount
CL1964,C101543,T1000002354,2025-10-12,due_date_amount
CL1965,C101543,T1000002354,2025-11-20,payment_status
CL1966,C101543,T1000002354,2025-12-18,payment_status
CL1967,C101543,T1000002354,2026-01-17,payment_status
CL1968,C101543,T1000002354,2026-06-13,due_date_amount
CL1969,C101543,T1000002354,2026-06-17,payment_status
CL1970,C101543,T1000002355,2025-12-09,payment_status
CL1971,C101543,T1000002355,2026-03-07,payment_status
CL1972,C101544,T1000002357,2026-01-19,due_date_amount
CL1973,C101544,T1000002357,2026-01-28,payment_status
CL1974,C101544,T1000002357,2026-04-19,due_date_amount
CL1975,C101545,T1000002358,2025-10-28,due_date_amount
CL4621,C101548,T1000002361,2025-10-15,tax_consent
CL1976,C101553,T1000002369,2026-02-01,due_date_amount
CL1977,C101553,T1000002370,2026-05-22,due_date_amount
CL1978,C101555,T1000002373,2025-11-09,due_date_amount
CL4622,C101556,T1000002374,2026-06-11,tax_consent
CL1979,C101557,T1000002377,2026-02-24,payment_status
CL1980,C101557,T1000002377,2026-03-28,payment_status
CL1981,C101557,T1000002377,2026-05-25,payment_status
CL1982,C101558,T1000002378,2025-10-14,due_date_amount
CL1983,C101558,T1000002378,2026-04-15,due_date_amount
CL1984,C101559,T1000002379,2026-01-25,payment_status
CL1985,C101560,T1000002381,2026-01-26,payment_status
CL1986,C101560,T1000002382,2025-10-15,due_date_amount
CL1987,C101560,T1000002382,2025-12-13,due_date_amount
CL1988,C101560,T1000002382,2026-02-11,due_date_amount
CL1989,C101560,T1000002382,2026-05-21,payment_status
CL1990,C101561,T1000002383,2025-11-30,payment_status
CL1991,C101561,T1000002383,2025-12-24,due_date_amount
CL4136,C101563,T1000002385,2026-02-19,autopay
CL1992,C101566,T1000002389,2026-04-10,due_date_amount
CL1993,C101568,T1000002391,2025-10-20,payment_status
CL1994,C101568,T1000002391,2026-01-12,due_date_amount
CL1995,C101568,T1000002391,2026-04-11,due_date_amount
CL1996,C101568,T1000002392,2025-10-09,due_date_amount
CL1997,C101568,T1000002392,2026-02-17,payment_status
CL1998,C101568,T1000002392,2026-03-18,payment_status
CL1999,C101571,T1000002396,2026-01-03,due_date_amount
CL4137,C101573,T1000002398,2026-02-17,autopay
CL2000,C101574,T1000002399,2026-01-15,due_date_amount
CL2001,C101574,T1000002400,2026-06-30,payment_status
CL2002,C101576,T1000002402,2026-04-09,due_date_amount
CL2003,C101576,T1000002403,2026-02-20,due_date_amount
CL2004,C101577,T1000002404,2025-10-18,due_date_amount
CL2005,C101577,T1000002404,2025-10-24,payment_status
CL2006,C101577,T1000002404,2026-04-20,due_date_amount
CL2007,C101577,T1000002405,2026-03-21,due_date_amount
CL2008,C101578,T1000002407,2025-12-27,payment_status
CL2009,C101580,T1000002409,2026-02-04,due_date_amount
CL2010,C101580,T1000002409,2026-05-04,due_date_amount
CL2011,C101580,T1000002409,2026-06-10,payment_status
CL2012,C101581,T1000002410,2026-02-01,due_date_amount
CL2013,C101582,T1000002411,2025-10-28,payment_status
CL2014,C101582,T1000002411,2025-11-18,due_date_amount
CL2015,C101582,T1000002411,2026-01-27,payment_status
CL2016,C101582,T1000002411,2026-04-20,due_date_amount
CL2017,C101582,T1000002413,2026-02-01,payment_status
CL2018,C101582,T1000002413,2026-05-07,payment_status
CL4138,C101583,T1000002414,2026-02-09,autopay
CL4743,C101584,T1000002416,2026-02-22,tax_consent
CL2019,C101584,T1000002417,2026-01-15,due_date_amount
CL2020,C101585,T1000002418,2025-11-08,due_date_amount
CL2021,C101586,T1000002420,2025-12-22,due_date_amount
CL2022,C101587,T1000002421,2026-01-29,due_date_amount
CL2023,C101587,T1000002421,2026-02-27,due_date_amount
CL2024,C101587,T1000002421,2026-06-04,payment_status
CL2025,C101588,T1000002423,2026-01-05,due_date_amount
CL2026,C101588,T1000002424,2026-02-18,payment_status
CL2027,C101588,T1000002424,2026-05-15,due_date_amount
CL2028,C101590,T1000002427,2026-05-14,due_date_amount
CL4139,C101592,T1000002431,2025-12-17,autopay
CL4140,C101592,T1000002431,2025-12-20,autopay
CL2029,C101592,T1000002431,2025-12-21,payment_status
CL4141,C101592,T1000002431,2026-05-17,autopay
CL2030,C101592,T1000002432,2026-04-23,payment_status
CL2031,C101594,T1000002436,2026-03-19,payment_status
CL2032,C101594,T1000002436,2026-06-14,due_date_amount
CL2033,C101594,T1000002436,2026-06-19,payment_status
CL2034,C101597,T1000002439,2026-04-18,payment_status
CL2035,C101597,T1000002439,2026-06-09,due_date_amount
CL2036,C101599,T1000002442,2026-03-22,payment_status
CL2037,C101599,T1000002443,2025-11-28,due_date_amount
CL2038,C101599,T1000002443,2026-01-23,due_date_amount
CL2039,C101599,T1000002443,2026-06-25,due_date_amount
CL4623,C101600,T1000002444,2026-03-04,tax_consent
CL2040,C101602,T1000002446,2025-10-19,due_date_amount
CL2041,C101602,T1000002446,2026-03-20,due_date_amount
CL2042,C101602,T1000002446,2026-05-27,payment_status
CL2043,C101602,T1000002446,2026-06-17,due_date_amount
CL2044,C101603,T1000002448,2025-10-19,due_date_amount
CL2045,C101603,T1000002448,2025-11-25,payment_status
CL2046,C101603,T1000002448,2026-02-23,payment_status
CL4142,C101604,T1000002449,2026-02-28,autopay
CL2047,C101606,T1000002451,2026-02-23,due_date_amount
CL2048,C101606,T1000002451,2026-03-25,due_date_amount
CL4143,C101607,T1000002452,2026-01-26,autopay
CL2049,C101608,T1000002453,2025-10-21,due_date_amount
CL2050,C101608,T1000002455,2025-12-16,due_date_amount
CL2051,C101608,T1000002455,2026-03-15,due_date_amount
CL2052,C101608,T1000002455,2026-05-12,due_date_amount
CL2053,C101608,T1000002455,2026-06-10,due_date_amount
CL4144,C101609,T1000002456,2026-06-02,autopay
CL2054,C101612,T1000002459,2026-01-13,due_date_amount
CL2055,C101613,T1000002460,2026-05-01,payment_status
CL4145,C101614,T1000002461,2026-01-10,autopay
CL2056,C101617,T1000002464,2025-12-13,payment_status
CL2057,C101618,T1000002465,2025-11-17,due_date_amount
CL2058,C101618,T1000002466,2026-05-02,payment_status
CL2059,C101621,T1000002470,2025-11-30,due_date_amount
CL2060,C101621,T1000002470,2026-04-08,payment_status
CL2061,C101621,T1000002471,2026-01-24,payment_status
CL2062,C101622,T1000002472,2026-05-02,payment_status
CL2063,C101622,T1000002473,2026-06-16,due_date_amount
CL4146,C101624,T1000002475,2026-01-04,autopay
CL2064,C101625,T1000002477,2026-04-10,due_date_amount
CL2065,C101625,T1000002477,2026-04-14,payment_status
CL4147,C101626,T1000002479,2025-12-25,autopay
CL2066,C101628,T1000002484,2026-03-03,due_date_amount
CL2067,C101629,T1000002487,2025-10-29,payment_status
CL4148,C101629,T1000002487,2025-11-01,autopay
CL4624,C101629,T1000002487,2025-12-24,tax_consent
CL2068,C101630,T1000002488,2026-04-12,due_date_amount
CL2069,C101630,T1000002488,2026-05-16,payment_status
CL2070,C101630,T1000002489,2026-01-14,payment_status
CL2071,C101631,T1000002490,2026-01-26,payment_status
CL4837,C101632,T1000002491,2026-04-04,autopay
CL2072,C101632,T1000002491,2026-06-17,due_date_amount
CL2073,C101634,T1000002495,2025-11-09,due_date_amount
CL4149,C101634,T1000002495,2026-03-14,autopay
CL2074,C101637,T1000002499,2026-03-15,due_date_amount
CL4150,C101638,T1000002501,2026-05-03,autopay
CL4625,C101639,T1000002502,2026-01-04,tax_consent
CL2075,C101639,T1000002503,2025-12-11,payment_status
CL2076,C101639,T1000002503,2026-06-02,due_date_amount
CL4151,C101641,T1000002505,2025-10-01,autopay
CL2077,C101641,T1000002507,2025-11-04,payment_status
CL2078,C101641,T1000002507,2026-01-24,due_date_amount
CL2079,C101642,T1000002508,2026-02-20,payment_status
CL2080,C101643,T1000002509,2026-05-21,due_date_amount
CL2081,C101643,T1000002509,2026-06-26,due_date_amount
CL4152,C101644,T1000002510,2026-02-10,autopay
CL2082,C101646,T1000002512,2026-03-30,payment_status
CL4153,C101646,T1000002512,2026-03-31,autopay
CL2083,C101647,T1000002515,2026-04-21,due_date_amount
CL2084,C101647,T1000002515,2026-06-19,due_date_amount
CL2085,C101649,T1000002517,2025-11-12,payment_status
CL2086,C101649,T1000002517,2026-02-02,due_date_amount
CL2087,C101649,T1000002517,2026-05-04,due_date_amount
CL2088,C101649,T1000002517,2026-06-11,payment_status
CL2089,C101649,T1000002518,2025-10-22,due_date_amount
CL2090,C101649,T1000002518,2026-04-16,due_date_amount
CL2091,C101649,T1000002518,2026-06-14,due_date_amount
CL2092,C101650,T1000002519,2026-04-06,due_date_amount
CL2093,C101650,T1000002519,2026-05-03,due_date_amount
CL2094,C101651,T1000002520,2025-10-16,due_date_amount
CL2095,C101651,T1000002520,2025-12-19,due_date_amount
CL2096,C101651,T1000002520,2026-02-15,due_date_amount
CL2097,C101651,T1000002520,2026-06-16,due_date_amount
CL2098,C101652,T1000002521,2025-12-09,payment_status
CL4792,C101652,T1000002521,2026-05-07,tax_consent
CL4626,C101652,T1000002522,2026-02-23,tax_consent
CL2099,C101653,T1000002523,2026-04-14,due_date_amount
CL2100,C101654,T1000002525,2026-04-01,due_date_amount
CL2101,C101655,T1000002527,2025-10-24,due_date_amount
CL2102,C101656,T1000002528,2025-11-10,due_date_amount
CL2103,C101657,T1000002529,2026-04-08,due_date_amount
CL4474,C101658,T1000002531,2026-01-29,loan_repayment
CL2104,C101660,T1000002533,2025-11-08,payment_status
CL4154,C101660,T1000002533,2026-01-07,autopay
CL2105,C101660,T1000002534,2025-10-23,due_date_amount
CL2106,C101660,T1000002534,2026-01-21,due_date_amount
CL4762,C101660,T1000002534,2026-04-08,autopay
CL2107,C101661,T1000002535,2026-04-10,due_date_amount
CL4155,C101663,T1000002538,2026-02-07,autopay
CL4156,C101663,T1000002538,2026-06-07,autopay
CL2108,C101664,T1000002539,2025-11-30,due_date_amount
CL2109,C101664,T1000002539,2026-02-27,due_date_amount
CL2110,C101664,T1000002539,2026-03-04,payment_status
CL2111,C101664,T1000002539,2026-03-29,due_date_amount
CL4738,C101664,T1000002539,2026-04-20,loan_repayment
CL2112,C101664,T1000002539,2026-06-24,due_date_amount
CL2113,C101666,T1000002541,2026-01-15,due_date_amount
CL2114,C101666,T1000002541,2026-02-08,due_date_amount
CL2115,C101666,T1000002541,2026-02-18,payment_status
CL2116,C101666,T1000002541,2026-05-21,payment_status
CL2117,C101666,T1000002541,2026-06-10,due_date_amount
CL2118,C101667,T1000002542,2026-03-02,due_date_amount
CL2119,C101667,T1000002542,2026-03-29,due_date_amount
CL2120,C101667,T1000002543,2026-01-17,payment_status
CL2121,C101668,T1000002544,2025-11-20,payment_status
CL2122,C101668,T1000002544,2025-12-12,due_date_amount
CL2123,C101668,T1000002544,2026-01-10,due_date_amount
CL2124,C101668,T1000002544,2026-01-16,payment_status
CL2125,C101668,T1000002544,2026-06-09,due_date_amount
CL2126,C101669,T1000002546,2025-12-06,payment_status
CL2127,C101671,T1000002549,2026-03-02,due_date_amount
CL2128,C101671,T1000002550,2025-12-07,due_date_amount
CL2129,C101671,T1000002550,2026-06-05,due_date_amount
CL2130,C101672,T1000002551,2026-03-17,due_date_amount
CL2131,C101672,T1000002551,2026-03-22,payment_status
CL2132,C101672,T1000002551,2026-04-16,due_date_amount
CL2133,C101678,T1000002558,2026-01-06,due_date_amount
CL2134,C101678,T1000002558,2026-02-04,due_date_amount
CL2135,C101678,T1000002558,2026-06-14,payment_status
CL2136,C101679,T1000002560,2026-06-28,payment_status
CL4157,C101679,T1000002560,2026-06-30,autopay
CL2137,C101680,T1000002561,2025-10-14,payment_status
CL4158,C101684,T1000002566,2025-12-26,autopay
CL4627,C101684,T1000002566,2026-03-13,tax_consent
CL2138,C101685,T1000002567,2026-01-11,payment_status
CL2139,C101685,T1000002567,2026-03-08,due_date_amount
CL2140,C101686,T1000002569,2026-03-19,payment_status
CL2141,C101687,T1000002570,2026-01-12,due_date_amount
CL2142,C101687,T1000002570,2026-02-17,payment_status
CL2143,C101687,T1000002570,2026-04-13,due_date_amount
CL2144,C101687,T1000002570,2026-05-20,payment_status
CL2145,C101687,T1000002570,2026-06-19,payment_status
CL2146,C101688,T1000002571,2026-01-18,due_date_amount
CL2147,C101688,T1000002573,2026-02-20,due_date_amount
CL2148,C101688,T1000002573,2026-05-19,due_date_amount
CL2149,C101690,T1000002575,2025-11-23,due_date_amount
CL2150,C101691,T1000002576,2025-11-24,payment_status
CL2151,C101691,T1000002576,2026-01-22,payment_status
CL2152,C101692,T1000002579,2026-06-08,due_date_amount
CL2153,C101695,T1000002582,2026-01-05,due_date_amount
CL2154,C101695,T1000002582,2026-04-10,due_date_amount
CL2155,C101696,T1000002583,2025-10-31,due_date_amount
CL2156,C101696,T1000002583,2025-11-08,payment_status
CL2157,C101696,T1000002583,2026-04-02,due_date_amount
CL2158,C101699,T1000002586,2025-11-25,due_date_amount
CL2159,C101699,T1000002586,2026-05-22,due_date_amount
CL2160,C101699,T1000002586,2026-06-20,due_date_amount
CL2161,C101701,T1000002590,2025-11-20,due_date_amount
CL2162,C101701,T1000002590,2026-02-17,due_date_amount
CL4628,C101702,T1000002591,2025-12-31,tax_consent
CL2163,C101704,T1000002593,2025-10-23,due_date_amount
CL2164,C101705,T1000002595,2026-02-06,payment_status
CL4159,C101705,T1000002595,2026-04-07,autopay
CL2165,C101705,T1000002595,2026-06-08,payment_status
CL2166,C101707,T1000002597,2026-05-30,payment_status
CL2167,C101707,T1000002598,2026-05-23,due_date_amount
CL2168,C101710,T1000002602,2025-11-22,payment_status
CL2169,C101710,T1000002602,2026-02-14,due_date_amount
CL2170,C101710,T1000002602,2026-03-15,due_date_amount
CL4475,C101711,T1000002605,2026-06-25,loan_repayment
CL2171,C101712,T1000002606,2025-11-23,due_date_amount
CL2172,C101712,T1000002606,2025-12-31,payment_status
CL2173,C101712,T1000002606,2026-01-21,due_date_amount
CL2174,C101712,T1000002606,2026-03-27,due_date_amount
CL2175,C101712,T1000002607,2025-10-16,due_date_amount
CL2176,C101712,T1000002607,2026-01-20,payment_status
CL2177,C101713,T1000002608,2025-10-10,payment_status
CL2178,C101713,T1000002609,2025-11-06,payment_status
CL2179,C101717,T1000002613,2026-05-14,payment_status
CL2180,C101717,T1000002613,2026-06-11,payment_status
CL2181,C101718,T1000002615,2025-11-04,payment_status
CL2182,C101719,T1000002617,2025-11-14,due_date_amount
CL2183,C101719,T1000002617,2025-12-13,due_date_amount
CL4160,C101720,T1000002619,2025-10-08,autopay
CL4161,C101720,T1000002619,2025-12-05,autopay
CL4629,C101721,T1000002620,2026-06-30,tax_consent
CL4162,C101722,T1000002622,2025-10-23,autopay
CL2184,C101722,T1000002622,2025-10-28,payment_status
CL4163,C101722,T1000002622,2025-10-29,autopay
CL4164,C101723,T1000002623,2026-03-11,autopay
CL2185,C101723,T1000002625,2026-04-01,due_date_amount
CL4847,C101723,T1000002625,2026-06-28,tax_consent
CL2186,C101725,T1000002627,2025-12-12,payment_status
CL2187,C101726,T1000002628,2026-01-25,due_date_amount
CL2188,C101726,T1000002628,2026-04-24,due_date_amount
CL2189,C101726,T1000002629,2026-06-30,due_date_amount
CL2190,C101728,T1000002631,2026-06-04,due_date_amount
CL2191,C101728,T1000002631,2026-06-09,payment_status
CL2192,C101729,T1000002632,2025-11-08,due_date_amount
CL4630,C101729,T1000002632,2025-12-06,tax_consent
CL2193,C101729,T1000002632,2026-02-06,due_date_amount
CL2194,C101729,T1000002632,2026-03-07,due_date_amount
CL2195,C101729,T1000002632,2026-04-17,payment_status
CL4165,C101730,T1000002635,2025-11-23,autopay
CL4166,C101730,T1000002635,2026-05-24,autopay
CL2196,C101731,T1000002636,2025-11-22,payment_status
CL2197,C101734,T1000002639,2025-11-28,due_date_amount
CL2198,C101735,T1000002640,2025-10-15,payment_status
CL2199,C101735,T1000002640,2025-11-05,due_date_amount
CL2200,C101735,T1000002640,2026-04-03,due_date_amount
CL4826,C101735,T1000002640,2026-06-12,due_date_amount
CL2201,C101736,T1000002642,2025-11-16,due_date_amount
CL2202,C101736,T1000002642,2026-01-12,due_date_amount
CL2203,C101736,T1000002642,2026-02-14,due_date_amount
CL2204,C101736,T1000002642,2026-02-23,payment_status
CL2205,C101736,T1000002642,2026-03-24,payment_status
CL2206,C101737,T1000002643,2026-06-22,due_date_amount
CL2207,C101737,T1000002643,2026-06-30,payment_status
CL2208,C101740,T1000002647,2025-10-27,due_date_amount
CL2209,C101742,T1000002649,2026-03-24,due_date_amount
CL4167,C101742,T1000002649,2026-05-30,autopay
CL2210,C101742,T1000002650,2025-12-09,due_date_amount
CL4631,C101743,T1000002653,2026-04-03,tax_consent
CL4168,C101743,T1000002653,2026-04-29,autopay
CL4169,C101743,T1000002653,2026-05-01,autopay
CL4170,C101745,T1000002657,2025-11-10,autopay
CL4171,C101745,T1000002657,2026-01-07,autopay
CL2211,C101745,T1000002657,2026-01-09,payment_status
CL4172,C101745,T1000002657,2026-02-07,autopay
CL2212,C101747,T1000002659,2026-04-05,due_date_amount
CL2213,C101749,T1000002661,2025-10-17,due_date_amount
CL2214,C101749,T1000002661,2026-01-17,due_date_amount
CL2215,C101749,T1000002661,2026-03-17,due_date_amount
CL2216,C101749,T1000002661,2026-05-22,payment_status
CL2217,C101749,T1000002661,2026-06-14,due_date_amount
CL2218,C101750,T1000002662,2026-05-26,due_date_amount
CL4173,C101750,T1000002663,2026-04-21,autopay
CL2219,C101750,T1000002663,2026-06-13,due_date_amount
CL2220,C101751,T1000002664,2025-11-21,due_date_amount
CL4174,C101751,T1000002664,2026-01-31,autopay
CL2221,C101751,T1000002664,2026-03-20,due_date_amount
CL2222,C101752,T1000002665,2026-01-06,payment_status
CL2223,C101752,T1000002665,2026-03-05,payment_status
CL2224,C101752,T1000002666,2025-12-24,payment_status
CL4175,C101753,T1000002667,2026-05-11,autopay
CL2225,C101753,T1000002667,2026-05-12,payment_status
CL2226,C101757,T1000002671,2026-01-07,payment_status
CL2227,C101757,T1000002672,2025-11-12,due_date_amount
CL2228,C101757,T1000002673,2026-01-19,due_date_amount
CL2229,C101758,T1000002675,2026-06-22,due_date_amount
CL2230,C101761,T1000002680,2026-06-27,payment_status
CL2231,C101762,T1000002681,2026-04-03,payment_status
CL4176,C101766,T1000002686,2026-04-10,autopay
CL4177,C101766,T1000002686,2026-06-09,autopay
CL2232,C101767,T1000002687,2025-11-23,payment_status
CL2233,C101767,T1000002687,2026-05-16,due_date_amount
CL4476,C101767,T1000002688,2025-10-27,loan_repayment
CL2234,C101767,T1000002688,2026-06-16,due_date_amount
CL2235,C101770,T1000002691,2026-06-06,due_date_amount
CL2236,C101772,T1000002693,2026-06-19,due_date_amount
CL2237,C101773,T1000002694,2026-03-10,payment_status
CL4859,C101773,T1000002695,2026-05-01,autopay
CL2238,C101774,T1000002696,2025-12-18,due_date_amount
CL4774,C101774,T1000002696,2026-03-18,due_date_amount
CL2239,C101774,T1000002696,2026-03-21,due_date_amount
CL2240,C101774,T1000002697,2026-04-06,due_date_amount
CL4178,C101777,T1000002701,2026-04-08,autopay
CL2241,C101779,T1000002706,2026-06-25,payment_status
CL2242,C101780,T1000002708,2025-11-18,due_date_amount
CL2243,C101780,T1000002708,2026-06-15,due_date_amount
CL2244,C101784,T1000002713,2025-12-20,payment_status
CL4179,C101785,T1000002714,2026-04-07,autopay
CL2245,C101785,T1000002715,2026-02-26,due_date_amount
CL2246,C101785,T1000002715,2026-06-01,due_date_amount
CL2247,C101785,T1000002715,2026-06-07,payment_status
CL2248,C101785,T1000002716,2026-01-13,payment_status
CL2249,C101786,T1000002718,2025-10-12,due_date_amount
CL2250,C101786,T1000002718,2025-11-17,payment_status
CL2251,C101786,T1000002718,2025-12-12,due_date_amount
CL2252,C101786,T1000002718,2026-03-12,due_date_amount
CL2253,C101786,T1000002718,2026-05-08,due_date_amount
CL2254,C101786,T1000002718,2026-06-11,due_date_amount
CL2255,C101787,T1000002719,2026-04-10,due_date_amount
CL4180,C101788,T1000002721,2026-02-26,autopay
CL2256,C101788,T1000002722,2026-04-20,payment_status
CL4181,C101788,T1000002722,2026-04-20,autopay
CL4182,C101789,T1000002723,2026-05-20,autopay
CL2257,C101789,T1000002724,2025-11-09,due_date_amount
CL2258,C101789,T1000002724,2026-03-18,payment_status
CL2259,C101789,T1000002724,2026-06-15,payment_status
CL2260,C101791,T1000002726,2026-01-27,due_date_amount
CL4477,C101791,T1000002727,2026-01-30,loan_repayment
CL4183,C101793,T1000002730,2025-11-25,autopay
CL2261,C101793,T1000002730,2026-01-26,payment_status
CL4849,C101793,T1000002730,2026-06-04,autopay
CL2262,C101795,T1000002732,2025-11-23,due_date_amount
CL2263,C101795,T1000002732,2026-01-24,due_date_amount
CL2264,C101795,T1000002732,2026-04-29,payment_status
CL2265,C101795,T1000002732,2026-06-21,due_date_amount
CL2266,C101795,T1000002733,2025-10-06,due_date_amount
CL2267,C101795,T1000002733,2025-10-13,payment_status
CL2268,C101795,T1000002733,2026-03-09,payment_status
CL2269,C101795,T1000002733,2026-04-04,due_date_amount
CL2270,C101795,T1000002733,2026-06-01,due_date_amount
CL4632,C101795,T1000002734,2026-06-21,tax_consent
CL2271,C101798,T1000002738,2025-11-21,payment_status
CL2272,C101798,T1000002738,2026-02-09,due_date_amount
CL2273,C101798,T1000002738,2026-05-10,due_date_amount
CL2274,C101798,T1000002738,2026-06-13,due_date_amount
CL2275,C101801,T1000002742,2025-12-27,due_date_amount
CL2276,C101802,T1000002743,2025-10-06,due_date_amount
CL2277,C101802,T1000002743,2025-11-05,due_date_amount
CL2278,C101802,T1000002743,2025-12-10,payment_status
CL2279,C101802,T1000002743,2026-03-03,due_date_amount
CL2280,C101802,T1000002743,2026-04-04,due_date_amount
CL2281,C101802,T1000002743,2026-05-09,payment_status
CL2282,C101802,T1000002743,2026-06-04,due_date_amount
CL2283,C101802,T1000002744,2025-10-13,due_date_amount
CL2284,C101802,T1000002744,2025-12-15,due_date_amount
CL4184,C101802,T1000002744,2026-01-20,autopay
CL2285,C101802,T1000002744,2026-01-21,payment_status
CL2286,C101802,T1000002744,2026-06-19,payment_status
CL2287,C101802,T1000002745,2025-12-18,due_date_amount
CL2288,C101802,T1000002745,2026-04-11,due_date_amount
CL2289,C101802,T1000002745,2026-05-20,payment_status
CL4185,C101807,T1000002751,2026-06-07,autopay
CL2290,C101808,T1000002753,2026-02-15,due_date_amount
CL2291,C101808,T1000002753,2026-06-14,due_date_amount
CL2292,C101809,T1000002754,2025-09-30,payment_status
CL2293,C101809,T1000002754,2025-12-18,due_date_amount
CL2294,C101809,T1000002755,2025-10-18,due_date_amount
CL2295,C101809,T1000002755,2025-11-16,due_date_amount
CL2296,C101809,T1000002755,2026-03-21,payment_status
CL2297,C101812,T1000002759,2025-11-10,due_date_amount
CL2298,C101812,T1000002759,2025-12-09,due_date_amount
CL2299,C101812,T1000002759,2026-02-08,due_date_amount
CL2300,C101812,T1000002759,2026-03-10,due_date_amount
CL2301,C101812,T1000002759,2026-04-07,due_date_amount
CL2302,C101813,T1000002760,2026-03-25,due_date_amount
CL2303,C101813,T1000002760,2026-06-25,due_date_amount
CL2304,C101813,T1000002761,2025-10-07,due_date_amount
CL2305,C101813,T1000002761,2025-11-07,due_date_amount
CL4633,C101815,T1000002763,2026-01-18,tax_consent
CL2306,C101816,T1000002764,2025-12-10,due_date_amount
CL2307,C101816,T1000002764,2026-01-12,due_date_amount
CL4186,C101817,T1000002765,2025-10-05,autopay
CL4187,C101818,T1000002766,2026-03-24,autopay
CL2308,C101819,T1000002768,2025-10-30,payment_status
CL2309,C101819,T1000002768,2025-12-21,due_date_amount
CL2310,C101819,T1000002768,2026-05-15,due_date_amount
CL2311,C101819,T1000002768,2026-06-19,due_date_amount
CL2312,C101820,T1000002770,2025-12-09,due_date_amount
CL2313,C101821,T1000002771,2025-10-08,due_date_amount
CL2314,C101823,T1000002773,2026-04-05,due_date_amount
CL4841,C101824,T1000002775,2025-11-18,loan_repayment
CL2315,C101824,T1000002775,2025-11-29,payment_status
CL2316,C101824,T1000002775,2026-03-20,due_date_amount
CL2317,C101824,T1000002775,2026-04-28,payment_status
CL4634,C101827,T1000002778,2026-06-15,tax_consent
CL2318,C101828,T1000002779,2025-12-10,due_date_amount
CL2319,C101828,T1000002779,2026-03-17,due_date_amount
CL2320,C101829,T1000002780,2025-10-28,due_date_amount
CL2321,C101831,T1000002782,2025-10-16,due_date_amount
CL2322,C101831,T1000002782,2026-01-22,payment_status
CL2323,C101831,T1000002782,2026-04-14,due_date_amount
CL2324,C101832,T1000002784,2026-06-18,payment_status
CL2325,C101833,T1000002785,2025-11-02,payment_status
CL2326,C101836,T1000002789,2026-01-29,due_date_amount
CL2327,C101836,T1000002789,2026-04-08,payment_status
CL2328,C101836,T1000002790,2025-12-25,due_date_amount
CL4761,C101838,T1000002793,2025-11-23,payment_status
CL2329,C101838,T1000002793,2026-01-11,payment_status
CL2330,C101839,T1000002795,2026-06-28,due_date_amount
CL2331,C101840,T1000002796,2026-03-01,due_date_amount
CL2332,C101840,T1000002796,2026-05-10,payment_status
CL2333,C101842,T1000002799,2026-06-10,due_date_amount
CL2334,C101844,T1000002802,2026-03-10,payment_status
CL2335,C101847,T1000002805,2026-03-07,due_date_amount
CL4188,C101848,T1000002808,2025-10-11,autopay
CL4189,C101848,T1000002808,2026-01-11,autopay
CL4635,C101848,T1000002808,2026-06-19,tax_consent
CL2336,C101850,T1000002810,2025-10-19,due_date_amount
CL2337,C101850,T1000002810,2025-11-13,due_date_amount
CL2338,C101850,T1000002812,2025-12-26,payment_status
CL2339,C101850,T1000002812,2026-02-16,due_date_amount
CL2340,C101850,T1000002812,2026-06-20,due_date_amount
CL4796,C101851,T1000002813,2026-03-03,due_date_amount
CL4190,C101851,T1000002813,2026-04-04,autopay
CL2341,C101851,T1000002813,2026-04-07,payment_status
CL4191,C101851,T1000002813,2026-04-07,autopay
CL2342,C101852,T1000002814,2025-11-28,payment_status
CL4192,C101852,T1000002814,2025-11-30,autopay
CL2343,C101853,T1000002818,2025-11-18,due_date_amount
CL4193,C101853,T1000002818,2026-04-21,autopay
CL2344,C101854,T1000002819,2025-10-02,payment_status
CL2345,C101854,T1000002819,2025-10-23,due_date_amount
CL2346,C101854,T1000002819,2026-02-24,due_date_amount
CL4194,C101855,T1000002821,2026-03-27,autopay
CL2347,C101856,T1000002822,2025-12-05,due_date_amount
CL2348,C101856,T1000002822,2026-05-07,due_date_amount
CL2349,C101856,T1000002822,2026-06-04,due_date_amount
CL2350,C101857,T1000002823,2026-06-23,payment_status
CL2351,C101858,T1000002825,2026-02-12,payment_status
CL2352,C101858,T1000002825,2026-03-18,payment_status
CL2353,C101858,T1000002825,2026-05-08,due_date_amount
CL2354,C101859,T1000002828,2025-12-26,due_date_amount
CL2355,C101861,T1000002830,2026-05-02,due_date_amount
CL4195,C101862,T1000002831,2026-01-18,autopay
CL2356,C101865,T1000002834,2025-10-13,due_date_amount
CL2357,C101866,T1000002835,2025-12-06,payment_status
CL2358,C101866,T1000002835,2026-04-26,due_date_amount
CL2359,C101866,T1000002836,2025-10-15,due_date_amount
CL2360,C101866,T1000002836,2025-11-20,payment_status
CL2361,C101866,T1000002836,2025-12-17,payment_status
CL2362,C101866,T1000002836,2026-02-06,due_date_amount
CL2363,C101866,T1000002836,2026-04-11,due_date_amount
CL2364,C101867,T1000002837,2026-04-16,payment_status
CL2365,C101868,T1000002838,2026-01-21,payment_status
CL2366,C101868,T1000002838,2026-03-24,payment_status
CL2367,C101868,T1000002838,2026-05-15,due_date_amount
CL2368,C101868,T1000002839,2025-11-19,due_date_amount
CL4814,C101870,T1000002841,2026-06-25,autopay
CL4850,C101876,T1000002850,2026-01-20,tax_consent
CL2369,C101878,T1000002854,2026-03-31,due_date_amount
CL2370,C101878,T1000002855,2026-02-17,due_date_amount
CL2371,C101880,T1000002859,2026-01-12,due_date_amount
CL2372,C101880,T1000002860,2026-01-29,payment_status
CL4196,C101880,T1000002860,2026-04-01,autopay
CL4197,C101880,T1000002860,2026-04-29,autopay
CL4728,C101882,T1000002863,2026-02-27,autopay
CL2373,C101884,T1000002865,2025-11-28,payment_status
CL2374,C101884,T1000002865,2026-01-25,payment_status
CL2375,C101884,T1000002865,2026-02-16,due_date_amount
CL2376,C101884,T1000002865,2026-05-17,due_date_amount
CL2377,C101884,T1000002865,2026-05-27,payment_status
CL2378,C101885,T1000002866,2026-05-08,payment_status
CL4636,C101886,T1000002867,2025-10-21,tax_consent
CL2379,C101886,T1000002867,2025-10-27,due_date_amount
CL2380,C101886,T1000002867,2025-12-27,due_date_amount
CL2381,C101886,T1000002867,2026-01-26,due_date_amount
CL2382,C101886,T1000002867,2026-05-24,due_date_amount
CL2383,C101886,T1000002868,2025-11-29,due_date_amount
CL2384,C101886,T1000002868,2026-03-04,payment_status
CL2385,C101886,T1000002868,2026-04-23,due_date_amount
CL2386,C101886,T1000002868,2026-05-03,payment_status
CL2387,C101886,T1000002868,2026-06-26,due_date_amount
CL2388,C101886,T1000002869,2025-11-14,due_date_amount
CL2389,C101886,T1000002869,2025-12-22,payment_status
CL2390,C101886,T1000002869,2026-02-19,payment_status
CL2391,C101886,T1000002869,2026-04-20,payment_status
CL2392,C101886,T1000002869,2026-05-19,payment_status
CL2393,C101886,T1000002869,2026-06-13,due_date_amount
CL2394,C101887,T1000002870,2025-11-28,payment_status
CL2395,C101889,T1000002872,2026-02-22,payment_status
CL4198,C101889,T1000002872,2026-06-19,autopay
CL2396,C101889,T1000002872,2026-06-23,payment_status
CL4782,C101891,T1000002875,2025-10-21,autopay
CL2397,C101891,T1000002875,2026-03-16,payment_status
CL2398,C101894,T1000002878,2025-10-23,payment_status
CL2399,C101894,T1000002878,2026-03-24,payment_status
CL2400,C101894,T1000002878,2026-05-15,due_date_amount
CL4781,C101895,T1000002879,2025-11-04,payment_status
CL4199,C101895,T1000002879,2026-01-18,autopay
CL4478,C101895,T1000002879,2026-01-25,loan_repayment
CL4479,C101895,T1000002879,2026-04-29,loan_repayment
CL2401,C101896,T1000002882,2025-12-11,due_date_amount
CL2402,C101897,T1000002883,2026-06-30,payment_status
CL2403,C101899,T1000002886,2025-12-11,payment_status
CL2404,C101899,T1000002886,2026-04-05,due_date_amount
CL2405,C101900,T1000002887,2025-10-07,payment_status
CL2406,C101900,T1000002887,2026-04-02,due_date_amount
CL2407,C101900,T1000002887,2026-04-10,payment_status
CL2408,C101900,T1000002887,2026-06-29,due_date_amount
CL2409,C101900,T1000002888,2026-02-27,payment_status
CL4768,C101903,T1000002892,2026-05-09,tax_consent
CL2410,C101904,T1000002894,2026-01-20,due_date_amount
CL2411,C101906,T1000002897,2026-01-28,payment_status
CL2412,C101906,T1000002897,2026-02-19,due_date_amount
CL2413,C101906,T1000002897,2026-05-30,payment_status
CL2414,C101906,T1000002898,2025-11-16,due_date_amount
CL2415,C101906,T1000002898,2025-12-12,due_date_amount
CL2416,C101906,T1000002898,2026-02-18,payment_status
CL2417,C101907,T1000002899,2026-06-12,due_date_amount
CL2418,C101908,T1000002902,2025-11-04,due_date_amount
CL2419,C101909,T1000002904,2026-05-25,due_date_amount
CL2420,C101911,T1000002908,2026-06-16,due_date_amount
CL2421,C101912,T1000002910,2026-01-08,due_date_amount
CL2422,C101912,T1000002910,2026-05-07,due_date_amount
CL2423,C101912,T1000002910,2026-06-17,payment_status
CL2424,C101913,T1000002912,2025-12-13,due_date_amount
CL2425,C101913,T1000002912,2026-04-09,due_date_amount
CL2426,C101913,T1000002912,2026-05-13,due_date_amount
CL2427,C101913,T1000002912,2026-06-11,due_date_amount
CL4771,C101915,T1000002914,2026-06-19,loan_repayment
CL4637,C101916,T1000002915,2026-04-23,tax_consent
CL2428,C101917,T1000002916,2025-10-09,due_date_amount
CL2429,C101917,T1000002916,2025-10-18,payment_status
CL2430,C101917,T1000002916,2026-03-14,payment_status
CL4200,C101917,T1000002916,2026-03-20,autopay
CL4201,C101917,T1000002916,2026-05-14,autopay
CL2431,C101918,T1000002917,2026-04-04,payment_status
CL2432,C101918,T1000002918,2025-10-05,due_date_amount
CL2433,C101918,T1000002918,2026-03-03,due_date_amount
CL2434,C101918,T1000002918,2026-05-01,due_date_amount
CL2435,C101918,T1000002919,2026-04-03,due_date_amount
CL2436,C101919,T1000002920,2026-04-09,payment_status
CL2437,C101920,T1000002921,2026-06-10,due_date_amount
CL4202,C101920,T1000002922,2026-02-14,autopay
CL2438,C101921,T1000002923,2025-11-13,payment_status
CL2439,C101921,T1000002923,2025-12-05,due_date_amount
CL2440,C101921,T1000002923,2026-01-03,due_date_amount
CL2441,C101921,T1000002923,2026-05-03,due_date_amount
CL2442,C101922,T1000002924,2026-02-01,payment_status
CL2443,C101923,T1000002925,2025-11-08,due_date_amount
CL4203,C101923,T1000002925,2026-05-17,autopay
CL4638,C101923,T1000002927,2026-06-26,tax_consent
CL2444,C101925,T1000002929,2026-02-08,due_date_amount
CL2445,C101926,T1000002930,2025-10-23,due_date_amount
CL2446,C101926,T1000002930,2026-03-26,due_date_amount
CL4789,C101929,T1000002933,2026-06-04,payment_status
CL2447,C101929,T1000002934,2025-11-02,due_date_amount
CL4480,C101929,T1000002934,2026-01-31,loan_repayment
CL2448,C101929,T1000002934,2026-03-29,due_date_amount
CL4481,C101929,T1000002934,2026-04-28,loan_repayment
CL4639,C101930,T1000002935,2026-04-05,tax_consent
CL2449,C101933,T1000002940,2025-12-29,due_date_amount
CL2450,C101933,T1000002940,2026-01-07,payment_status
CL4204,C101933,T1000002940,2026-01-07,autopay
CL2451,C101933,T1000002940,2026-03-09,payment_status
CL2452,C101935,T1000002942,2025-10-20,due_date_amount
CL2453,C101935,T1000002942,2026-05-20,due_date_amount
CL4791,C101938,T1000002946,2025-10-16,loan_repayment
CL2454,C101938,T1000002946,2025-12-13,due_date_amount
CL2455,C101938,T1000002946,2025-12-22,payment_status
CL2456,C101938,T1000002946,2026-03-16,due_date_amount
CL2457,C101938,T1000002946,2026-05-15,due_date_amount
CL2458,C101938,T1000002946,2026-05-20,payment_status
CL2459,C101938,T1000002946,2026-06-14,due_date_amount
CL4640,C101940,T1000002948,2025-12-01,tax_consent
CL2460,C101940,T1000002948,2026-05-29,payment_status
CL2461,C101941,T1000002950,2025-10-30,payment_status
CL4641,C101944,T1000002953,2026-02-19,tax_consent
CL4205,C101944,T1000002953,2026-03-26,autopay
CL2462,C101945,T1000002955,2026-06-18,payment_status
CL2463,C101949,T1000002960,2025-12-23,due_date_amount
CL2464,C101949,T1000002960,2026-04-02,payment_status
CL4206,C101949,T1000002960,2026-04-03,autopay
CL2465,C101951,T1000002963,2026-05-20,due_date_amount
CL2466,C101953,T1000002965,2026-01-11,payment_status
CL4207,C101955,T1000002967,2025-10-14,autopay
CL4208,C101955,T1000002967,2025-10-15,autopay
CL2467,C101955,T1000002967,2026-01-11,payment_status
CL2468,C101956,T1000002968,2026-01-01,payment_status
CL2469,C101956,T1000002968,2026-05-22,due_date_amount
CL2470,C101958,T1000002970,2025-12-11,payment_status
CL4209,C101958,T1000002970,2025-12-12,autopay
CL4210,C101958,T1000002970,2025-12-12,autopay
CL4211,C101958,T1000002970,2026-04-11,autopay
CL2471,C101959,T1000002971,2026-01-17,payment_status
CL4212,C101961,T1000002973,2026-03-01,autopay
CL2472,C101961,T1000002974,2026-06-26,due_date_amount
CL2473,C101962,T1000002975,2026-01-01,payment_status
CL2474,C101962,T1000002975,2026-05-30,payment_status
CL2475,C101962,T1000002976,2025-10-02,due_date_amount
CL2476,C101962,T1000002976,2026-01-01,due_date_amount
CL2477,C101963,T1000002977,2025-10-11,due_date_amount
CL2478,C101963,T1000002977,2026-01-09,due_date_amount
CL4642,C101963,T1000002978,2026-06-30,tax_consent
CL4786,C101964,T1000002980,2025-12-15,due_date_amount
CL2479,C101965,T1000002981,2025-12-07,payment_status
CL4213,C101966,T1000002982,2025-11-14,autopay
CL2480,C101967,T1000002983,2026-06-23,due_date_amount
CL2481,C101967,T1000002984,2025-10-10,payment_status
CL4214,C101969,T1000002986,2026-06-05,autopay
CL4215,C101970,T1000002987,2026-03-07,autopay
CL2482,C101973,T1000002991,2025-11-08,due_date_amount
CL2483,C101973,T1000002991,2026-02-19,payment_status
CL2484,C101973,T1000002991,2026-06-11,due_date_amount
CL2485,C101974,T1000002992,2026-04-29,payment_status
CL4216,C101974,T1000002992,2026-05-03,autopay
CL2486,C101974,T1000002993,2026-01-06,payment_status
CL2487,C101974,T1000002993,2026-05-01,payment_status
CL4217,C101974,T1000002993,2026-05-02,autopay
CL4218,C101974,T1000002993,2026-05-05,autopay
CL4643,C101976,T1000002996,2025-10-09,tax_consent
CL4644,C101976,T1000002996,2025-10-28,tax_consent
CL2488,C101977,T1000002998,2026-02-15,payment_status
CL4219,C101977,T1000002998,2026-02-16,autopay
CL4645,C101977,T1000002998,2026-03-01,tax_consent
CL4831,C101980,T1000003001,2025-11-02,autopay
CL4482,C101980,T1000003001,2026-02-21,loan_repayment
CL2489,C101980,T1000003002,2025-12-27,payment_status
CL4220,C101980,T1000003002,2026-03-25,autopay
CL2490,C101981,T1000003004,2026-04-11,due_date_amount
CL2491,C101981,T1000003004,2026-04-20,payment_status
CL2492,C101982,T1000003007,2025-11-06,due_date_amount
CL2493,C101983,T1000003008,2025-11-08,due_date_amount
CL2494,C101983,T1000003008,2026-05-14,payment_status
CL2495,C101983,T1000003008,2026-06-12,payment_status
CL2496,C101983,T1000003009,2026-05-06,payment_status
CL2497,C101990,T1000003016,2025-10-28,due_date_amount
CL2498,C101990,T1000003016,2026-03-01,due_date_amount
CL2499,C101990,T1000003016,2026-04-29,due_date_amount
CL2500,C101990,T1000003016,2026-06-05,payment_status
CL2501,C101991,T1000003018,2025-11-14,payment_status
CL2502,C101993,T1000003020,2025-12-09,due_date_amount
CL2503,C101993,T1000003020,2026-03-14,payment_status
CL2504,C101993,T1000003020,2026-04-05,due_date_amount
CL4646,C101994,T1000003022,2026-01-25,tax_consent
CL2505,C101995,T1000003024,2026-02-22,payment_status
CL2506,C101995,T1000003024,2026-03-13,due_date_amount
CL2507,C101995,T1000003024,2026-03-21,payment_status
CL2508,C101997,T1000003027,2025-10-27,due_date_amount
CL4221,C101998,T1000003028,2026-02-20,autopay
CL2509,C101998,T1000003028,2026-02-21,payment_status
CL2510,C101999,T1000003030,2025-10-28,due_date_amount
CL2511,C102001,T1000003033,2026-04-29,payment_status
CL4222,C102001,T1000003033,2026-05-29,autopay
CL2512,C102002,T1000003034,2025-11-29,payment_status
CL2513,C102004,T1000003038,2025-09-30,due_date_amount
CL2514,C102004,T1000003038,2025-10-09,payment_status
CL4223,C102005,T1000003039,2025-12-10,autopay
CL4224,C102005,T1000003039,2026-03-06,autopay
CL2515,C102006,T1000003042,2026-03-14,due_date_amount
CL2516,C102006,T1000003042,2026-06-13,due_date_amount
CL2517,C102008,T1000003046,2026-06-15,payment_status
CL4225,C102009,T1000003047,2025-10-15,autopay
CL2518,C102009,T1000003047,2026-04-13,payment_status
CL2519,C102009,T1000003049,2026-05-01,due_date_amount
CL4848,C102010,T1000003050,2025-11-17,loan_repayment
CL2520,C102011,T1000003052,2026-02-04,due_date_amount
CL2521,C102012,T1000003053,2026-04-27,payment_status
CL2522,C102013,T1000003055,2025-12-26,payment_status
CL4830,C102014,T1000003058,2025-10-23,due_date_amount
CL4226,C102014,T1000003059,2026-02-12,autopay
CL4780,C102014,T1000003059,2026-06-07,tax_consent
CL2523,C102016,T1000003061,2026-05-16,payment_status
CL2524,C102017,T1000003063,2026-02-19,payment_status
CL2525,C102017,T1000003063,2026-05-17,payment_status
CL4227,C102019,T1000003066,2026-05-28,autopay
CL2526,C102020,T1000003067,2026-02-04,due_date_amount
CL2527,C102021,T1000003068,2025-12-23,due_date_amount
CL2528,C102021,T1000003068,2026-06-28,payment_status
CL2529,C102022,T1000003069,2025-11-22,due_date_amount
CL2530,C102022,T1000003069,2026-01-31,payment_status
CL2531,C102022,T1000003069,2026-03-23,due_date_amount
CL2532,C102022,T1000003069,2026-06-19,due_date_amount
CL2533,C102023,T1000003071,2026-01-01,due_date_amount
CL2534,C102024,T1000003072,2026-04-23,payment_status
CL2535,C102025,T1000003074,2026-02-24,payment_status
CL4228,C102027,T1000003077,2026-01-09,autopay
CL4229,C102027,T1000003077,2026-05-07,autopay
CL2536,C102027,T1000003078,2025-12-28,due_date_amount
CL2537,C102027,T1000003078,2026-05-08,payment_status
CL4806,C102030,T1000003081,2025-11-28,payment_status
CL4230,C102032,T1000003084,2026-03-17,autopay
CL4647,C102034,T1000003088,2026-01-07,tax_consent
CL2538,C102035,T1000003089,2025-10-15,due_date_amount
CL2539,C102035,T1000003089,2026-03-12,due_date_amount
CL2540,C102035,T1000003089,2026-04-18,payment_status
CL2541,C102036,T1000003090,2026-04-23,payment_status
CL2542,C102036,T1000003091,2025-12-02,due_date_amount
CL2543,C102036,T1000003091,2025-12-11,payment_status
CL2544,C102036,T1000003091,2025-12-30,due_date_amount
CL2545,C102036,T1000003091,2026-02-28,due_date_amount
CL2546,C102036,T1000003091,2026-03-30,due_date_amount
CL2547,C102036,T1000003091,2026-06-27,due_date_amount
CL4231,C102037,T1000003093,2026-01-15,autopay
CL2548,C102038,T1000003094,2026-02-25,payment_status
CL4232,C102039,T1000003095,2025-10-14,autopay
CL2549,C102039,T1000003095,2025-10-17,payment_status
CL4233,C102040,T1000003096,2025-12-14,autopay
CL4483,C102040,T1000003097,2026-01-28,loan_repayment
CL2550,C102040,T1000003097,2026-02-05,due_date_amount
CL2551,C102041,T1000003099,2025-10-02,due_date_amount
CL2552,C102041,T1000003099,2025-12-02,due_date_amount
CL2553,C102041,T1000003099,2026-01-04,payment_status
CL2554,C102041,T1000003099,2026-03-06,payment_status
CL2555,C102041,T1000003099,2026-06-26,due_date_amount
CL2556,C102042,T1000003100,2026-01-08,due_date_amount
CL2557,C102042,T1000003101,2026-04-22,payment_status
CL4484,C102043,T1000003103,2025-10-30,loan_repayment
CL4485,C102043,T1000003103,2026-06-29,loan_repayment
CL4234,C102043,T1000003104,2026-04-25,autopay
CL2558,C102045,T1000003106,2025-10-24,payment_status
CL2559,C102045,T1000003106,2025-11-20,payment_status
CL2560,C102045,T1000003106,2026-02-13,due_date_amount
CL2561,C102045,T1000003106,2026-03-21,payment_status
CL2562,C102046,T1000003108,2025-12-28,due_date_amount
CL2563,C102046,T1000003108,2026-03-29,due_date_amount
CL2564,C102047,T1000003111,2025-11-13,due_date_amount
CL2565,C102048,T1000003112,2026-03-05,payment_status
CL4235,C102048,T1000003112,2026-04-02,autopay
CL2566,C102048,T1000003112,2026-04-03,payment_status
CL2567,C102048,T1000003113,2026-01-28,payment_status
CL4236,C102048,T1000003113,2026-01-28,autopay
CL2568,C102048,T1000003114,2025-10-22,due_date_amount
CL2569,C102048,T1000003114,2026-01-18,due_date_amount
CL2570,C102048,T1000003114,2026-02-21,due_date_amount
CL2571,C102048,T1000003114,2026-06-23,payment_status
CL2572,C102049,T1000003115,2025-10-20,due_date_amount
CL2573,C102049,T1000003115,2026-03-13,due_date_amount
CL2574,C102049,T1000003115,2026-06-22,payment_status
CL2575,C102051,T1000003118,2026-01-17,payment_status
CL2576,C102051,T1000003118,2026-02-11,due_date_amount
CL2577,C102051,T1000003118,2026-03-11,due_date_amount
CL2578,C102051,T1000003118,2026-04-07,due_date_amount
CL2579,C102051,T1000003119,2025-11-06,due_date_amount
CL2580,C102051,T1000003119,2026-03-06,due_date_amount
CL2581,C102051,T1000003119,2026-06-11,payment_status
CL2582,C102052,T1000003120,2025-12-20,due_date_amount
CL2583,C102052,T1000003120,2025-12-28,payment_status
CL2584,C102057,T1000003130,2026-01-09,payment_status
CL4237,C102057,T1000003130,2026-01-09,autopay
CL2585,C102060,T1000003133,2026-02-22,due_date_amount
CL2586,C102060,T1000003134,2025-10-12,payment_status
CL2587,C102060,T1000003134,2025-11-08,payment_status
CL2588,C102061,T1000003135,2025-11-29,due_date_amount
CL2589,C102061,T1000003135,2026-06-04,payment_status
CL2590,C102061,T1000003136,2025-11-03,due_date_amount
CL2591,C102061,T1000003136,2025-11-14,payment_status
CL2592,C102063,T1000003138,2025-12-30,payment_status
CL2593,C102064,T1000003139,2025-11-03,due_date_amount
CL2594,C102064,T1000003139,2025-11-10,payment_status
CL2595,C102064,T1000003139,2026-01-03,due_date_amount
CL2596,C102064,T1000003139,2026-02-02,due_date_amount
CL2597,C102064,T1000003139,2026-02-09,payment_status
CL2598,C102064,T1000003139,2026-03-03,due_date_amount
CL2599,C102064,T1000003139,2026-05-05,due_date_amount
CL2600,C102064,T1000003139,2026-06-13,payment_status
CL4857,C102066,T1000003143,2025-11-25,due_date_amount
CL2601,C102066,T1000003143,2025-12-04,payment_status
CL2602,C102066,T1000003143,2025-12-25,due_date_amount
CL2603,C102066,T1000003143,2026-01-24,due_date_amount
CL2604,C102066,T1000003143,2026-05-27,due_date_amount
CL2605,C102067,T1000003144,2025-11-10,payment_status
CL2606,C102069,T1000003147,2025-12-17,due_date_amount
CL2607,C102069,T1000003147,2026-03-16,due_date_amount
CL2608,C102069,T1000003147,2026-05-22,payment_status
CL2609,C102070,T1000003150,2026-05-15,due_date_amount
CL2610,C102071,T1000003152,2025-10-14,due_date_amount
CL2611,C102072,T1000003154,2026-02-27,due_date_amount
CL2612,C102073,T1000003155,2025-10-17,payment_status
CL2613,C102073,T1000003155,2026-01-08,due_date_amount
CL2614,C102073,T1000003155,2026-01-14,payment_status
CL2615,C102073,T1000003155,2026-03-11,due_date_amount
CL2616,C102073,T1000003155,2026-05-07,due_date_amount
CL2617,C102074,T1000003156,2026-05-22,payment_status
CL2618,C102075,T1000003158,2025-12-10,payment_status
CL2619,C102077,T1000003164,2026-03-31,due_date_amount
CL2620,C102077,T1000003164,2026-04-10,payment_status
CL2621,C102078,T1000003165,2026-01-09,due_date_amount
CL2622,C102078,T1000003165,2026-04-09,due_date_amount
CL2623,C102078,T1000003165,2026-06-10,due_date_amount
CL2624,C102078,T1000003165,2026-06-17,payment_status
CL2625,C102080,T1000003167,2026-04-27,due_date_amount
CL4648,C102080,T1000003168,2025-12-18,tax_consent
CL2626,C102081,T1000003169,2025-10-22,due_date_amount
CL4238,C102082,T1000003171,2025-11-23,autopay
CL2627,C102083,T1000003173,2025-10-01,due_date_amount
CL2628,C102083,T1000003173,2026-03-28,due_date_amount
CL2629,C102083,T1000003173,2026-04-26,due_date_amount
CL2630,C102083,T1000003173,2026-05-27,due_date_amount
CL2631,C102084,T1000003174,2025-10-12,due_date_amount
CL2632,C102084,T1000003175,2025-12-25,due_date_amount
CL2633,C102084,T1000003175,2026-02-24,due_date_amount
CL2634,C102084,T1000003175,2026-03-28,due_date_amount
CL2635,C102084,T1000003176,2025-12-02,due_date_amount
CL2636,C102084,T1000003176,2026-04-02,due_date_amount
CL2637,C102084,T1000003176,2026-04-11,payment_status
CL2638,C102084,T1000003176,2026-06-04,due_date_amount
CL2639,C102086,T1000003178,2026-03-14,due_date_amount
CL4775,C102086,T1000003178,2026-06-14,loan_repayment
CL4742,C102089,T1000003182,2026-06-04,due_date_amount
CL2640,C102090,T1000003183,2026-01-09,payment_status
CL2641,C102090,T1000003183,2026-05-27,due_date_amount
CL2642,C102090,T1000003183,2026-06-30,due_date_amount
CL2643,C102092,T1000003186,2025-11-03,due_date_amount
CL4486,C102092,T1000003186,2026-01-26,loan_repayment
CL2644,C102092,T1000003186,2026-02-08,payment_status
CL2645,C102092,T1000003186,2026-03-01,due_date_amount
CL2646,C102094,T1000003189,2026-04-30,payment_status
CL2647,C102096,T1000003191,2025-10-14,due_date_amount
CL2648,C102096,T1000003191,2025-10-24,payment_status
CL2649,C102096,T1000003191,2025-11-16,due_date_amount
CL2650,C102096,T1000003191,2026-01-17,due_date_amount
CL2651,C102096,T1000003191,2026-01-22,payment_status
CL2652,C102096,T1000003191,2026-03-19,due_date_amount
CL2653,C102096,T1000003191,2026-06-16,due_date_amount
CL2654,C102098,T1000003194,2025-10-09,payment_status
CL2655,C102101,T1000003197,2025-11-21,due_date_amount
CL2656,C102102,T1000003198,2025-10-12,due_date_amount
CL2657,C102103,T1000003199,2026-01-07,due_date_amount
CL2658,C102103,T1000003199,2026-01-18,payment_status
CL2659,C102104,T1000003200,2025-12-26,due_date_amount
CL4239,C102104,T1000003200,2026-05-31,autopay
CL2660,C102105,T1000003202,2026-05-01,payment_status
CL2661,C102106,T1000003203,2025-10-07,due_date_amount
CL2662,C102106,T1000003203,2025-12-07,due_date_amount
CL2663,C102106,T1000003203,2026-03-07,due_date_amount
CL2664,C102106,T1000003203,2026-05-05,due_date_amount
CL2665,C102106,T1000003203,2026-05-12,payment_status
CL4240,C102107,T1000003204,2025-11-24,autopay
CL2666,C102107,T1000003204,2026-05-17,due_date_amount
CL2667,C102108,T1000003205,2026-01-03,due_date_amount
CL2668,C102108,T1000003207,2026-03-22,due_date_amount
CL4241,C102109,T1000003208,2026-03-24,autopay
CL4242,C102113,T1000003212,2025-10-30,autopay
CL4649,C102113,T1000003212,2025-12-10,tax_consent
CL2669,C102113,T1000003212,2026-04-18,due_date_amount
CL4243,C102113,T1000003212,2026-05-26,autopay
CL2670,C102114,T1000003213,2025-10-02,due_date_amount
CL2671,C102115,T1000003215,2026-04-12,payment_status
CL4487,C102117,T1000003219,2026-04-24,loan_repayment
CL2672,C102119,T1000003222,2025-11-25,payment_status
CL4650,C102119,T1000003223,2026-05-26,tax_consent
CL4244,C102122,T1000003227,2025-11-20,autopay
CL2673,C102123,T1000003228,2025-12-26,due_date_amount
CL2674,C102123,T1000003228,2026-01-21,due_date_amount
CL2675,C102123,T1000003228,2026-03-28,due_date_amount
CL2676,C102123,T1000003228,2026-05-03,payment_status
CL2677,C102123,T1000003228,2026-05-27,due_date_amount
CL2678,C102123,T1000003228,2026-06-26,due_date_amount
CL2679,C102124,T1000003229,2026-05-04,due_date_amount
CL2680,C102125,T1000003232,2025-11-29,due_date_amount
CL2681,C102127,T1000003234,2025-11-24,payment_status
CL2682,C102130,T1000003237,2025-11-09,due_date_amount
CL2683,C102130,T1000003237,2026-05-04,due_date_amount
CL2684,C102130,T1000003237,2026-05-15,payment_status
CL4651,C102133,T1000003240,2026-05-20,tax_consent
CL2685,C102133,T1000003242,2026-02-14,due_date_amount
CL4245,C102135,T1000003244,2025-11-06,autopay
CL4246,C102135,T1000003244,2026-02-02,autopay
CL2686,C102135,T1000003244,2026-02-05,payment_status
CL4247,C102135,T1000003244,2026-04-03,autopay
CL4248,C102135,T1000003244,2026-04-09,autopay
CL2687,C102135,T1000003244,2026-05-06,payment_status
CL2688,C102135,T1000003244,2026-06-04,payment_status
CL2689,C102136,T1000003245,2026-04-25,payment_status
CL2690,C102137,T1000003248,2025-10-20,payment_status
CL2691,C102137,T1000003248,2026-05-18,payment_status
CL2692,C102137,T1000003248,2026-06-07,due_date_amount
CL2693,C102138,T1000003250,2025-10-12,due_date_amount
CL2694,C102138,T1000003250,2025-12-10,due_date_amount
CL2695,C102138,T1000003250,2026-01-09,due_date_amount
CL2696,C102138,T1000003250,2026-02-09,due_date_amount
CL2697,C102138,T1000003250,2026-04-05,due_date_amount
CL2698,C102138,T1000003250,2026-04-14,payment_status
CL2699,C102138,T1000003250,2026-05-08,due_date_amount
CL2700,C102139,T1000003251,2025-10-05,due_date_amount
CL2701,C102139,T1000003251,2025-11-11,payment_status
CL2702,C102139,T1000003251,2026-01-02,due_date_amount
CL2703,C102139,T1000003251,2026-03-04,due_date_amount
CL2704,C102139,T1000003251,2026-04-11,payment_status
CL2705,C102139,T1000003251,2026-05-01,due_date_amount
CL2706,C102139,T1000003252,2026-01-15,due_date_amount
CL2707,C102139,T1000003252,2026-01-22,payment_status
CL2708,C102139,T1000003253,2025-11-03,payment_status
CL2709,C102139,T1000003253,2025-11-28,due_date_amount
CL2710,C102139,T1000003253,2026-01-04,payment_status
CL2711,C102139,T1000003253,2026-03-26,due_date_amount
CL2712,C102139,T1000003253,2026-05-02,payment_status
CL2713,C102139,T1000003253,2026-05-27,due_date_amount
CL2714,C102139,T1000003253,2026-06-25,due_date_amount
CL2715,C102140,T1000003254,2025-11-09,due_date_amount
CL2716,C102140,T1000003254,2026-02-08,due_date_amount
CL2717,C102140,T1000003254,2026-04-08,due_date_amount
CL2718,C102141,T1000003255,2025-11-20,payment_status
CL2719,C102141,T1000003255,2026-03-24,payment_status
CL2720,C102141,T1000003255,2026-06-12,due_date_amount
CL4249,C102142,T1000003257,2026-01-11,autopay
CL2721,C102143,T1000003258,2026-05-12,due_date_amount
CL2722,C102144,T1000003260,2025-10-16,due_date_amount
CL2723,C102144,T1000003260,2026-03-20,due_date_amount
CL2724,C102144,T1000003260,2026-05-21,payment_status
CL4716,C102145,T1000003261,2026-03-05,tax_consent
CL2725,C102145,T1000003261,2026-05-14,payment_status
CL2726,C102145,T1000003261,2026-06-12,payment_status
CL4787,C102146,T1000003262,2025-11-14,tax_consent
CL2727,C102146,T1000003263,2025-12-20,due_date_amount
CL4250,C102146,T1000003263,2026-02-22,autopay
CL4488,C102147,T1000003265,2025-10-27,loan_repayment
CL2728,C102147,T1000003265,2025-12-21,due_date_amount
CL4489,C102147,T1000003265,2026-01-27,loan_repayment
CL4251,C102148,T1000003267,2026-06-24,autopay
CL2729,C102150,T1000003269,2025-11-01,payment_status
CL2730,C102150,T1000003269,2025-11-30,payment_status
CL4252,C102150,T1000003270,2026-05-08,autopay
CL2731,C102150,T1000003271,2026-02-06,due_date_amount
CL2732,C102151,T1000003272,2026-05-27,due_date_amount
CL4253,C102152,T1000003274,2026-04-08,autopay
CL2733,C102152,T1000003275,2025-11-27,payment_status
CL4254,C102152,T1000003275,2025-12-26,autopay
CL4652,C102155,T1000003279,2026-02-13,tax_consent
CL2734,C102157,T1000003281,2026-03-24,payment_status
CL2735,C102157,T1000003282,2026-04-08,payment_status
CL2736,C102158,T1000003283,2026-02-18,due_date_amount
CL2737,C102159,T1000003285,2025-12-15,due_date_amount
CL2738,C102160,T1000003287,2025-10-01,due_date_amount
CL2739,C102160,T1000003287,2025-11-01,due_date_amount
CL2740,C102160,T1000003287,2026-02-03,due_date_amount
CL2741,C102160,T1000003287,2026-02-06,payment_status
CL2742,C102160,T1000003287,2026-04-11,payment_status
CL2743,C102160,T1000003287,2026-05-03,due_date_amount
CL2744,C102160,T1000003288,2025-11-17,payment_status
CL2745,C102160,T1000003288,2026-03-12,due_date_amount
CL2746,C102160,T1000003288,2026-05-16,payment_status
CL2747,C102162,T1000003290,2025-12-10,due_date_amount
CL2748,C102164,T1000003293,2026-04-09,payment_status
CL2749,C102165,T1000003294,2026-06-27,due_date_amount
CL4653,C102169,T1000003300,2026-01-18,tax_consent
CL2750,C102170,T1000003301,2025-11-17,due_date_amount
CL2751,C102170,T1000003301,2026-01-18,due_date_amount
CL2752,C102170,T1000003301,2026-03-25,payment_status
CL2753,C102172,T1000003304,2025-11-01,due_date_amount
CL2754,C102172,T1000003304,2025-12-07,payment_status
CL2755,C102172,T1000003304,2026-02-25,due_date_amount
CL2756,C102172,T1000003304,2026-03-25,due_date_amount
CL2757,C102172,T1000003304,2026-05-04,payment_status
CL2758,C102172,T1000003304,2026-05-27,due_date_amount
CL4654,C102172,T1000003305,2026-06-07,tax_consent
CL2759,C102174,T1000003307,2026-02-23,due_date_amount
CL2760,C102174,T1000003307,2026-04-23,due_date_amount
CL4255,C102174,T1000003308,2025-11-22,autopay
CL4655,C102174,T1000003308,2026-04-07,tax_consent
CL2761,C102175,T1000003309,2025-10-17,due_date_amount
CL2762,C102175,T1000003309,2025-12-15,due_date_amount
CL2763,C102175,T1000003309,2026-03-17,due_date_amount
CL2764,C102175,T1000003309,2026-05-17,due_date_amount
CL2765,C102175,T1000003309,2026-06-20,payment_status
CL2766,C102175,T1000003310,2026-04-13,due_date_amount
CL2767,C102176,T1000003311,2026-04-11,payment_status
CL2768,C102178,T1000003314,2025-11-29,due_date_amount
CL2769,C102179,T1000003316,2025-12-23,due_date_amount
CL2770,C102180,T1000003318,2025-11-11,due_date_amount
CL2771,C102180,T1000003319,2026-01-06,due_date_amount
CL2772,C102182,T1000003321,2026-03-04,due_date_amount
CL2773,C102182,T1000003321,2026-03-12,payment_status
CL2774,C102182,T1000003321,2026-04-06,due_date_amount
CL2775,C102182,T1000003321,2026-06-01,due_date_amount
CL2776,C102183,T1000003323,2025-11-22,payment_status
CL2777,C102183,T1000003323,2026-05-24,payment_status
CL2778,C102184,T1000003325,2026-02-10,due_date_amount
CL4256,C102186,T1000003329,2026-03-05,autopay
CL2779,C102186,T1000003330,2026-05-03,payment_status
CL4257,C102186,T1000003330,2026-05-05,autopay
CL2780,C102188,T1000003332,2025-12-20,due_date_amount
CL2781,C102188,T1000003332,2026-04-22,due_date_amount
CL2782,C102190,T1000003335,2026-05-21,due_date_amount
CL2783,C102191,T1000003337,2025-11-24,due_date_amount
CL2784,C102191,T1000003337,2026-05-25,due_date_amount
CL4258,C102194,T1000003341,2026-03-17,autopay
CL4726,C102194,T1000003341,2026-06-03,tax_consent
CL4838,C102195,T1000003342,2026-03-31,loan_repayment
CL4777,C102195,T1000003342,2026-05-26,payment_status
CL2785,C102196,T1000003345,2026-01-04,due_date_amount
CL2786,C102196,T1000003345,2026-01-11,payment_status
CL2787,C102196,T1000003345,2026-04-15,payment_status
CL2788,C102196,T1000003346,2026-02-22,payment_status
CL2789,C102196,T1000003346,2026-05-16,due_date_amount
CL2790,C102196,T1000003347,2025-11-09,payment_status
CL4259,C102199,T1000003350,2025-10-30,autopay
CL2791,C102201,T1000003353,2025-09-30,due_date_amount
CL4766,C102201,T1000003353,2026-04-23,payment_status
CL2792,C102201,T1000003355,2025-11-10,due_date_amount
CL2793,C102201,T1000003355,2026-01-16,payment_status
CL2794,C102201,T1000003355,2026-03-16,payment_status
CL2795,C102201,T1000003355,2026-05-09,due_date_amount
CL2796,C102202,T1000003358,2025-10-09,payment_status
CL2797,C102202,T1000003358,2026-01-29,due_date_amount
CL2798,C102203,T1000003359,2026-01-21,payment_status
CL2799,C102203,T1000003359,2026-06-20,payment_status
CL2800,C102204,T1000003361,2025-10-10,due_date_amount
CL2801,C102204,T1000003361,2025-11-17,payment_status
CL2802,C102204,T1000003361,2026-01-12,due_date_amount
CL2803,C102204,T1000003361,2026-02-10,due_date_amount
CL2804,C102204,T1000003361,2026-03-11,due_date_amount
CL2805,C102205,T1000003362,2026-03-02,due_date_amount
CL2806,C102205,T1000003363,2025-11-04,due_date_amount
CL2807,C102205,T1000003363,2026-01-08,due_date_amount
CL2808,C102205,T1000003363,2026-02-04,due_date_amount
CL2809,C102205,T1000003363,2026-04-14,payment_status
CL2810,C102206,T1000003364,2025-11-23,due_date_amount
CL2811,C102206,T1000003365,2025-11-08,due_date_amount
CL2812,C102206,T1000003365,2026-01-06,due_date_amount
CL2813,C102206,T1000003365,2026-04-18,payment_status
CL2814,C102207,T1000003367,2025-10-12,due_date_amount
CL2815,C102207,T1000003367,2025-10-18,payment_status
CL2816,C102207,T1000003367,2025-11-11,due_date_amount
CL2817,C102207,T1000003367,2025-12-16,payment_status
CL2818,C102207,T1000003367,2026-01-06,due_date_amount
CL2819,C102207,T1000003367,2026-02-08,due_date_amount
CL2820,C102207,T1000003367,2026-03-20,payment_status
CL2821,C102207,T1000003367,2026-04-07,due_date_amount
CL2822,C102207,T1000003367,2026-05-11,due_date_amount
CL2823,C102208,T1000003369,2025-12-21,due_date_amount
CL2824,C102208,T1000003369,2026-04-13,due_date_amount
CL4260,C102209,T1000003370,2026-01-23,autopay
CL2825,C102209,T1000003370,2026-06-13,due_date_amount
CL4261,C102209,T1000003370,2026-06-23,autopay
CL2826,C102210,T1000003372,2025-12-31,due_date_amount
CL2827,C102210,T1000003372,2026-02-27,due_date_amount
CL2828,C102211,T1000003374,2026-03-30,payment_status
CL4262,C102211,T1000003374,2026-04-27,autopay
CL2829,C102211,T1000003374,2026-05-28,payment_status
CL2830,C102211,T1000003374,2026-06-20,due_date_amount
CL2831,C102211,T1000003375,2026-01-23,payment_status
CL2832,C102213,T1000003377,2026-06-02,payment_status
CL2833,C102214,T1000003378,2026-03-16,due_date_amount
CL2834,C102215,T1000003379,2025-11-19,due_date_amount
CL2835,C102215,T1000003379,2026-01-22,due_date_amount
CL2836,C102216,T1000003380,2026-05-12,payment_status
CL2837,C102216,T1000003381,2026-01-17,payment_status
CL2838,C102217,T1000003383,2025-12-25,payment_status
CL2839,C102217,T1000003383,2026-02-24,payment_status
CL2840,C102217,T1000003383,2026-04-14,due_date_amount
CL2841,C102217,T1000003383,2026-04-22,payment_status
CL2842,C102218,T1000003384,2026-05-26,payment_status
CL2843,C102218,T1000003385,2025-11-10,payment_status
CL2844,C102218,T1000003385,2026-04-02,due_date_amount
CL2845,C102218,T1000003386,2026-01-13,due_date_amount
CL2846,C102219,T1000003387,2026-06-01,due_date_amount
CL2847,C102220,T1000003388,2025-11-30,payment_status
CL2848,C102220,T1000003388,2025-12-22,due_date_amount
CL2849,C102220,T1000003388,2026-01-23,due_date_amount
CL2850,C102220,T1000003388,2026-03-29,payment_status
CL2851,C102220,T1000003388,2026-05-21,due_date_amount
CL2852,C102220,T1000003389,2025-12-15,payment_status
CL4263,C102220,T1000003389,2025-12-19,autopay
CL2853,C102221,T1000003390,2025-10-18,due_date_amount
CL2854,C102221,T1000003391,2025-10-10,due_date_amount
CL2855,C102221,T1000003391,2025-11-10,due_date_amount
CL2856,C102221,T1000003391,2026-02-09,due_date_amount
CL2857,C102221,T1000003391,2026-03-10,due_date_amount
CL2858,C102221,T1000003392,2025-12-03,due_date_amount
CL2859,C102221,T1000003392,2026-06-01,due_date_amount
CL2860,C102222,T1000003393,2025-11-02,payment_status
CL2861,C102222,T1000003394,2026-06-06,payment_status
CL2862,C102224,T1000003399,2026-01-06,due_date_amount
CL4264,C102225,T1000003400,2025-12-29,autopay
CL2863,C102225,T1000003400,2026-02-19,due_date_amount
CL2864,C102225,T1000003400,2026-02-25,payment_status
CL4490,C102225,T1000003400,2026-03-30,loan_repayment
CL4265,C102225,T1000003400,2026-04-26,autopay
CL2865,C102225,T1000003400,2026-04-30,payment_status
CL4491,C102225,T1000003400,2026-04-30,loan_repayment
CL2866,C102225,T1000003401,2026-01-03,payment_status
CL2867,C102225,T1000003401,2026-03-23,due_date_amount
CL2868,C102225,T1000003401,2026-05-31,payment_status
CL4266,C102226,T1000003403,2025-12-03,autopay
CL2869,C102226,T1000003403,2025-12-05,payment_status
CL4267,C102226,T1000003403,2025-12-31,autopay
CL4268,C102226,T1000003403,2026-05-03,autopay
CL2870,C102226,T1000003403,2026-06-29,payment_status
CL2871,C102227,T1000003404,2026-01-15,due_date_amount
CL4269,C102228,T1000003405,2026-03-17,autopay
CL2872,C102228,T1000003405,2026-04-16,payment_status
CL2873,C102229,T1000003406,2026-02-27,payment_status
CL2874,C102229,T1000003406,2026-06-30,payment_status
CL2875,C102230,T1000003407,2025-10-31,due_date_amount
CL2876,C102230,T1000003407,2025-11-26,due_date_amount
CL2877,C102230,T1000003407,2026-05-29,due_date_amount
CL2878,C102230,T1000003407,2026-06-26,due_date_amount
CL2879,C102231,T1000003410,2026-04-20,payment_status
CL2880,C102232,T1000003411,2026-06-16,payment_status
CL4656,C102233,T1000003413,2025-11-30,tax_consent
CL2881,C102233,T1000003414,2025-10-09,due_date_amount
CL2882,C102233,T1000003414,2025-12-13,payment_status
CL4270,C102233,T1000003414,2026-03-15,autopay
CL2883,C102233,T1000003415,2025-11-01,payment_status
CL4271,C102233,T1000003415,2025-11-01,autopay
CL2884,C102233,T1000003415,2026-05-01,payment_status
CL4272,C102233,T1000003415,2026-05-31,autopay
CL4273,C102233,T1000003415,2026-06-04,autopay
CL2885,C102233,T1000003415,2026-06-30,payment_status
CL2886,C102235,T1000003418,2026-05-10,due_date_amount
CL2887,C102235,T1000003419,2025-12-07,due_date_amount
CL4274,C102237,T1000003421,2026-04-06,autopay
CL2888,C102238,T1000003423,2025-11-13,due_date_amount
CL4275,C102240,T1000003425,2025-12-04,autopay
CL4276,C102241,T1000003428,2025-11-22,autopay
CL4657,C102241,T1000003428,2026-04-17,tax_consent
CL4277,C102242,T1000003429,2025-12-17,autopay
CL4278,C102242,T1000003429,2026-03-18,autopay
CL4279,C102242,T1000003430,2026-05-01,autopay
CL2889,C102244,T1000003432,2025-11-15,due_date_amount
CL2890,C102244,T1000003432,2026-02-13,due_date_amount
CL2891,C102244,T1000003432,2026-06-09,due_date_amount
CL2892,C102247,T1000003435,2026-03-08,due_date_amount
CL2893,C102248,T1000003436,2026-03-12,due_date_amount
CL2894,C102249,T1000003438,2025-11-29,payment_status
CL2895,C102250,T1000003439,2025-10-21,payment_status
CL2896,C102250,T1000003440,2026-05-28,payment_status
CL2897,C102251,T1000003442,2026-04-17,due_date_amount
CL2898,C102251,T1000003442,2026-06-21,due_date_amount
CL2899,C102251,T1000003443,2025-10-07,due_date_amount
CL4492,C102251,T1000003443,2025-10-27,loan_repayment
CL2900,C102251,T1000003443,2025-12-07,due_date_amount
CL4493,C102251,T1000003443,2025-12-25,loan_repayment
CL2901,C102251,T1000003443,2026-06-10,payment_status
CL2902,C102252,T1000003444,2025-12-02,payment_status
CL2903,C102254,T1000003446,2025-11-20,due_date_amount
CL2904,C102254,T1000003446,2025-12-15,due_date_amount
CL2905,C102257,T1000003449,2025-12-11,due_date_amount
CL2906,C102257,T1000003449,2026-01-07,due_date_amount
CL2907,C102257,T1000003449,2026-01-18,payment_status
CL2908,C102257,T1000003449,2026-03-19,payment_status
CL2909,C102257,T1000003450,2026-03-15,due_date_amount
CL2910,C102257,T1000003451,2025-10-30,due_date_amount
CL2911,C102257,T1000003451,2025-11-09,payment_status
CL2912,C102260,T1000003455,2025-11-28,payment_status
CL2913,C102260,T1000003455,2026-01-22,due_date_amount
CL2914,C102260,T1000003455,2026-02-23,payment_status
CL2915,C102260,T1000003455,2026-05-16,due_date_amount
CL2916,C102260,T1000003455,2026-06-21,due_date_amount
CL2917,C102260,T1000003456,2025-10-02,payment_status
CL2918,C102260,T1000003456,2025-10-29,due_date_amount
CL2919,C102260,T1000003456,2026-01-24,due_date_amount
CL2920,C102260,T1000003456,2026-02-01,payment_status
CL2921,C102260,T1000003456,2026-02-25,due_date_amount
CL2922,C102260,T1000003456,2026-04-25,due_date_amount
CL2923,C102261,T1000003457,2025-10-28,due_date_amount
CL2924,C102261,T1000003457,2025-11-29,due_date_amount
CL2925,C102261,T1000003457,2026-02-05,payment_status
CL2926,C102261,T1000003457,2026-03-28,due_date_amount
CL2927,C102261,T1000003457,2026-05-27,due_date_amount
CL2928,C102261,T1000003458,2025-12-11,due_date_amount
CL2929,C102261,T1000003459,2025-12-21,due_date_amount
CL2930,C102261,T1000003459,2026-03-21,due_date_amount
CL2931,C102261,T1000003459,2026-06-19,due_date_amount
CL2932,C102263,T1000003461,2025-10-16,due_date_amount
CL4658,C102263,T1000003461,2026-06-12,tax_consent
CL2933,C102264,T1000003463,2025-12-28,due_date_amount
CL2934,C102264,T1000003463,2026-03-01,payment_status
CL2935,C102264,T1000003463,2026-03-30,payment_status
CL2936,C102265,T1000003464,2026-05-29,due_date_amount
CL2937,C102267,T1000003467,2026-04-07,due_date_amount
CL4659,C102268,T1000003468,2025-12-16,tax_consent
CL4660,C102268,T1000003468,2025-12-31,tax_consent
CL4779,C102268,T1000003469,2026-06-21,tax_consent
CL4661,C102270,T1000003471,2026-01-09,tax_consent
CL2938,C102270,T1000003472,2025-11-26,payment_status
CL2939,C102271,T1000003473,2025-11-07,due_date_amount
CL2940,C102271,T1000003473,2025-12-13,payment_status
CL2941,C102271,T1000003473,2026-02-11,payment_status
CL2942,C102271,T1000003473,2026-03-01,due_date_amount
CL2943,C102271,T1000003473,2026-05-01,due_date_amount
CL2944,C102271,T1000003473,2026-06-03,due_date_amount
CL2945,C102272,T1000003476,2025-10-25,due_date_amount
CL2946,C102272,T1000003476,2026-02-25,payment_status
CL2947,C102273,T1000003478,2025-12-07,payment_status
CL2948,C102275,T1000003481,2025-12-20,payment_status
CL2949,C102275,T1000003481,2026-02-10,due_date_amount
CL4494,C102275,T1000003481,2026-04-24,loan_repayment
CL2950,C102275,T1000003481,2026-06-08,due_date_amount
CL2951,C102276,T1000003482,2026-05-19,payment_status
CL2952,C102277,T1000003483,2025-12-22,payment_status
CL4280,C102277,T1000003483,2026-03-21,autopay
CL2953,C102277,T1000003483,2026-06-15,due_date_amount
CL2954,C102277,T1000003484,2025-10-07,payment_status
CL2955,C102277,T1000003484,2025-10-30,due_date_amount
CL2956,C102277,T1000003484,2025-11-30,due_date_amount
CL4725,C102277,T1000003484,2026-01-23,due_date_amount
CL2957,C102277,T1000003484,2026-01-26,due_date_amount
CL2958,C102278,T1000003485,2025-12-18,payment_status
CL4281,C102278,T1000003485,2026-02-19,autopay
CL2959,C102278,T1000003485,2026-05-12,due_date_amount
CL2960,C102279,T1000003486,2025-12-26,payment_status
CL4832,C102280,T1000003488,2025-11-28,due_date_amount
CL2961,C102280,T1000003488,2026-03-13,payment_status
CL4662,C102283,T1000003492,2025-12-07,tax_consent
CL4663,C102283,T1000003492,2025-12-19,tax_consent
CL2962,C102283,T1000003493,2025-11-15,due_date_amount
CL2963,C102283,T1000003493,2026-01-21,payment_status
CL2964,C102283,T1000003493,2026-04-12,due_date_amount
CL2965,C102283,T1000003494,2025-11-17,due_date_amount
CL2966,C102283,T1000003494,2025-12-25,payment_status
CL2967,C102283,T1000003494,2026-05-17,due_date_amount
CL2968,C102283,T1000003494,2026-06-12,due_date_amount
CL2969,C102284,T1000003495,2025-11-15,due_date_amount
CL2970,C102284,T1000003495,2025-12-21,due_date_amount
CL2971,C102284,T1000003495,2026-05-18,due_date_amount
CL2972,C102284,T1000003495,2026-06-17,due_date_amount
CL4282,C102285,T1000003496,2025-10-15,autopay
CL4283,C102285,T1000003496,2025-10-18,autopay
CL4284,C102285,T1000003496,2026-05-15,autopay
CL4285,C102286,T1000003498,2026-04-28,autopay
CL2973,C102288,T1000003501,2025-10-21,due_date_amount
CL2974,C102288,T1000003501,2025-11-21,due_date_amount
CL2975,C102290,T1000003503,2026-06-30,payment_status
CL2976,C102290,T1000003504,2026-02-25,due_date_amount
CL2977,C102290,T1000003504,2026-03-05,payment_status
CL2978,C102292,T1000003506,2026-06-20,due_date_amount
CL2979,C102294,T1000003508,2025-10-21,due_date_amount
CL2980,C102294,T1000003508,2025-11-28,payment_status
CL2981,C102294,T1000003508,2025-12-21,due_date_amount
CL2982,C102294,T1000003508,2026-01-20,due_date_amount
CL4286,C102294,T1000003508,2026-04-27,autopay
CL2983,C102294,T1000003508,2026-04-28,payment_status
CL4765,C102295,T1000003509,2025-11-13,due_date_amount
CL2984,C102295,T1000003509,2025-12-13,due_date_amount
CL2985,C102295,T1000003509,2026-03-13,due_date_amount
CL2986,C102295,T1000003509,2026-04-12,due_date_amount
CL2987,C102295,T1000003509,2026-04-20,payment_status
CL2988,C102295,T1000003509,2026-06-12,due_date_amount
CL2989,C102295,T1000003509,2026-06-16,payment_status
CL2990,C102297,T1000003512,2026-05-08,due_date_amount
CL2991,C102298,T1000003513,2025-10-01,payment_status
CL2992,C102298,T1000003513,2025-10-23,due_date_amount
CL2993,C102298,T1000003513,2025-10-30,payment_status
CL4287,C102300,T1000003515,2025-11-25,autopay
CL2994,C102300,T1000003515,2026-06-23,payment_status
CL2995,C102302,T1000003517,2025-12-04,due_date_amount
CL2996,C102302,T1000003517,2026-05-07,payment_status
CL2997,C102302,T1000003517,2026-06-08,payment_status
CL2998,C102304,T1000003521,2025-10-09,payment_status
CL2999,C102304,T1000003521,2026-01-26,due_date_amount
CL3000,C102304,T1000003521,2026-03-28,due_date_amount
CL3001,C102304,T1000003522,2026-02-25,due_date_amount
CL3002,C102304,T1000003522,2026-03-04,payment_status
CL3003,C102304,T1000003522,2026-04-25,due_date_amount
CL3004,C102304,T1000003522,2026-06-30,payment_status
CL4664,C102305,T1000003523,2025-11-18,tax_consent
CL3005,C102306,T1000003524,2025-09-30,due_date_amount
CL4288,C102308,T1000003527,2026-06-07,autopay
CL4289,C102308,T1000003527,2026-06-08,autopay
CL3006,C102309,T1000003529,2025-12-03,due_date_amount
CL3007,C102310,T1000003531,2026-05-06,payment_status
CL4290,C102310,T1000003531,2026-05-06,autopay
CL4665,C102310,T1000003531,2026-06-08,tax_consent
CL3008,C102312,T1000003534,2026-02-02,payment_status
CL3009,C102312,T1000003534,2026-02-26,due_date_amount
CL3010,C102312,T1000003535,2026-02-10,due_date_amount
CL3011,C102315,T1000003538,2025-11-16,payment_status
CL3012,C102316,T1000003539,2026-02-20,due_date_amount
CL3013,C102316,T1000003539,2026-03-25,due_date_amount
CL3014,C102316,T1000003539,2026-05-24,due_date_amount
CL3015,C102316,T1000003539,2026-06-21,due_date_amount
CL3016,C102316,T1000003540,2025-10-12,payment_status
CL3017,C102316,T1000003540,2026-05-09,payment_status
CL3018,C102318,T1000003542,2025-11-05,due_date_amount
CL3019,C102318,T1000003542,2026-02-01,due_date_amount
CL3020,C102318,T1000003542,2026-03-12,payment_status
CL3021,C102318,T1000003542,2026-05-13,payment_status
CL3022,C102318,T1000003542,2026-05-29,due_date_amount
CL3023,C102318,T1000003543,2025-11-24,payment_status
CL4291,C102318,T1000003543,2026-03-24,autopay
CL3024,C102318,T1000003543,2026-03-25,payment_status
CL3025,C102318,T1000003543,2026-06-18,payment_status
CL3026,C102322,T1000003548,2025-11-04,payment_status
CL3027,C102324,T1000003552,2025-10-17,due_date_amount
CL3028,C102324,T1000003552,2025-12-18,due_date_amount
CL3029,C102324,T1000003552,2026-04-19,due_date_amount
CL4666,C102326,T1000003555,2025-10-23,tax_consent
CL4667,C102326,T1000003555,2025-11-02,tax_consent
CL3030,C102326,T1000003556,2026-06-24,due_date_amount
CL3031,C102327,T1000003557,2025-10-01,due_date_amount
CL3032,C102327,T1000003557,2025-12-30,due_date_amount
CL3033,C102327,T1000003557,2026-01-07,payment_status
CL3034,C102327,T1000003557,2026-04-29,due_date_amount
CL4292,C102333,T1000003565,2026-04-03,autopay
CL3035,C102334,T1000003566,2025-11-03,due_date_amount
CL4293,C102334,T1000003566,2026-06-05,autopay
CL3036,C102335,T1000003567,2025-10-06,due_date_amount
CL3037,C102335,T1000003567,2025-12-09,due_date_amount
CL3038,C102335,T1000003567,2026-01-07,due_date_amount
CL3039,C102335,T1000003567,2026-02-05,due_date_amount
CL3040,C102335,T1000003567,2026-05-17,payment_status
CL3041,C102336,T1000003568,2025-12-01,due_date_amount
CL3042,C102336,T1000003568,2025-12-28,due_date_amount
CL3043,C102336,T1000003568,2026-01-05,payment_status
CL3044,C102336,T1000003568,2026-03-05,payment_status
CL4668,C102337,T1000003569,2025-12-10,tax_consent
CL3045,C102338,T1000003570,2026-03-25,payment_status
CL3046,C102338,T1000003571,2025-10-02,due_date_amount
CL3047,C102338,T1000003572,2026-02-17,payment_status
CL3048,C102338,T1000003572,2026-05-11,due_date_amount
CL3049,C102338,T1000003572,2026-05-16,payment_status
CL3050,C102341,T1000003575,2026-02-22,payment_status
CL3051,C102344,T1000003580,2025-12-30,due_date_amount
CL3052,C102344,T1000003580,2026-01-25,due_date_amount
CL3053,C102344,T1000003580,2026-02-02,payment_status
CL3054,C102344,T1000003580,2026-04-30,due_date_amount
CL3055,C102344,T1000003580,2026-06-25,due_date_amount
CL4748,C102345,T1000003582,2026-01-07,loan_repayment
CL4294,C102346,T1000003583,2025-10-05,autopay
CL3056,C102346,T1000003583,2026-03-05,payment_status
CL3057,C102347,T1000003584,2025-11-30,due_date_amount
CL3058,C102347,T1000003584,2025-12-07,payment_status
CL4295,C102347,T1000003584,2026-05-06,autopay
CL3059,C102347,T1000003584,2026-05-09,payment_status
CL4669,C102347,T1000003585,2026-01-31,tax_consent
CL3060,C102348,T1000003586,2025-10-17,due_date_amount
CL3061,C102349,T1000003587,2025-11-16,due_date_amount
CL3062,C102350,T1000003588,2026-04-16,payment_status
CL4296,C102350,T1000003588,2026-04-17,autopay
CL4297,C102350,T1000003588,2026-04-21,autopay
CL4298,C102352,T1000003591,2025-09-30,autopay
CL3063,C102352,T1000003591,2026-02-17,due_date_amount
CL3064,C102352,T1000003591,2026-05-22,due_date_amount
CL3065,C102352,T1000003592,2025-11-27,due_date_amount
CL3066,C102353,T1000003593,2025-11-12,payment_status
CL3067,C102353,T1000003594,2025-10-23,due_date_amount
CL3068,C102354,T1000003595,2026-01-13,payment_status
CL3069,C102355,T1000003596,2026-05-05,due_date_amount
CL3070,C102356,T1000003597,2025-11-15,due_date_amount
CL3071,C102356,T1000003597,2025-11-23,payment_status
CL3072,C102356,T1000003597,2026-01-22,payment_status
CL3073,C102356,T1000003597,2026-05-13,due_date_amount
CL3074,C102356,T1000003597,2026-06-10,due_date_amount
CL3075,C102356,T1000003598,2026-02-12,due_date_amount
CL3076,C102360,T1000003603,2026-03-27,payment_status
CL3077,C102362,T1000003605,2025-10-08,payment_status
CL3078,C102362,T1000003605,2025-10-27,due_date_amount
CL3079,C102362,T1000003605,2026-02-24,due_date_amount
CL3080,C102362,T1000003605,2026-03-31,due_date_amount
CL3081,C102362,T1000003605,2026-04-04,payment_status
CL4299,C102363,T1000003606,2026-03-13,autopay
CL3082,C102364,T1000003607,2025-10-11,payment_status
CL4300,C102364,T1000003607,2025-10-11,autopay
CL3083,C102365,T1000003609,2025-10-06,payment_status
CL3084,C102365,T1000003609,2025-10-29,due_date_amount
CL3085,C102365,T1000003609,2025-12-03,payment_status
CL4301,C102365,T1000003609,2025-12-05,autopay
CL4302,C102365,T1000003609,2025-12-05,autopay
CL3086,C102365,T1000003609,2026-01-03,payment_status
CL3087,C102365,T1000003610,2026-05-20,payment_status
CL4495,C102365,T1000003610,2026-05-29,loan_repayment
CL4496,C102365,T1000003610,2026-06-28,loan_repayment
CL4497,C102366,T1000003612,2025-11-01,loan_repayment
CL4498,C102366,T1000003612,2026-05-29,loan_repayment
CL4499,C102366,T1000003613,2026-01-31,loan_repayment
CL3088,C102368,T1000003615,2026-03-18,due_date_amount
CL3089,C102368,T1000003615,2026-03-26,payment_status
CL3090,C102368,T1000003615,2026-04-29,payment_status
CL3091,C102368,T1000003615,2026-06-27,payment_status
CL3092,C102368,T1000003616,2026-02-20,due_date_amount
CL3093,C102369,T1000003618,2026-05-21,due_date_amount
CL3094,C102369,T1000003619,2025-10-25,payment_status
CL3095,C102369,T1000003619,2025-11-22,due_date_amount
CL4670,C102369,T1000003619,2026-05-13,tax_consent
CL3096,C102369,T1000003619,2026-05-19,due_date_amount
CL3097,C102371,T1000003622,2025-11-25,due_date_amount
CL3098,C102371,T1000003623,2026-05-17,due_date_amount
CL3099,C102372,T1000003625,2025-11-18,due_date_amount
CL3100,C102372,T1000003625,2026-02-24,payment_status
CL3101,C102372,T1000003626,2025-11-26,payment_status
CL3102,C102373,T1000003628,2025-11-05,payment_status
CL3103,C102373,T1000003629,2026-02-17,payment_status
CL3104,C102374,T1000003630,2025-11-03,payment_status
CL3105,C102374,T1000003630,2026-02-20,due_date_amount
CL3106,C102374,T1000003631,2026-01-17,due_date_amount
CL4303,C102375,T1000003634,2025-10-06,autopay
CL4304,C102375,T1000003634,2026-02-03,autopay
CL4305,C102375,T1000003634,2026-02-06,autopay
CL3107,C102376,T1000003635,2025-10-29,payment_status
CL3108,C102377,T1000003638,2025-10-28,payment_status
CL3109,C102377,T1000003638,2025-12-28,payment_status
CL3110,C102378,T1000003639,2025-10-09,due_date_amount
CL3111,C102378,T1000003639,2026-01-07,due_date_amount
CL3112,C102380,T1000003642,2025-10-02,due_date_amount
CL3113,C102380,T1000003642,2025-11-29,due_date_amount
CL3114,C102380,T1000003642,2026-04-24,due_date_amount
CL3115,C102380,T1000003642,2026-06-07,payment_status
CL4500,C102385,T1000003648,2026-02-21,loan_repayment
CL3116,C102385,T1000003648,2026-03-26,payment_status
CL4671,C102386,T1000003649,2026-06-25,tax_consent
CL3117,C102387,T1000003652,2025-10-09,due_date_amount
CL3118,C102387,T1000003652,2025-12-13,due_date_amount
CL3119,C102387,T1000003652,2025-12-18,payment_status
CL3120,C102387,T1000003652,2026-02-10,due_date_amount
CL3121,C102387,T1000003652,2026-03-11,due_date_amount
CL3122,C102387,T1000003652,2026-05-12,due_date_amount
CL3123,C102387,T1000003652,2026-06-08,due_date_amount
CL3124,C102387,T1000003652,2026-06-16,payment_status
CL3125,C102389,T1000003654,2025-12-21,due_date_amount
CL3126,C102389,T1000003654,2026-04-20,due_date_amount
CL3127,C102389,T1000003654,2026-04-27,payment_status
CL3128,C102390,T1000003655,2025-10-14,payment_status
CL3129,C102391,T1000003656,2026-01-23,due_date_amount
CL3130,C102392,T1000003658,2026-03-24,due_date_amount
CL4306,C102392,T1000003659,2026-01-16,autopay
CL3131,C102393,T1000003660,2025-12-23,payment_status
CL3132,C102393,T1000003660,2026-02-22,payment_status
CL3133,C102396,T1000003665,2026-04-06,due_date_amount
CL3134,C102397,T1000003668,2025-12-18,due_date_amount
CL3135,C102399,T1000003671,2026-03-24,payment_status
CL4307,C102401,T1000003675,2025-12-07,autopay
CL4308,C102401,T1000003675,2026-02-05,autopay
CL3136,C102401,T1000003675,2026-02-09,payment_status
CL3137,C102401,T1000003675,2026-06-07,payment_status
CL3138,C102402,T1000003676,2025-12-01,payment_status
CL3139,C102402,T1000003676,2026-05-21,due_date_amount
CL3140,C102402,T1000003676,2026-05-29,payment_status
CL3141,C102402,T1000003676,2026-06-24,due_date_amount
CL3142,C102402,T1000003677,2026-02-07,due_date_amount
CL3143,C102402,T1000003678,2025-10-10,due_date_amount
CL3144,C102402,T1000003678,2025-11-20,payment_status
CL3145,C102402,T1000003678,2025-12-11,due_date_amount
CL3146,C102402,T1000003678,2026-03-13,due_date_amount
CL3147,C102402,T1000003678,2026-04-11,due_date_amount
CL3148,C102403,T1000003680,2026-04-04,due_date_amount
CL3149,C102404,T1000003681,2026-06-15,payment_status
CL3150,C102404,T1000003682,2025-12-27,payment_status
CL4309,C102404,T1000003682,2025-12-28,autopay
CL4310,C102404,T1000003682,2025-12-28,autopay
CL4672,C102404,T1000003682,2026-02-04,tax_consent
CL3151,C102404,T1000003682,2026-05-27,payment_status
CL3152,C102405,T1000003683,2026-06-04,payment_status
CL3153,C102408,T1000003687,2026-01-05,due_date_amount
CL3154,C102408,T1000003687,2026-03-06,due_date_amount
CL4861,C102408,T1000003687,2026-06-13,autopay
CL3155,C102409,T1000003688,2026-01-12,due_date_amount
CL3156,C102410,T1000003689,2026-02-13,due_date_amount
CL3157,C102410,T1000003689,2026-06-10,due_date_amount
CL4311,C102412,T1000003693,2025-11-30,autopay
CL4673,C102414,T1000003695,2026-04-16,tax_consent
CL3158,C102415,T1000003697,2025-12-07,due_date_amount
CL3159,C102415,T1000003697,2025-12-14,payment_status
CL3160,C102415,T1000003697,2026-03-04,due_date_amount
CL3161,C102415,T1000003697,2026-04-06,due_date_amount
CL3162,C102415,T1000003697,2026-05-07,due_date_amount
CL3163,C102416,T1000003698,2026-01-07,payment_status
CL3164,C102416,T1000003698,2026-01-28,due_date_amount
CL3165,C102416,T1000003698,2026-03-01,due_date_amount
CL3166,C102416,T1000003698,2026-05-29,due_date_amount
CL3167,C102416,T1000003698,2026-06-30,due_date_amount
CL3168,C102419,T1000003701,2026-06-30,payment_status
CL4312,C102420,T1000003702,2026-04-18,autopay
CL3169,C102421,T1000003704,2026-04-16,due_date_amount
CL4674,C102422,T1000003705,2025-12-26,tax_consent
CL4313,C102423,T1000003706,2026-01-21,autopay
CL3170,C102423,T1000003706,2026-01-24,payment_status
CL4314,C102423,T1000003706,2026-05-20,autopay
CL4863,C102423,T1000003706,2026-06-07,payment_status
CL4315,C102425,T1000003708,2025-12-10,autopay
CL3171,C102428,T1000003712,2026-05-03,due_date_amount
CL3172,C102429,T1000003713,2025-10-05,payment_status
CL3173,C102429,T1000003713,2026-02-24,due_date_amount
CL3174,C102429,T1000003713,2026-04-22,due_date_amount
CL3175,C102429,T1000003713,2026-05-23,due_date_amount
CL3176,C102429,T1000003714,2025-11-07,due_date_amount
CL3177,C102429,T1000003714,2025-12-07,due_date_amount
CL4723,C102429,T1000003714,2026-01-17,due_date_amount
CL3178,C102429,T1000003714,2026-02-12,payment_status
CL3179,C102429,T1000003714,2026-03-11,payment_status
CL3180,C102429,T1000003714,2026-04-30,due_date_amount
CL3181,C102429,T1000003714,2026-06-05,due_date_amount
CL3182,C102430,T1000003716,2025-10-29,due_date_amount
CL4675,C102431,T1000003718,2026-01-05,tax_consent
CL3183,C102435,T1000003723,2026-06-07,due_date_amount
CL3184,C102438,T1000003726,2026-04-19,due_date_amount
CL3185,C102438,T1000003726,2026-04-25,payment_status
CL3186,C102438,T1000003727,2025-11-21,payment_status
CL3187,C102438,T1000003727,2026-02-20,payment_status
CL3188,C102438,T1000003727,2026-05-13,due_date_amount
CL3189,C102439,T1000003729,2025-10-20,due_date_amount
CL3190,C102443,T1000003735,2025-12-19,due_date_amount
CL3191,C102443,T1000003735,2026-06-19,due_date_amount
CL3192,C102445,T1000003737,2026-01-20,due_date_amount
CL3193,C102445,T1000003737,2026-02-23,due_date_amount
CL4810,C102445,T1000003737,2026-05-13,loan_repayment
CL3194,C102446,T1000003738,2025-11-26,due_date_amount
CL4316,C102446,T1000003739,2026-04-10,autopay
CL3195,C102446,T1000003739,2026-04-12,payment_status
CL3196,C102446,T1000003740,2025-10-02,due_date_amount
CL4676,C102447,T1000003741,2026-06-15,tax_consent
CL4677,C102448,T1000003743,2026-05-14,tax_consent
CL3197,C102450,T1000003745,2026-02-03,payment_status
CL3198,C102451,T1000003746,2025-11-25,due_date_amount
CL3199,C102451,T1000003747,2026-02-27,payment_status
CL3200,C102451,T1000003747,2026-06-19,due_date_amount
CL4828,C102452,T1000003748,2025-10-06,autopay
CL3201,C102452,T1000003748,2025-10-17,due_date_amount
CL3202,C102453,T1000003749,2026-01-12,due_date_amount
CL3203,C102456,T1000003756,2026-05-10,payment_status
CL4803,C102457,T1000003758,2026-03-06,autopay
CL3204,C102458,T1000003759,2025-11-07,due_date_amount
CL3205,C102458,T1000003759,2025-12-07,due_date_amount
CL3206,C102458,T1000003759,2026-04-13,payment_status
CL3207,C102459,T1000003760,2025-10-25,due_date_amount
CL3208,C102459,T1000003760,2025-11-30,payment_status
CL3209,C102459,T1000003760,2026-03-05,payment_status
CL3210,C102459,T1000003760,2026-03-29,payment_status
CL3211,C102460,T1000003762,2025-10-08,due_date_amount
CL4317,C102460,T1000003762,2026-04-15,autopay
CL3212,C102460,T1000003763,2026-06-08,due_date_amount
CL3213,C102461,T1000003765,2026-01-29,due_date_amount
CL3214,C102461,T1000003765,2026-03-01,due_date_amount
CL3215,C102461,T1000003765,2026-03-06,payment_status
CL3216,C102461,T1000003765,2026-04-29,due_date_amount
CL3217,C102461,T1000003765,2026-06-04,payment_status
CL4318,C102464,T1000003768,2026-01-05,autopay
CL3218,C102464,T1000003768,2026-05-08,payment_status
CL4319,C102464,T1000003768,2026-05-08,autopay
CL3219,C102465,T1000003771,2026-02-02,due_date_amount
CL4501,C102465,T1000003771,2026-05-30,loan_repayment
CL3220,C102465,T1000003771,2026-06-28,due_date_amount
CL4851,C102465,T1000003772,2025-10-15,loan_repayment
CL4502,C102465,T1000003772,2025-10-30,loan_repayment
CL4503,C102465,T1000003772,2025-11-29,loan_repayment
CL4504,C102465,T1000003772,2026-03-02,loan_repayment
CL3221,C102466,T1000003775,2025-10-21,due_date_amount
CL4505,C102466,T1000003775,2026-01-26,loan_repayment
CL3222,C102467,T1000003776,2025-12-09,due_date_amount
CL3223,C102467,T1000003776,2026-05-09,due_date_amount
CL4797,C102467,T1000003776,2026-06-15,payment_status
CL3224,C102468,T1000003779,2026-06-18,due_date_amount
CL4506,C102470,T1000003781,2026-01-28,loan_repayment
CL3225,C102472,T1000003784,2026-05-16,due_date_amount
CL3226,C102473,T1000003787,2025-11-01,due_date_amount
CL4678,C102473,T1000003787,2026-01-20,tax_consent
CL4507,C102473,T1000003787,2026-01-29,loan_repayment
CL4508,C102473,T1000003787,2026-05-28,loan_repayment
CL3227,C102475,T1000003789,2025-10-05,due_date_amount
CL3228,C102475,T1000003789,2025-11-13,payment_status
CL3229,C102475,T1000003789,2025-12-12,payment_status
CL3230,C102475,T1000003789,2026-01-06,due_date_amount
CL4729,C102475,T1000003789,2026-01-25,payment_status
CL3231,C102475,T1000003789,2026-02-06,due_date_amount
CL3232,C102475,T1000003789,2026-03-10,payment_status
CL3233,C102475,T1000003789,2026-04-02,due_date_amount
CL3234,C102475,T1000003789,2026-04-12,payment_status
CL3235,C102475,T1000003789,2026-05-06,due_date_amount
CL3236,C102476,T1000003790,2026-06-11,payment_status
CL3237,C102478,T1000003793,2026-03-24,due_date_amount
CL4320,C102480,T1000003795,2026-01-04,autopay
CL3238,C102480,T1000003795,2026-04-04,payment_status
CL4321,C102482,T1000003797,2026-02-15,autopay
CL4322,C102483,T1000003799,2025-10-28,autopay
CL3239,C102483,T1000003799,2026-05-24,payment_status
CL4862,C102483,T1000003800,2026-01-16,autopay
CL3240,C102485,T1000003802,2026-03-11,payment_status
CL3241,C102486,T1000003803,2025-11-24,due_date_amount
CL3242,C102486,T1000003803,2025-12-02,payment_status
CL3243,C102486,T1000003803,2026-04-24,due_date_amount
CL3244,C102486,T1000003803,2026-05-24,due_date_amount
CL3245,C102486,T1000003803,2026-06-22,due_date_amount
CL3246,C102486,T1000003804,2025-10-22,due_date_amount
CL3247,C102486,T1000003804,2025-10-29,payment_status
CL3248,C102486,T1000003804,2025-12-19,due_date_amount
CL3249,C102486,T1000003804,2025-12-28,payment_status
CL3250,C102486,T1000003804,2026-02-20,due_date_amount
CL3251,C102486,T1000003804,2026-04-25,payment_status
CL3252,C102486,T1000003805,2025-12-06,due_date_amount
CL3253,C102490,T1000003809,2025-10-24,payment_status
CL3254,C102490,T1000003809,2025-11-25,payment_status
CL3255,C102490,T1000003809,2026-03-18,due_date_amount
CL3256,C102490,T1000003809,2026-04-22,payment_status
CL3257,C102490,T1000003809,2026-05-22,payment_status
CL3258,C102490,T1000003810,2025-10-31,due_date_amount
CL3259,C102490,T1000003810,2025-11-29,due_date_amount
CL3260,C102490,T1000003810,2026-03-09,payment_status
CL3261,C102490,T1000003810,2026-04-01,due_date_amount
CL3262,C102490,T1000003810,2026-05-29,due_date_amount
CL4735,C102490,T1000003811,2026-03-06,payment_status
CL3263,C102491,T1000003812,2025-11-12,due_date_amount
CL4509,C102491,T1000003812,2025-12-26,loan_repayment
CL3264,C102491,T1000003812,2026-02-11,due_date_amount
CL4510,C102491,T1000003812,2026-02-23,loan_repayment
CL3265,C102491,T1000003812,2026-05-10,due_date_amount
CL3266,C102491,T1000003813,2026-03-24,payment_status
CL3267,C102492,T1000003814,2026-03-08,payment_status
CL3268,C102493,T1000003815,2026-01-31,payment_status
CL3269,C102493,T1000003815,2026-05-24,due_date_amount
CL3270,C102494,T1000003816,2026-01-04,payment_status
CL3271,C102494,T1000003816,2026-03-31,payment_status
CL3272,C102494,T1000003816,2026-05-27,due_date_amount
CL3273,C102494,T1000003816,2026-06-21,due_date_amount
CL3274,C102494,T1000003816,2026-06-29,payment_status
CL3275,C102499,T1000003821,2025-12-01,due_date_amount
CL3276,C102499,T1000003821,2026-03-01,due_date_amount
CL3277,C102499,T1000003821,2026-04-04,due_date_amount
CL3278,C102499,T1000003821,2026-05-28,due_date_amount
CL3279,C102499,T1000003821,2026-06-29,due_date_amount
CL3280,C102500,T1000003822,2026-01-30,due_date_amount
CL3281,C102501,T1000003823,2025-10-06,due_date_amount
CL3282,C102501,T1000003823,2026-03-04,due_date_amount
CL3283,C102502,T1000003824,2025-12-28,payment_status
CL3284,C102502,T1000003824,2026-01-24,payment_status
CL3285,C102502,T1000003824,2026-04-15,due_date_amount
CL3286,C102502,T1000003824,2026-05-28,payment_status
CL3287,C102505,T1000003829,2026-03-26,due_date_amount
CL3288,C102506,T1000003832,2026-01-25,payment_status
CL3289,C102506,T1000003832,2026-03-21,due_date_amount
CL3290,C102508,T1000003836,2026-02-06,due_date_amount
CL3291,C102512,T1000003841,2026-02-01,due_date_amount
CL4679,C102514,T1000003845,2026-01-17,tax_consent
CL3292,C102515,T1000003846,2025-09-30,payment_status
CL3293,C102516,T1000003847,2025-10-08,due_date_amount
CL3294,C102516,T1000003847,2026-01-14,payment_status
CL3295,C102516,T1000003847,2026-05-03,due_date_amount
CL3296,C102516,T1000003849,2025-12-16,payment_status
CL3297,C102516,T1000003849,2026-01-16,payment_status
CL3298,C102516,T1000003849,2026-03-16,payment_status
CL3299,C102516,T1000003849,2026-06-08,due_date_amount
CL4719,C102517,T1000003850,2025-10-25,payment_status
CL3300,C102517,T1000003851,2026-01-30,due_date_amount
CL3301,C102517,T1000003851,2026-04-05,payment_status
CL3302,C102517,T1000003851,2026-06-27,due_date_amount
CL3303,C102518,T1000003852,2026-06-26,payment_status
CL4323,C102518,T1000003852,2026-06-27,autopay
CL4680,C102519,T1000003853,2026-01-31,tax_consent
CL3304,C102519,T1000003853,2026-03-20,payment_status
CL3305,C102520,T1000003854,2025-12-23,due_date_amount
CL3306,C102520,T1000003854,2026-02-23,due_date_amount
CL3307,C102520,T1000003854,2026-06-28,payment_status
CL3308,C102521,T1000003856,2026-03-27,payment_status
CL4324,C102521,T1000003856,2026-05-27,autopay
CL4325,C102521,T1000003856,2026-05-31,autopay
CL3309,C102521,T1000003857,2026-05-06,due_date_amount
CL3310,C102521,T1000003857,2026-06-04,due_date_amount
CL3311,C102521,T1000003857,2026-06-12,payment_status
CL4681,C102522,T1000003858,2026-05-06,tax_consent
CL3312,C102523,T1000003861,2025-10-18,due_date_amount
CL3313,C102523,T1000003861,2025-10-26,payment_status
CL3314,C102525,T1000003864,2025-11-03,due_date_amount
CL3315,C102525,T1000003864,2025-12-12,payment_status
CL3316,C102525,T1000003864,2026-01-06,due_date_amount
CL3317,C102525,T1000003864,2026-02-05,due_date_amount
CL3318,C102525,T1000003864,2026-02-10,payment_status
CL3319,C102525,T1000003864,2026-03-07,due_date_amount
CL3320,C102525,T1000003864,2026-04-12,payment_status
CL4326,C102526,T1000003867,2025-10-28,autopay
CL4800,C102527,T1000003868,2026-05-17,due_date_amount
CL4327,C102527,T1000003869,2026-03-27,autopay
CL4682,C102527,T1000003869,2026-06-04,tax_consent
CL3321,C102527,T1000003869,2026-06-26,payment_status
CL4683,C102530,T1000003874,2025-11-15,tax_consent
CL3322,C102531,T1000003875,2025-11-11,due_date_amount
CL3323,C102532,T1000003876,2025-10-30,payment_status
CL3324,C102532,T1000003876,2026-01-22,due_date_amount
CL4845,C102534,T1000003878,2026-04-01,payment_status
CL3325,C102534,T1000003879,2025-10-08,due_date_amount
CL3326,C102534,T1000003879,2025-12-12,payment_status
CL3327,C102534,T1000003879,2026-02-03,due_date_amount
CL3328,C102534,T1000003879,2026-03-15,payment_status
CL3329,C102534,T1000003879,2026-05-13,payment_status
CL3330,C102534,T1000003879,2026-06-01,due_date_amount
CL3331,C102535,T1000003881,2025-10-23,due_date_amount
CL3332,C102535,T1000003882,2025-10-15,payment_status
CL3333,C102536,T1000003883,2025-12-04,payment_status
CL3334,C102536,T1000003883,2025-12-25,due_date_amount
CL3335,C102536,T1000003883,2026-01-03,payment_status
CL3336,C102536,T1000003883,2026-01-29,due_date_amount
CL3337,C102536,T1000003883,2026-04-04,payment_status
CL3338,C102537,T1000003884,2026-06-14,payment_status
CL3339,C102538,T1000003885,2025-10-18,payment_status
CL4733,C102538,T1000003885,2026-03-29,tax_consent
CL3340,C102539,T1000003886,2026-04-30,due_date_amount
CL3341,C102539,T1000003887,2026-02-05,due_date_amount
CL3342,C102539,T1000003888,2025-10-11,due_date_amount
CL3343,C102539,T1000003888,2026-04-19,payment_status
CL3344,C102540,T1000003889,2025-12-27,payment_status
CL3345,C102540,T1000003889,2026-06-27,payment_status
CL3346,C102540,T1000003890,2026-03-09,due_date_amount
CL3347,C102540,T1000003890,2026-03-14,payment_status
CL3348,C102543,T1000003893,2025-10-14,due_date_amount
CL3349,C102543,T1000003893,2026-04-11,due_date_amount
CL3350,C102545,T1000003895,2026-05-06,payment_status
CL4684,C102546,T1000003896,2025-11-03,tax_consent
CL4328,C102546,T1000003896,2025-12-25,autopay
CL4511,C102547,T1000003897,2025-10-28,loan_repayment
CL3351,C102547,T1000003897,2025-12-23,due_date_amount
CL3352,C102547,T1000003897,2026-01-22,due_date_amount
CL4512,C102547,T1000003897,2026-03-30,loan_repayment
CL4513,C102547,T1000003897,2026-04-28,loan_repayment
CL3353,C102547,T1000003897,2026-05-22,due_date_amount
CL3354,C102548,T1000003898,2026-04-12,due_date_amount
CL3355,C102549,T1000003899,2025-10-25,payment_status
CL3356,C102550,T1000003900,2025-11-25,payment_status
CL3357,C102550,T1000003900,2026-04-22,payment_status
CL4329,C102550,T1000003900,2026-04-24,autopay
CL3358,C102552,T1000003903,2026-01-31,due_date_amount
CL3359,C102553,T1000003905,2026-06-27,due_date_amount
CL3360,C102553,T1000003906,2026-02-05,due_date_amount
CL3361,C102555,T1000003909,2025-11-02,payment_status
CL3362,C102555,T1000003909,2025-12-25,due_date_amount
CL3363,C102555,T1000003909,2026-06-30,payment_status
CL3364,C102557,T1000003911,2025-09-30,payment_status
CL3365,C102557,T1000003911,2026-02-02,payment_status
CL3366,C102557,T1000003911,2026-02-19,due_date_amount
CL3367,C102557,T1000003911,2026-05-24,due_date_amount
CL3368,C102560,T1000003915,2026-02-19,due_date_amount
CL3369,C102560,T1000003915,2026-05-28,payment_status
CL3370,C102565,T1000003923,2025-12-15,due_date_amount
CL3371,C102565,T1000003923,2026-04-15,due_date_amount
CL3372,C102565,T1000003923,2026-06-13,due_date_amount
CL3373,C102565,T1000003923,2026-06-21,payment_status
CL3374,C102566,T1000003925,2026-01-15,due_date_amount
CL3375,C102566,T1000003925,2026-02-14,due_date_amount
CL3376,C102566,T1000003925,2026-03-20,due_date_amount
CL3377,C102566,T1000003925,2026-04-14,due_date_amount
CL3378,C102567,T1000003926,2026-03-05,due_date_amount
CL4685,C102567,T1000003926,2026-05-25,tax_consent
CL3379,C102571,T1000003931,2025-12-16,payment_status
CL3380,C102571,T1000003931,2026-02-08,due_date_amount
CL4330,C102574,T1000003937,2025-10-01,autopay
CL3381,C102574,T1000003937,2025-12-22,due_date_amount
CL3382,C102574,T1000003937,2026-01-21,due_date_amount
CL3383,C102574,T1000003937,2026-04-04,payment_status
CL4331,C102574,T1000003937,2026-04-04,autopay
CL3384,C102575,T1000003938,2026-02-12,due_date_amount
CL3385,C102575,T1000003938,2026-02-25,payment_status
CL4332,C102577,T1000003942,2026-03-22,autopay
CL3386,C102578,T1000003943,2026-04-17,due_date_amount
CL3387,C102579,T1000003945,2025-11-26,due_date_amount
CL3388,C102581,T1000003947,2025-10-14,payment_status
CL3389,C102581,T1000003947,2026-06-28,due_date_amount
CL4333,C102581,T1000003948,2025-12-17,autopay
CL4514,C102581,T1000003948,2026-01-26,loan_repayment
CL4515,C102581,T1000003948,2026-02-26,loan_repayment
CL4516,C102582,T1000003950,2025-11-30,loan_repayment
CL4517,C102582,T1000003950,2026-01-28,loan_repayment
CL4856,C102582,T1000003950,2026-01-28,loan_repayment
CL3390,C102585,T1000003954,2025-10-31,due_date_amount
CL3391,C102585,T1000003954,2026-05-03,payment_status
CL4686,C102586,T1000003955,2025-10-12,tax_consent
CL3392,C102586,T1000003956,2026-05-11,due_date_amount
CL3393,C102586,T1000003957,2025-11-11,payment_status
CL3394,C102586,T1000003957,2026-06-09,payment_status
CL3395,C102588,T1000003959,2026-03-01,due_date_amount
CL3396,C102591,T1000003964,2025-10-25,due_date_amount
CL3397,C102591,T1000003964,2025-11-22,due_date_amount
CL3398,C102591,T1000003964,2025-12-27,payment_status
CL3399,C102591,T1000003964,2026-03-20,due_date_amount
CL3400,C102591,T1000003964,2026-06-18,due_date_amount
CL3401,C102592,T1000003965,2026-04-13,payment_status
CL3402,C102594,T1000003967,2025-10-08,payment_status
CL3403,C102594,T1000003967,2025-12-30,due_date_amount
CL3404,C102594,T1000003967,2026-01-26,due_date_amount
CL3405,C102594,T1000003967,2026-05-26,due_date_amount
CL3406,C102596,T1000003969,2026-05-28,due_date_amount
CL3407,C102596,T1000003969,2026-06-26,due_date_amount
CL3408,C102598,T1000003973,2025-12-03,due_date_amount
CL3409,C102599,T1000003974,2026-06-05,payment_status
CL3410,C102600,T1000003975,2026-05-30,due_date_amount
CL3411,C102601,T1000003976,2025-10-15,due_date_amount
CL3412,C102601,T1000003976,2025-12-19,payment_status
CL4334,C102602,T1000003977,2025-12-16,autopay
CL4687,C102602,T1000003977,2026-04-07,tax_consent
CL3413,C102603,T1000003979,2026-02-07,payment_status
CL3414,C102605,T1000003982,2026-05-30,due_date_amount
CL4335,C102608,T1000003986,2025-10-05,autopay
CL3415,C102609,T1000003988,2026-03-21,due_date_amount
CL4688,C102610,T1000003991,2026-05-09,tax_consent
CL3416,C102611,T1000003993,2026-01-08,due_date_amount
CL3417,C102611,T1000003993,2026-04-03,due_date_amount
CL3418,C102611,T1000003993,2026-06-13,payment_status
CL3419,C102611,T1000003994,2026-06-21,due_date_amount
CL3420,C102612,T1000003995,2026-05-07,payment_status
CL4336,C102612,T1000003995,2026-05-07,autopay
CL4689,C102612,T1000003995,2026-06-20,tax_consent
CL4690,C102612,T1000003995,2026-06-30,tax_consent
CL3421,C102613,T1000003996,2026-01-07,payment_status
CL3422,C102613,T1000003996,2026-03-31,due_date_amount
CL3423,C102613,T1000003997,2026-02-01,due_date_amount
CL3424,C102616,T1000004001,2026-01-07,due_date_amount
CL3425,C102616,T1000004001,2026-06-09,due_date_amount
CL3426,C102616,T1000004002,2025-10-15,due_date_amount
CL3427,C102616,T1000004002,2025-12-17,due_date_amount
CL3428,C102616,T1000004002,2026-01-14,due_date_amount
CL3429,C102616,T1000004002,2026-03-16,due_date_amount
CL3430,C102616,T1000004002,2026-04-21,payment_status
CL4691,C102618,T1000004006,2026-05-15,tax_consent
CL3431,C102620,T1000004010,2026-02-06,payment_status
CL3432,C102620,T1000004010,2026-06-05,payment_status
CL3433,C102620,T1000004011,2025-12-12,due_date_amount
CL3434,C102620,T1000004011,2026-05-13,due_date_amount
CL4692,C102621,T1000004012,2026-02-16,tax_consent
CL3435,C102621,T1000004012,2026-02-21,due_date_amount
CL3436,C102621,T1000004012,2026-05-20,due_date_amount
CL3437,C102622,T1000004013,2025-11-15,payment_status
CL3438,C102624,T1000004015,2026-04-13,payment_status
CL3439,C102624,T1000004015,2026-06-09,payment_status
CL3440,C102624,T1000004017,2025-11-03,due_date_amount
CL3441,C102624,T1000004017,2026-02-06,due_date_amount
CL3442,C102624,T1000004017,2026-02-11,payment_status
CL3443,C102625,T1000004019,2026-02-26,payment_status
CL3444,C102625,T1000004019,2026-03-27,payment_status
CL3445,C102625,T1000004019,2026-06-27,payment_status
CL3446,C102627,T1000004022,2025-11-18,payment_status
CL4337,C102627,T1000004022,2025-12-19,autopay
CL3447,C102628,T1000004024,2026-04-14,payment_status
CL3448,C102628,T1000004025,2026-03-07,payment_status
CL3449,C102629,T1000004026,2026-03-08,due_date_amount
CL4811,C102630,T1000004027,2026-02-15,autopay
CL3450,C102631,T1000004028,2025-11-19,payment_status
CL3451,C102631,T1000004028,2025-12-10,due_date_amount
CL3452,C102631,T1000004028,2026-03-11,due_date_amount
CL3453,C102631,T1000004028,2026-04-07,due_date_amount
CL3454,C102632,T1000004030,2026-03-12,due_date_amount
CL3455,C102632,T1000004030,2026-06-08,due_date_amount
CL3456,C102632,T1000004031,2025-12-20,due_date_amount
CL4338,C102633,T1000004032,2026-03-28,autopay
CL3457,C102637,T1000004036,2026-05-22,due_date_amount
CL3458,C102640,T1000004039,2026-04-12,due_date_amount
CL3459,C102640,T1000004039,2026-06-07,due_date_amount
CL3460,C102640,T1000004040,2025-11-27,payment_status
CL3461,C102640,T1000004040,2026-02-20,due_date_amount
CL3462,C102640,T1000004040,2026-05-20,due_date_amount
CL3463,C102641,T1000004041,2026-01-20,due_date_amount
CL3464,C102641,T1000004041,2026-03-19,due_date_amount
CL3465,C102641,T1000004041,2026-06-23,payment_status
CL4339,C102644,T1000004044,2026-05-12,autopay
CL4340,C102644,T1000004045,2026-01-17,autopay
CL4693,C102644,T1000004045,2026-03-16,tax_consent
CL3466,C102644,T1000004045,2026-04-11,due_date_amount
CL4731,C102644,T1000004045,2026-05-28,payment_status
CL4341,C102646,T1000004048,2025-12-03,autopay
CL3467,C102648,T1000004050,2026-01-17,due_date_amount
CL3468,C102648,T1000004050,2026-02-22,payment_status
CL4342,C102648,T1000004050,2026-05-21,autopay
CL3469,C102649,T1000004052,2025-11-19,due_date_amount
CL3470,C102649,T1000004052,2026-01-20,due_date_amount
CL3471,C102649,T1000004052,2026-04-28,payment_status
CL3472,C102650,T1000004053,2026-01-11,payment_status
CL3473,C102652,T1000004057,2025-12-25,due_date_amount
CL3474,C102652,T1000004057,2026-05-02,payment_status
CL4518,C102654,T1000004059,2025-10-30,loan_repayment
CL4519,C102654,T1000004059,2026-03-30,loan_repayment
CL4520,C102654,T1000004059,2026-05-23,loan_repayment
CL3475,C102655,T1000004060,2026-03-04,due_date_amount
CL3476,C102655,T1000004061,2026-05-08,due_date_amount
CL3477,C102656,T1000004064,2025-12-16,due_date_amount
CL3478,C102656,T1000004064,2026-06-11,due_date_amount
CL3479,C102657,T1000004067,2025-12-26,payment_status
CL3480,C102657,T1000004067,2026-03-22,payment_status
CL4343,C102658,T1000004069,2026-01-17,autopay
CL3481,C102658,T1000004069,2026-03-17,payment_status
CL4694,C102658,T1000004069,2026-05-05,tax_consent
CL3482,C102660,T1000004074,2025-10-05,due_date_amount
CL4344,C102660,T1000004074,2026-01-13,autopay
CL4345,C102662,T1000004077,2026-01-23,autopay
CL3483,C102662,T1000004077,2026-06-21,payment_status
CL3484,C102666,T1000004083,2026-01-22,due_date_amount
CL3485,C102667,T1000004084,2026-04-13,due_date_amount
CL3486,C102667,T1000004085,2025-11-16,payment_status
CL3487,C102668,T1000004086,2026-03-20,due_date_amount
CL3488,C102669,T1000004088,2025-11-25,due_date_amount
CL3489,C102669,T1000004088,2026-03-27,due_date_amount
CL3490,C102670,T1000004090,2025-12-30,payment_status
CL3491,C102670,T1000004090,2026-04-03,payment_status
CL3492,C102674,T1000004095,2026-03-07,due_date_amount
CL4521,C102678,T1000004099,2025-12-27,loan_repayment
CL4346,C102679,T1000004101,2026-04-21,autopay
CL3493,C102679,T1000004102,2026-01-25,due_date_amount
CL3494,C102679,T1000004102,2026-02-01,payment_status
CL4347,C102679,T1000004102,2026-02-01,autopay
CL3495,C102680,T1000004105,2026-02-24,due_date_amount
CL4348,C102680,T1000004105,2026-05-28,autopay
CL4349,C102680,T1000004105,2026-05-31,autopay
CL4350,C102681,T1000004106,2025-11-09,autopay
CL4351,C102681,T1000004106,2026-03-09,autopay
CL3496,C102681,T1000004106,2026-05-31,due_date_amount
CL3497,C102681,T1000004107,2025-10-06,due_date_amount
CL3498,C102681,T1000004107,2025-10-11,payment_status
CL3499,C102681,T1000004107,2025-12-14,payment_status
CL3500,C102684,T1000004110,2025-12-02,payment_status
CL3501,C102684,T1000004110,2026-05-31,payment_status
CL3502,C102685,T1000004112,2025-12-04,due_date_amount
CL3503,C102685,T1000004112,2026-03-03,due_date_amount
CL3504,C102685,T1000004112,2026-06-14,payment_status
CL3505,C102686,T1000004113,2026-04-18,payment_status
CL3506,C102687,T1000004114,2025-11-22,payment_status
CL4352,C102687,T1000004114,2025-12-21,autopay
CL3507,C102688,T1000004115,2026-05-14,payment_status
CL3508,C102688,T1000004116,2026-03-21,payment_status
CL4353,C102691,T1000004120,2026-02-27,autopay
CL4695,C102691,T1000004120,2026-06-14,tax_consent
CL4354,C102694,T1000004123,2026-01-23,autopay
CL4355,C102694,T1000004124,2026-06-08,autopay
CL3509,C102700,T1000004133,2025-11-13,due_date_amount
CL3510,C102700,T1000004133,2026-01-23,payment_status
CL3511,C102700,T1000004133,2026-03-11,due_date_amount
CL4522,C102701,T1000004134,2025-11-27,loan_repayment
CL3512,C102701,T1000004135,2026-02-26,due_date_amount
CL4751,C102701,T1000004135,2026-02-28,loan_repayment
CL4696,C102704,T1000004139,2026-02-23,tax_consent
CL3513,C102705,T1000004140,2026-01-25,due_date_amount
CL3514,C102706,T1000004143,2025-12-31,payment_status
CL3515,C102706,T1000004143,2026-02-03,payment_status
CL3516,C102706,T1000004143,2026-04-21,due_date_amount
CL3517,C102706,T1000004143,2026-06-04,payment_status
CL3518,C102708,T1000004145,2026-01-02,payment_status
CL3519,C102708,T1000004145,2026-02-28,payment_status
CL3520,C102708,T1000004145,2026-03-24,due_date_amount
CL3521,C102709,T1000004147,2025-11-05,due_date_amount
CL3522,C102709,T1000004147,2026-03-01,due_date_amount
CL3523,C102709,T1000004147,2026-04-03,due_date_amount
CL3524,C102712,T1000004150,2025-11-01,due_date_amount
CL3525,C102712,T1000004150,2025-11-08,payment_status
CL3526,C102712,T1000004150,2026-01-31,due_date_amount
CL4356,C102713,T1000004151,2026-04-10,autopay
CL3527,C102714,T1000004152,2026-01-25,due_date_amount
CL3528,C102714,T1000004152,2026-04-08,payment_status
CL3529,C102717,T1000004155,2026-04-10,due_date_amount
CL3530,C102718,T1000004156,2026-03-15,due_date_amount
CL3531,C102718,T1000004156,2026-06-18,payment_status
CL3532,C102718,T1000004157,2026-06-21,due_date_amount
CL3533,C102719,T1000004158,2026-01-15,due_date_amount
CL3534,C102719,T1000004158,2026-01-24,payment_status
CL3535,C102719,T1000004159,2026-02-16,due_date_amount
CL3536,C102722,T1000004165,2025-11-16,due_date_amount
CL3537,C102722,T1000004165,2026-02-15,due_date_amount
CL3538,C102723,T1000004166,2026-04-18,due_date_amount
CL3539,C102725,T1000004168,2025-12-30,payment_status
CL3540,C102725,T1000004168,2026-06-29,payment_status
CL3541,C102726,T1000004169,2025-09-30,payment_status
CL3542,C102726,T1000004169,2025-10-20,due_date_amount
CL3543,C102726,T1000004169,2025-11-17,due_date_amount
CL3544,C102726,T1000004169,2026-05-19,due_date_amount
CL3545,C102727,T1000004171,2025-11-21,due_date_amount
CL3546,C102727,T1000004171,2026-01-18,due_date_amount
CL3547,C102727,T1000004172,2026-04-09,payment_status
CL4357,C102728,T1000004173,2026-04-24,autopay
CL3548,C102729,T1000004174,2025-10-31,due_date_amount
CL3549,C102730,T1000004176,2026-01-17,due_date_amount
CL3550,C102730,T1000004176,2026-04-23,payment_status
CL4758,C102730,T1000004176,2026-06-02,loan_repayment
CL3551,C102732,T1000004178,2026-01-13,due_date_amount
CL3552,C102733,T1000004179,2025-12-17,due_date_amount
CL4358,C102733,T1000004179,2026-01-19,autopay
CL3553,C102733,T1000004179,2026-01-20,payment_status
CL3554,C102734,T1000004180,2025-10-04,payment_status
CL3555,C102734,T1000004180,2025-11-04,payment_status
CL3556,C102734,T1000004180,2026-03-02,payment_status
CL3557,C102735,T1000004181,2025-10-11,due_date_amount
CL3558,C102735,T1000004181,2026-02-12,due_date_amount
CL3559,C102735,T1000004181,2026-03-10,due_date_amount
CL3560,C102735,T1000004181,2026-03-19,payment_status
CL3561,C102735,T1000004181,2026-05-12,due_date_amount
CL3562,C102735,T1000004181,2026-06-09,due_date_amount
CL3563,C102736,T1000004183,2026-03-06,due_date_amount
CL3564,C102736,T1000004183,2026-06-05,due_date_amount
CL4359,C102737,T1000004185,2026-02-15,autopay
CL3565,C102737,T1000004185,2026-03-08,due_date_amount
CL4697,C102738,T1000004188,2026-04-29,tax_consent
CL3566,C102740,T1000004191,2025-10-30,due_date_amount
CL4698,C102742,T1000004194,2026-02-22,tax_consent
CL4699,C102742,T1000004194,2026-03-16,tax_consent
CL3567,C102743,T1000004195,2025-10-16,payment_status
CL3568,C102743,T1000004195,2025-11-05,due_date_amount
CL3569,C102746,T1000004198,2026-03-16,payment_status
CL4360,C102747,T1000004199,2026-01-19,autopay
CL3570,C102748,T1000004201,2026-02-26,payment_status
CL4700,C102749,T1000004202,2026-03-11,tax_consent
CL3571,C102749,T1000004203,2026-03-17,due_date_amount
CL3572,C102749,T1000004203,2026-04-22,payment_status
CL3573,C102750,T1000004204,2026-06-16,due_date_amount
CL4854,C102751,T1000004205,2025-11-22,tax_consent
CL3574,C102753,T1000004207,2025-12-01,payment_status
CL4701,C102755,T1000004209,2025-11-27,tax_consent
CL4361,C102755,T1000004210,2026-04-09,autopay
CL4702,C102756,T1000004211,2026-02-02,tax_consent
CL3575,C102756,T1000004211,2026-05-23,payment_status
CL4362,C102756,T1000004211,2026-05-24,autopay
CL3576,C102757,T1000004212,2026-02-12,due_date_amount
CL3577,C102757,T1000004212,2026-02-19,payment_status
CL3578,C102758,T1000004214,2025-10-26,due_date_amount
CL3579,C102759,T1000004216,2025-12-14,due_date_amount
CL3580,C102759,T1000004216,2026-03-14,due_date_amount
CL3581,C102760,T1000004217,2025-10-04,due_date_amount
CL3582,C102760,T1000004217,2026-03-31,due_date_amount
CL3583,C102760,T1000004217,2026-06-08,payment_status
CL3584,C102760,T1000004218,2025-11-21,due_date_amount
CL3585,C102760,T1000004218,2025-12-19,due_date_amount
CL3586,C102761,T1000004220,2026-01-11,due_date_amount
CL4824,C102761,T1000004220,2026-02-26,loan_repayment
CL3587,C102761,T1000004220,2026-04-25,payment_status
CL3588,C102764,T1000004225,2025-10-23,payment_status
CL3589,C102764,T1000004225,2026-04-26,payment_status
CL3590,C102765,T1000004226,2025-10-02,due_date_amount
CL3591,C102765,T1000004226,2025-11-27,due_date_amount
CL3592,C102765,T1000004226,2026-03-27,due_date_amount
CL4363,C102766,T1000004227,2026-06-12,autopay
CL3593,C102767,T1000004228,2025-12-16,due_date_amount
CL3594,C102767,T1000004228,2025-12-21,payment_status
CL3595,C102767,T1000004228,2026-01-16,due_date_amount
CL3596,C102767,T1000004228,2026-04-21,payment_status
CL3597,C102767,T1000004229,2025-10-25,due_date_amount
CL4364,C102767,T1000004229,2026-04-02,autopay
CL3598,C102767,T1000004229,2026-05-02,payment_status
CL3599,C102767,T1000004230,2026-04-27,due_date_amount
CL3600,C102767,T1000004230,2026-05-04,payment_status
CL3601,C102768,T1000004231,2026-05-02,due_date_amount
CL3602,C102768,T1000004232,2026-06-19,due_date_amount
CL3603,C102769,T1000004233,2026-03-04,payment_status
CL3604,C102769,T1000004233,2026-04-27,due_date_amount
CL3605,C102769,T1000004234,2025-12-12,payment_status
CL3606,C102770,T1000004235,2025-10-20,payment_status
CL3607,C102770,T1000004235,2025-11-20,payment_status
CL3608,C102770,T1000004235,2026-02-12,due_date_amount
CL4703,C102770,T1000004235,2026-04-06,tax_consent
CL3609,C102772,T1000004238,2026-01-31,due_date_amount
CL3610,C102772,T1000004238,2026-03-03,due_date_amount
CL3611,C102772,T1000004238,2026-03-13,payment_status
CL3612,C102774,T1000004240,2025-10-14,due_date_amount
CL4704,C102774,T1000004240,2026-02-16,tax_consent
CL3613,C102775,T1000004241,2025-12-01,payment_status
CL3614,C102775,T1000004241,2026-04-27,due_date_amount
CL4833,C102775,T1000004241,2026-06-22,loan_repayment
CL3615,C102776,T1000004242,2026-06-06,payment_status
CL3616,C102777,T1000004243,2025-11-07,payment_status
CL4365,C102778,T1000004245,2026-02-28,autopay
CL4705,C102778,T1000004245,2026-03-03,tax_consent
CL3617,C102779,T1000004246,2025-12-22,due_date_amount
CL3618,C102779,T1000004246,2026-03-26,due_date_amount
CL3619,C102779,T1000004246,2026-04-23,due_date_amount
CL3620,C102779,T1000004246,2026-05-25,due_date_amount
CL3621,C102780,T1000004248,2026-01-16,due_date_amount
CL4366,C102781,T1000004251,2025-11-20,autopay
CL3622,C102781,T1000004251,2026-02-12,due_date_amount
CL4367,C102784,T1000004257,2026-06-25,autopay
CL3623,C102787,T1000004260,2025-12-22,payment_status
CL3624,C102787,T1000004260,2026-01-11,due_date_amount
CL3625,C102787,T1000004260,2026-03-21,payment_status
CL4817,C102788,T1000004261,2025-12-16,tax_consent
CL3626,C102788,T1000004261,2026-01-10,due_date_amount
CL3627,C102788,T1000004261,2026-04-10,due_date_amount
CL3628,C102788,T1000004262,2025-12-03,due_date_amount
CL4523,C102788,T1000004262,2026-05-01,loan_repayment
CL3629,C102788,T1000004262,2026-05-08,payment_status
CL3630,C102788,T1000004263,2025-11-12,due_date_amount
CL3631,C102788,T1000004263,2026-04-18,payment_status
CL3632,C102788,T1000004263,2026-06-10,due_date_amount
CL4706,C102790,T1000004266,2026-04-07,tax_consent
CL4772,C102791,T1000004267,2026-02-27,due_date_amount
CL3633,C102791,T1000004267,2026-03-24,due_date_amount
CL3634,C102795,T1000004272,2025-11-14,payment_status
CL3635,C102795,T1000004272,2026-01-04,due_date_amount
CL3636,C102795,T1000004272,2026-02-01,due_date_amount
CL4368,C102796,T1000004273,2026-01-01,autopay
CL3637,C102796,T1000004273,2026-04-28,due_date_amount
CL4369,C102797,T1000004275,2026-05-05,autopay
CL3638,C102800,T1000004279,2025-10-23,due_date_amount
CL3639,C102800,T1000004279,2025-12-24,due_date_amount
CL3640,C102800,T1000004279,2026-01-27,payment_status
CL3641,C102800,T1000004279,2026-05-02,payment_status
CL3642,C102800,T1000004279,2026-06-21,due_date_amount
CL3643,C102802,T1000004282,2026-01-15,due_date_amount
CL3644,C102803,T1000004283,2026-01-22,payment_status
CL4370,C102803,T1000004283,2026-03-22,autopay
CL3645,C102804,T1000004285,2025-10-24,due_date_amount
CL3646,C102804,T1000004285,2026-02-03,payment_status
CL3647,C102805,T1000004287,2026-02-04,payment_status
CL3648,C102805,T1000004287,2026-04-03,payment_status
CL3649,C102805,T1000004287,2026-04-25,due_date_amount
CL3650,C102805,T1000004288,2025-10-25,payment_status
CL3651,C102805,T1000004288,2026-01-14,due_date_amount
CL3652,C102805,T1000004288,2026-02-22,payment_status
CL3653,C102805,T1000004288,2026-06-21,payment_status
CL3654,C102806,T1000004289,2026-04-14,payment_status
CL4371,C102806,T1000004289,2026-04-16,autopay
CL3655,C102808,T1000004291,2026-06-27,payment_status
CL4372,C102808,T1000004291,2026-06-30,autopay
CL3656,C102808,T1000004292,2025-12-10,due_date_amount
CL3657,C102810,T1000004294,2026-03-11,due_date_amount
CL3658,C102812,T1000004296,2026-05-31,due_date_amount
CL3659,C102812,T1000004296,2026-06-10,payment_status
CL4373,C102813,T1000004298,2026-01-15,autopay
CL3660,C102814,T1000004300,2025-10-22,due_date_amount
CL3661,C102814,T1000004300,2026-02-20,due_date_amount
CL3662,C102814,T1000004302,2025-11-13,due_date_amount
CL4374,C102815,T1000004303,2025-10-28,autopay
CL4375,C102815,T1000004303,2026-06-25,autopay
CL4707,C102818,T1000004306,2025-12-14,tax_consent
CL3663,C102819,T1000004308,2025-10-12,due_date_amount
CL3664,C102819,T1000004308,2025-10-19,payment_status
CL4524,C102819,T1000004308,2026-03-25,loan_repayment
CL3665,C102819,T1000004308,2026-04-18,payment_status
CL3666,C102820,T1000004310,2025-12-06,payment_status
CL4525,C102820,T1000004311,2026-03-30,loan_repayment
CL3667,C102821,T1000004312,2026-02-05,payment_status
CL3668,C102822,T1000004313,2026-05-05,payment_status
CL3669,C102824,T1000004317,2026-02-03,due_date_amount
CL3670,C102825,T1000004318,2025-12-14,due_date_amount
CL3671,C102825,T1000004318,2025-12-18,payment_status
CL3672,C102825,T1000004318,2026-03-11,due_date_amount
CL3673,C102825,T1000004318,2026-06-09,due_date_amount
CL3674,C102825,T1000004319,2026-04-18,due_date_amount
CL3675,C102828,T1000004323,2025-10-06,due_date_amount
CL3676,C102828,T1000004324,2025-11-23,due_date_amount
CL4376,C102829,T1000004325,2025-12-29,autopay
CL4377,C102830,T1000004326,2025-11-12,autopay
CL3677,C102830,T1000004326,2025-11-15,payment_status
CL3678,C102830,T1000004326,2026-01-05,due_date_amount
CL4378,C102830,T1000004326,2026-04-13,autopay
CL4708,C102830,T1000004326,2026-04-27,tax_consent
CL3679,C102831,T1000004327,2025-11-18,due_date_amount
CL3680,C102832,T1000004332,2025-12-19,payment_status
CL3681,C102832,T1000004332,2026-01-19,payment_status
CL3682,C102833,T1000004334,2025-10-11,due_date_amount
CL3683,C102833,T1000004334,2026-05-08,due_date_amount
CL3684,C102833,T1000004334,2026-06-07,due_date_amount
CL3685,C102834,T1000004335,2026-02-10,payment_status
CL3686,C102834,T1000004335,2026-05-11,payment_status
CL3687,C102834,T1000004336,2026-03-30,due_date_amount
CL3688,C102834,T1000004336,2026-04-10,payment_status
CL3689,C102834,T1000004336,2026-04-29,due_date_amount
CL4379,C102834,T1000004337,2025-11-11,autopay
CL4709,C102834,T1000004337,2026-01-16,tax_consent
CL4380,C102834,T1000004337,2026-03-10,autopay
CL3690,C102836,T1000004339,2026-01-19,due_date_amount
CL4710,C102839,T1000004342,2026-03-08,tax_consent
CL3691,C102840,T1000004344,2026-06-08,payment_status
CL3692,C102842,T1000004346,2026-04-25,payment_status
CL3693,C102843,T1000004347,2025-10-06,payment_status
CL3694,C102843,T1000004347,2026-01-29,due_date_amount
CL3695,C102845,T1000004352,2026-03-08,due_date_amount
CL3696,C102845,T1000004352,2026-06-08,due_date_amount
CL3697,C102846,T1000004354,2026-06-17,payment_status
CL4381,C102847,T1000004355,2025-10-02,autopay
CL3698,C102847,T1000004355,2025-10-23,due_date_amount
CL4382,C102847,T1000004355,2025-10-29,autopay
CL3699,C102847,T1000004355,2026-01-28,payment_status
CL4383,C102847,T1000004356,2026-06-01,autopay
CL3700,C102848,T1000004357,2025-11-01,payment_status
CL3701,C102848,T1000004357,2026-01-23,due_date_amount
CL3702,C102848,T1000004357,2026-04-24,due_date_amount
CL3703,C102848,T1000004357,2026-06-23,due_date_amount
CL3704,C102848,T1000004357,2026-06-28,payment_status
CL3705,C102850,T1000004359,2026-04-26,due_date_amount
CL3706,C102850,T1000004359,2026-06-03,payment_status
CL3707,C102851,T1000004361,2025-10-13,payment_status
CL3708,C102852,T1000004363,2026-03-23,payment_status
CL3709,C102854,T1000004365,2025-11-23,due_date_amount
CL4384,C102856,T1000004367,2025-12-21,autopay
CL4385,C102856,T1000004367,2026-04-23,autopay
CL3710,C102857,T1000004368,2025-12-31,due_date_amount
CL3711,C102857,T1000004368,2026-03-07,payment_status
CL4386,C102858,T1000004369,2026-05-17,autopay
CL3712,C102859,T1000004370,2025-10-02,due_date_amount
CL3713,C102859,T1000004370,2025-12-06,payment_status
CL3714,C102859,T1000004370,2026-02-03,payment_status
CL3715,C102859,T1000004370,2026-03-03,payment_status
CL3716,C102861,T1000004373,2026-03-07,due_date_amount
CL4711,C102862,T1000004375,2025-11-01,tax_consent
CL3717,C102869,T1000004384,2026-06-15,due_date_amount
CL4387,C102870,T1000004386,2026-03-26,autopay
CL3718,C102870,T1000004386,2026-03-29,payment_status
CL3719,C102874,T1000004390,2026-02-25,due_date_amount
CL3720,C102876,T1000004392,2025-11-10,payment_status
CL3721,C102876,T1000004392,2026-05-04,due_date_amount
CL3722,C102878,T1000004394,2026-02-19,due_date_amount
CL3723,C102878,T1000004394,2026-03-01,payment_status
CL3724,C102878,T1000004394,2026-04-19,due_date_amount
CL3725,C102879,T1000004395,2026-06-02,due_date_amount
CL3726,C102879,T1000004396,2026-01-03,payment_status
CL3727,C102881,T1000004399,2026-03-29,payment_status
CL3728,C102881,T1000004399,2026-06-26,payment_status
CL3729,C102882,T1000004400,2025-10-20,due_date_amount
CL3730,C102882,T1000004400,2025-11-21,due_date_amount
CL3731,C102882,T1000004400,2025-11-26,payment_status
CL3732,C102882,T1000004400,2025-12-24,payment_status
CL3733,C102882,T1000004400,2026-04-17,due_date_amount
CL4526,C102883,T1000004401,2026-03-25,loan_repayment
CL3734,C102885,T1000004404,2025-11-29,payment_status
CL3735,C102885,T1000004404,2026-01-19,due_date_amount
CL3736,C102885,T1000004404,2026-05-26,payment_status
CL3737,C102887,T1000004406,2025-12-04,due_date_amount
CL3738,C102887,T1000004406,2026-02-07,payment_status
CL3739,C102889,T1000004410,2026-01-08,due_date_amount
CL3740,C102889,T1000004410,2026-03-18,payment_status
CL4712,C102890,T1000004411,2026-02-04,tax_consent
CL3741,C102891,T1000004413,2025-10-17,due_date_amount
CL3742,C102891,T1000004414,2025-10-28,due_date_amount
CL3743,C102891,T1000004414,2026-04-28,due_date_amount
CL4388,C102891,T1000004415,2025-11-21,autopay
CL4389,C102891,T1000004415,2026-03-20,autopay
CL3744,C102891,T1000004415,2026-03-21,payment_status
CL3745,C102891,T1000004415,2026-05-10,due_date_amount
CL4390,C102891,T1000004415,2026-05-19,autopay
CL4391,C102891,T1000004415,2026-05-21,autopay
CL3746,C102892,T1000004416,2025-11-02,payment_status
CL4392,C102892,T1000004416,2025-11-03,autopay
CL4393,C102892,T1000004416,2026-06-30,autopay
CL3747,C102893,T1000004417,2026-01-26,payment_status
CL3748,C102893,T1000004417,2026-02-24,payment_status
CL3749,C102893,T1000004417,2026-03-22,due_date_amount
CL3750,C102893,T1000004417,2026-05-26,payment_status
CL3751,C102894,T1000004418,2026-03-11,due_date_amount
CL3752,C102894,T1000004418,2026-04-07,due_date_amount
CL3753,C102896,T1000004420,2025-11-13,due_date_amount
CL3754,C102896,T1000004420,2026-02-17,payment_status
CL3755,C102896,T1000004420,2026-04-20,payment_status
CL3756,C102897,T1000004421,2026-06-29,payment_status
CL3757,C102898,T1000004422,2026-04-08,due_date_amount
CL3758,C102898,T1000004422,2026-04-17,payment_status
CL3759,C102899,T1000004424,2026-03-21,due_date_amount
CL3760,C102900,T1000004427,2025-12-11,payment_status
CL3761,C102900,T1000004427,2026-05-04,due_date_amount
CL3762,C102900,T1000004428,2026-02-10,due_date_amount
CL3763,C102900,T1000004428,2026-06-14,payment_status
CL4394,C102901,T1000004429,2025-11-16,autopay
CL3764,C102904,T1000004433,2025-10-02,payment_status
CL3765,C102905,T1000004434,2026-04-07,due_date_amount
CL3766,C102907,T1000004436,2025-10-15,due_date_amount
CL3767,C102907,T1000004436,2025-12-20,payment_status
CL3768,C102907,T1000004436,2026-04-16,due_date_amount
CL3769,C102907,T1000004436,2026-05-09,due_date_amount
CL3770,C102907,T1000004436,2026-06-08,due_date_amount
CL3771,C102907,T1000004436,2026-06-17,payment_status
CL3772,C102907,T1000004437,2026-03-27,due_date_amount
CL3773,C102910,T1000004440,2026-01-28,payment_status
CL4713,C102911,T1000004441,2026-02-22,tax_consent
CL3774,C102912,T1000004445,2025-11-10,due_date_amount
CL3775,C102912,T1000004445,2025-11-20,payment_status
CL3776,C102912,T1000004445,2025-12-18,payment_status
CL3777,C102912,T1000004445,2026-06-09,due_date_amount
CL3778,C102913,T1000004446,2025-11-25,due_date_amount
CL3779,C102913,T1000004446,2026-03-05,payment_status
CL4714,C102914,T1000004447,2026-04-27,tax_consent
CL3780,C102915,T1000004449,2026-01-07,due_date_amount
CL3781,C102915,T1000004449,2026-01-15,payment_status
CL3782,C102915,T1000004449,2026-04-07,due_date_amount
CL3783,C102915,T1000004449,2026-06-05,due_date_amount
CL3784,C102915,T1000004450,2025-10-17,due_date_amount
CL3785,C102915,T1000004450,2025-10-29,payment_status
CL3786,C102917,T1000004452,2026-01-08,due_date_amount
CL3787,C102917,T1000004453,2025-12-24,payment_status
CL4527,C102918,T1000004455,2026-04-28,loan_repayment
CL4395,C102920,T1000004458,2026-04-28,autopay
CL4396,C102921,T1000004461,2025-10-01,autopay
CL4397,C102921,T1000004461,2025-10-04,autopay
CL3788,C102921,T1000004461,2026-01-01,payment_status
CL3789,C102923,T1000004463,2025-10-27,due_date_amount
CL3790,C102925,T1000004465,2026-03-01,due_date_amount
CL4398,C102927,T1000004467,2025-10-08,autopay
CL4399,C102927,T1000004468,2026-04-02,autopay
CL4400,C102927,T1000004468,2026-05-31,autopay
CL3791,C102928,T1000004470,2026-01-25,due_date_amount
CL4401,C102930,T1000004473,2026-02-06,autopay
CL4402,C102930,T1000004473,2026-02-08,autopay
CL4528,C102931,T1000004475,2025-11-30,loan_repayment
CL4529,C102931,T1000004475,2026-04-28,loan_repayment
CL4715,C102932,T1000004477,2025-11-27,tax_consent
CL4403,C102932,T1000004477,2026-05-12,autopay
CL3792,C102932,T1000004477,2026-05-13,payment_status
CL3793,C102935,T1000004483,2025-11-09,due_date_amount
CL3794,C102935,T1000004483,2026-03-18,payment_status
CL3795,C102935,T1000004483,2026-06-18,payment_status
CL3796,C102935,T1000004484,2025-11-27,payment_status
CL4404,C102935,T1000004484,2026-02-24,autopay
CL3797,C102937,T1000004487,2026-05-24,payment_status
CL3798,C102939,T1000004490,2025-12-14,due_date_amount
CL3799,C102939,T1000004490,2026-06-10,due_date_amount
CL3800,C102939,T1000004490,2026-06-20,payment_status
CL3801,C102940,T1000004491,2025-10-16,due_date_amount
CL4842,C102942,T1000004493,2025-11-04,autopay
CL4530,C102943,T1000004494,2026-06-26,loan_repayment
CL3802,C102944,T1000004495,2025-11-11,due_date_amount
CL3803,C102945,T1000004496,2026-01-01,due_date_amount
CL3804,C102945,T1000004496,2026-02-26,due_date_amount
CL4804,C102945,T1000004497,2026-01-15,loan_repayment
CL3805,C102951,T1000004505,2025-12-05,due_date_amount
CL3806,C102953,T1000004509,2025-12-04,payment_status
CL3807,C102953,T1000004509,2025-12-27,due_date_amount
CL3808,C102960,T1000004517,2025-10-06,payment_status
CL3809,C102960,T1000004517,2025-10-26,due_date_amount
CL3810,C102960,T1000004517,2025-12-02,payment_status
CL3811,C102960,T1000004517,2026-04-01,payment_status
CL3812,C102960,T1000004517,2026-05-23,due_date_amount
CL3813,C102960,T1000004517,2026-06-27,payment_status
CL3814,C102960,T1000004518,2026-01-31,due_date_amount
CL3815,C102963,T1000004522,2026-01-13,due_date_amount
CL3816,C102963,T1000004523,2025-10-25,payment_status
CL4405,C102964,T1000004524,2025-11-10,autopay
CL3817,C102964,T1000004524,2026-03-12,payment_status
CL4406,C102965,T1000004526,2026-01-19,autopay
CL4813,C102965,T1000004527,2026-05-01,tax_consent
CL4531,C102966,T1000004529,2025-10-30,loan_repayment
CL4532,C102966,T1000004529,2025-12-29,loan_repayment
CL3818,C102967,T1000004530,2026-02-14,due_date_amount
CL4407,C102968,T1000004532,2026-01-28,autopay
CL3819,C102968,T1000004532,2026-04-24,due_date_amount
CL4408,C102968,T1000004532,2026-05-29,autopay
CL3820,C102971,T1000004537,2025-11-26,payment_status
CL3821,C102976,T1000004543,2025-12-14,due_date_amount
CL3822,C102976,T1000004543,2026-05-17,due_date_amount
CL3823,C102977,T1000004544,2025-12-13,due_date_amount
CL3824,C102977,T1000004544,2026-02-10,due_date_amount
CL3825,C102977,T1000004544,2026-04-10,due_date_amount
CL3826,C102978,T1000004545,2025-10-31,due_date_amount
CL3827,C102978,T1000004545,2025-11-30,due_date_amount
CL3828,C102978,T1000004545,2025-12-27,due_date_amount
CL3829,C102978,T1000004545,2026-01-30,due_date_amount
CL3830,C102978,T1000004545,2026-03-29,due_date_amount
CL3831,C102978,T1000004545,2026-05-24,due_date_amount
CL3832,C102978,T1000004545,2026-06-25,due_date_amount
CL3833,C102980,T1000004547,2026-06-05,due_date_amount
CL3834,C102982,T1000004549,2026-05-12,due_date_amount
CL3835,C102983,T1000004550,2026-05-02,due_date_amount
CL3836,C102983,T1000004551,2025-11-06,payment_status
CL3837,C102986,T1000004556,2026-05-31,due_date_amount
CL3838,C102986,T1000004556,2026-06-30,due_date_amount
CL3839,C102989,T1000004559,2026-05-08,due_date_amount
CL4409,C102990,T1000004561,2026-05-24,autopay
CL3840,C102991,T1000004562,2025-11-02,due_date_amount
CL3841,C102991,T1000004562,2026-04-13,payment_status
CL3842,C102991,T1000004562,2026-06-04,due_date_amount
CL3843,C102992,T1000004564,2026-01-23,payment_status
CL3844,C102992,T1000004564,2026-03-24,payment_status
CL3845,C102992,T1000004564,2026-04-15,due_date_amount
CL3846,C102992,T1000004564,2026-05-15,due_date_amount
CL3847,C102992,T1000004564,2026-06-19,payment_status
CL4753,C102992,T1000004564,2026-06-28,due_date_amount
CL4410,C102993,T1000004565,2025-10-16,autopay
CL3848,C102993,T1000004566,2025-10-03,due_date_amount
CL3849,C102993,T1000004566,2026-02-01,due_date_amount
CL3850,C102995,T1000004569,2025-11-10,due_date_amount
CL3851,C102995,T1000004569,2025-12-09,due_date_amount
CL3852,C102995,T1000004569,2026-02-10,payment_status
CL3853,C102995,T1000004569,2026-03-06,due_date_amount
CL3854,C102995,T1000004569,2026-05-05,due_date_amount
CL3855,C102997,T1000004573,2026-01-19,due_date_amount
CL3856,C102998,T1000004574,2026-04-05,payment_status
