policy_no,customer_id,product_type,premium_amount,premium_frequency,policy_start_date,autopay_enrolled,autopay_method,requires_tax_consent,has_loan
T1000000001,C100000,Personal Accident,600,semi-annual,2020-10-21,True,bank_debit,True,False
T1000000002,C100001,Whole Life,7750,annual,2022-11-27,False,,False,False
T1000000003,C100002,Personal Accident,450,semi-annual,2022-02-06,True,bank_debit,True,False
T1000000004,C100003,Personal Accident,400,semi-annual,2024-09-24,False,,False,False
T1000000005,C100003,Unit Linked,7850,monthly,2022-07-19,False,,False,False
T1000000006,C100003,Term Life,650,quarterly,2023-12-15,True,bank_debit,True,False
T1000000007,C100004,Unit Linked,18800,semi-annual,2021-06-06,False,,False,False
T1000000008,C100005,Health Rider,300,monthly,2023-07-22,True,credit_card,False,False
T1000000009,C100005,Whole Life,7100,semi-annual,2023-04-22,False,,False,False
T1000000010,C100006,Health Rider,900,monthly,2016-05-17,True,bank_debit,True,False
T1000000011,C100007,Endowment,10450,annual,2016-01-10,True,bank_debit,True,False
T1000000012,C100007,Term Life,1450,monthly,2019-03-25,False,,False,False
T1000000013,C100008,Whole Life,11550,semi-annual,2024-06-18,True,credit_card,False,False
T1000000014,C100009,Unit Linked,13850,annual,2021-11-24,True,bank_debit,True,False
T1000000015,C100009,Health Rider,500,monthly,2022-09-04,False,,False,False
T1000000016,C100009,Term Life,1200,annual,2024-01-16,False,,False,False
T1000000017,C100010,Personal Accident,550,semi-annual,2023-08-07,True,credit_card,False,False
T1000000018,C100011,Health Rider,1250,quarterly,2021-08-29,False,,False,False
T1000000019,C100011,Term Life,1300,annual,2024-12-22,True,bank_debit,True,False
T1000000020,C100012,Term Life,2050,monthly,2022-09-29,True,bank_debit,True,False
T1000000021,C100013,Whole Life,4250,annual,2019-06-19,True,bank_debit,True,True
T1000000022,C100014,Term Life,1500,annual,2019-10-23,False,,False,False
T1000000023,C100014,Health Rider,1900,monthly,2019-02-24,True,credit_card,False,False
T1000000024,C100014,Unit Linked,7050,quarterly,2020-09-12,False,,False,False
T1000000025,C100015,Whole Life,11150,monthly,2021-04-04,True,bank_debit,True,False
T1000000026,C100015,Personal Accident,700,monthly,2021-02-18,True,bank_debit,True,False
T1000000027,C100016,Term Life,2450,annual,2017-12-05,True,bank_debit,True,False
T1000000028,C100016,Health Rider,800,quarterly,2017-07-21,True,bank_debit,True,False
T1000000029,C100017,Health Rider,1400,annual,2020-09-18,True,credit_card,False,False
T1000000030,C100017,Personal Accident,600,quarterly,2022-07-24,True,credit_card,False,False
T1000000031,C100018,Unit Linked,19250,monthly,2019-08-01,False,,False,False
T1000000032,C100018,Health Rider,1400,annual,2022-04-03,False,,False,False
T1000000033,C100018,Endowment,9450,annual,2019-04-12,False,,True,False
T1000000034,C100019,Health Rider,1950,annual,2023-07-08,False,,False,False
T1000000035,C100020,Personal Accident,650,monthly,2017-01-10,False,,False,False
T1000000036,C100021,Whole Life,11550,annual,2024-04-19,True,credit_card,False,False
T1000000037,C100022,Term Life,600,quarterly,2021-12-24,True,bank_debit,True,False
T1000000038,C100022,Unit Linked,7900,monthly,2020-05-29,False,,False,False
T1000000039,C100022,Term Life,2300,annual,2019-07-05,False,,True,False
T1000000040,C100023,Endowment,5900,monthly,2020-09-20,True,bank_debit,True,False
T1000000041,C100024,Unit Linked,6550,annual,2019-07-31,True,bank_debit,True,False
T1000000042,C100025,Endowment,10350,monthly,2023-05-08,True,credit_card,True,False
T1000000043,C100026,Personal Accident,250,annual,2022-07-18,True,bank_debit,True,False
T1000000044,C100027,Unit Linked,13500,quarterly,2023-11-20,False,,False,False
T1000000045,C100028,Unit Linked,4550,monthly,2019-08-23,False,,False,False
T1000000046,C100029,Whole Life,6600,monthly,2024-08-10,False,,False,False
T1000000047,C100030,Term Life,600,semi-annual,2022-01-07,True,bank_debit,True,False
T1000000048,C100030,Personal Accident,850,quarterly,2022-10-30,False,,False,False
T1000000049,C100031,Personal Accident,250,monthly,2025-12-07,False,,False,False
T1000000050,C100032,Whole Life,14650,annual,2023-02-12,True,credit_card,True,False
T1000000051,C100033,Health Rider,700,annual,2021-12-31,False,,False,False
T1000000052,C100034,Whole Life,6700,semi-annual,2025-07-17,False,,False,False
T1000000053,C100035,Whole Life,8750,semi-annual,2019-01-04,False,,False,False
T1000000054,C100036,Unit Linked,12750,quarterly,2025-01-22,True,credit_card,False,False
T1000000055,C100037,Health Rider,1700,quarterly,2017-05-28,False,,False,False
T1000000056,C100038,Health Rider,2000,monthly,2024-06-30,False,,False,False
T1000000057,C100038,Unit Linked,12950,annual,2025-01-09,True,credit_card,False,False
T1000000058,C100039,Term Life,550,monthly,2018-05-10,True,credit_card,False,False
T1000000059,C100040,Health Rider,1750,monthly,2023-11-11,False,,False,False
T1000000060,C100041,Term Life,900,semi-annual,2024-10-09,True,bank_debit,True,False
T1000000061,C100042,Health Rider,750,semi-annual,2024-04-17,True,bank_debit,True,False
T1000000062,C100043,Whole Life,6300,annual,2023-05-20,False,,False,False
T1000000063,C100044,Term Life,2000,annual,2024-03-05,True,credit_card,False,False
T1000000064,C100045,Unit Linked,16950,monthly,2020-07-29,True,credit_card,False,False
T1000000065,C100046,Health Rider,1950,annual,2023-02-26,True,bank_debit,True,False
T1000000066,C100047,Term Life,2050,quarterly,2023-02-10,False,,True,False
T1000000067,C100047,Endowment,11950,monthly,2024-03-17,True,credit_card,False,False
T1000000068,C100048,Unit Linked,3700,monthly,2020-05-11,False,,False,False
T1000000069,C100049,Endowment,11850,quarterly,2015-09-01,True,bank_debit,True,False
T1000000070,C100050,Health Rider,1550,quarterly,2023-11-08,True,bank_debit,True,False
T1000000071,C100051,Health Rider,800,monthly,2022-12-16,True,credit_card,False,False
T1000000072,C100052,Personal Accident,750,quarterly,2022-12-05,False,,False,False
T1000000073,C100052,Whole Life,13800,monthly,2023-06-12,True,credit_card,False,False
T1000000074,C100053,Term Life,650,quarterly,2025-11-27,False,,False,False
T1000000075,C100054,Personal Accident,750,annual,2023-08-11,True,credit_card,True,False
T1000000076,C100055,Whole Life,6750,semi-annual,2019-03-04,True,credit_card,False,True
T1000000077,C100055,Whole Life,9600,quarterly,2022-09-18,True,credit_card,False,True
T1000000078,C100055,Health Rider,1400,quarterly,2024-02-12,False,,False,False
T1000000079,C100056,Term Life,2650,annual,2021-02-26,False,,False,False
T1000000080,C100057,Health Rider,850,annual,2022-04-13,True,bank_debit,True,False
T1000000081,C100058,Health Rider,1150,annual,2023-07-16,True,credit_card,False,False
T1000000082,C100058,Health Rider,1950,semi-annual,2020-03-28,False,,False,False
T1000000083,C100059,Health Rider,1650,monthly,2024-03-04,True,credit_card,False,False
T1000000084,C100059,Personal Accident,300,annual,2025-05-04,False,,False,False
T1000000085,C100059,Term Life,1350,semi-annual,2024-04-29,False,,False,False
T1000000086,C100060,Health Rider,1000,monthly,2022-07-16,False,,False,False
T1000000087,C100061,Whole Life,13850,annual,2020-10-17,False,,False,False
T1000000088,C100061,Endowment,8750,annual,2020-05-13,True,credit_card,False,False
T1000000089,C100062,Personal Accident,800,annual,2022-03-09,True,credit_card,False,False
T1000000090,C100063,Health Rider,1800,annual,2015-07-21,False,,False,False
T1000000091,C100063,Term Life,800,annual,2016-11-26,False,,False,False
T1000000092,C100064,Unit Linked,10750,annual,2016-07-26,True,credit_card,False,False
T1000000093,C100065,Whole Life,10200,semi-annual,2024-01-06,True,bank_debit,True,False
T1000000094,C100065,Whole Life,7500,quarterly,2018-04-28,True,bank_debit,True,True
T1000000095,C100066,Whole Life,11750,quarterly,2021-01-05,False,,False,True
T1000000096,C100067,Endowment,10650,semi-annual,2025-05-02,True,credit_card,True,False
T1000000097,C100068,Term Life,2400,semi-annual,2024-08-03,True,credit_card,False,False
T1000000098,C100069,Term Life,950,monthly,2018-11-18,True,bank_debit,True,False
T1000000099,C100069,Health Rider,400,semi-annual,2022-03-04,False,,False,False
T1000000100,C100070,Health Rider,1000,annual,2024-01-13,True,bank_debit,True,False
T1000000101,C100070,Whole Life,5250,monthly,2023-05-15,False,,False,False
T1000000102,C100071,Personal Accident,750,quarterly,2018-08-02,False,,False,False
T1000000103,C100071,Endowment,5200,annual,2023-02-20,True,bank_debit,True,False
T1000000104,C100072,Term Life,1450,annual,2024-10-28,False,,False,False
T1000000105,C100072,Unit Linked,5700,monthly,2024-01-14,False,,False,False
T1000000106,C100072,Personal Accident,850,monthly,2024-06-30,False,,False,False
T1000000107,C100073,Whole Life,4900,quarterly,2022-02-10,True,credit_card,False,True
T1000000108,C100074,Unit Linked,4050,monthly,2016-10-01,False,,False,False
T1000000109,C100074,Health Rider,1800,semi-annual,2015-01-25,True,bank_debit,True,False
T1000000110,C100075,Health Rider,1150,monthly,2024-01-18,True,bank_debit,True,False
T1000000111,C100076,Endowment,11750,monthly,2025-09-29,True,bank_debit,True,False
T1000000112,C100076,Personal Accident,350,monthly,2025-09-29,True,bank_debit,True,False
T1000000113,C100076,Personal Accident,500,semi-annual,2025-11-29,True,bank_debit,True,False
T1000000114,C100077,Health Rider,800,annual,2023-07-12,False,,False,False
T1000000115,C100077,Unit Linked,15450,monthly,2023-05-11,False,,False,False
T1000000116,C100078,Personal Accident,200,monthly,2020-04-17,False,,False,False
T1000000117,C100079,Whole Life,10100,annual,2019-03-23,True,credit_card,False,False
T1000000118,C100080,Endowment,8450,monthly,2025-11-19,False,,False,False
T1000000119,C100080,Unit Linked,15050,semi-annual,2025-11-05,True,bank_debit,True,False
T1000000120,C100081,Term Life,2850,monthly,2017-03-16,False,,False,False
T1000000121,C100081,Endowment,11400,semi-annual,2018-12-20,False,,False,False
T1000000122,C100082,Unit Linked,16600,annual,2020-12-09,True,bank_debit,True,False
T1000000123,C100082,Health Rider,1350,annual,2022-04-19,False,,False,False
T1000000124,C100083,Health Rider,950,monthly,2022-12-05,False,,False,False
T1000000125,C100084,Unit Linked,6450,quarterly,2022-07-14,True,credit_card,False,False
T1000000126,C100085,Health Rider,1100,monthly,2023-12-13,True,credit_card,False,False
T1000000127,C100085,Health Rider,1600,annual,2022-07-21,False,,False,False
T1000000128,C100085,Term Life,700,semi-annual,2022-09-27,True,credit_card,True,False
T1000000129,C100086,Health Rider,1950,monthly,2022-05-18,False,,False,False
T1000000130,C100086,Personal Accident,700,quarterly,2023-02-12,True,bank_debit,True,False
T1000000131,C100087,Whole Life,6900,annual,2018-03-02,False,,False,False
T1000000132,C100088,Unit Linked,6000,quarterly,2019-02-22,False,,False,False
T1000000133,C100089,Health Rider,1800,semi-annual,2021-01-08,True,credit_card,True,False
T1000000134,C100089,Whole Life,14700,annual,2015-04-30,True,bank_debit,True,False
T1000000135,C100090,Term Life,1000,monthly,2020-02-21,True,credit_card,False,False
T1000000136,C100090,Whole Life,14500,annual,2019-09-21,False,,False,False
T1000000137,C100091,Endowment,7300,annual,2018-06-22,True,bank_debit,True,False
T1000000138,C100092,Unit Linked,8050,monthly,2021-06-21,True,bank_debit,True,False
T1000000139,C100092,Term Life,1650,quarterly,2023-10-20,True,bank_debit,True,False
T1000000140,C100093,Health Rider,1650,monthly,2024-12-05,False,,False,False
T1000000141,C100093,Health Rider,2000,monthly,2024-11-24,False,,False,False
T1000000142,C100094,Whole Life,10300,monthly,2018-11-14,False,,False,False
T1000000143,C100095,Health Rider,1200,annual,2022-12-24,True,credit_card,False,False
T1000000144,C100096,Health Rider,1900,quarterly,2023-12-17,True,credit_card,False,False
T1000000145,C100097,Whole Life,5950,semi-annual,2024-06-20,True,bank_debit,True,False
T1000000146,C100097,Term Life,850,monthly,2021-09-06,True,bank_debit,True,False
T1000000147,C100098,Unit Linked,3750,monthly,2021-02-25,False,,False,False
T1000000148,C100099,Personal Accident,550,quarterly,2019-05-14,True,credit_card,False,False
T1000000149,C100099,Unit Linked,18850,monthly,2019-06-21,True,credit_card,False,False
T1000000150,C100100,Endowment,3600,annual,2025-10-16,False,,False,False
T1000000151,C100101,Endowment,6000,monthly,2021-05-03,False,,False,False
T1000000152,C100102,Term Life,2050,semi-annual,2019-01-22,True,bank_debit,True,False
T1000000153,C100102,Whole Life,14650,semi-annual,2017-02-03,True,bank_debit,True,False
T1000000154,C100103,Personal Accident,450,semi-annual,2023-01-04,True,bank_debit,True,False
T1000000155,C100103,Unit Linked,17350,annual,2019-11-11,False,,False,False
T1000000156,C100103,Whole Life,12500,annual,2020-07-07,True,bank_debit,True,False
T1000000157,C100104,Personal Accident,700,quarterly,2022-05-05,False,,False,False
T1000000158,C100105,Whole Life,10800,monthly,2019-11-18,False,,False,False
T1000000159,C100106,Health Rider,2000,annual,2022-06-25,True,credit_card,True,False
T1000000160,C100107,Personal Accident,200,quarterly,2019-10-05,False,,False,False
T1000000161,C100108,Unit Linked,8100,quarterly,2017-01-19,True,credit_card,True,False
T1000000162,C100109,Term Life,2900,monthly,2020-06-30,False,,False,False
T1000000163,C100110,Whole Life,5900,annual,2023-08-02,False,,False,False
T1000000164,C100111,Term Life,2850,semi-annual,2025-09-20,False,,False,False
T1000000165,C100111,Unit Linked,14150,annual,2025-10-13,True,credit_card,False,False
T1000000166,C100112,Health Rider,1000,quarterly,2022-05-26,False,,True,False
T1000000167,C100112,Term Life,2400,annual,2024-12-30,False,,False,False
T1000000168,C100113,Endowment,3250,quarterly,2019-03-04,True,bank_debit,True,False
T1000000169,C100113,Term Life,2500,monthly,2017-10-18,False,,False,False
T1000000170,C100114,Health Rider,1450,quarterly,2021-07-31,True,bank_debit,True,False
T1000000171,C100115,Personal Accident,350,monthly,2022-11-24,False,,False,False
T1000000172,C100116,Endowment,9250,annual,2021-05-05,False,,True,False
T1000000173,C100117,Unit Linked,8450,annual,2018-04-19,True,bank_debit,True,False
T1000000174,C100117,Whole Life,13650,monthly,2014-11-25,True,credit_card,False,True
T1000000175,C100117,Whole Life,12450,monthly,2021-02-01,False,,False,False
T1000000176,C100118,Health Rider,1250,annual,2023-02-24,False,,False,False
T1000000177,C100119,Unit Linked,19850,quarterly,2020-01-10,False,,False,False
T1000000178,C100119,Term Life,2950,monthly,2019-08-12,False,,False,False
T1000000179,C100120,Health Rider,450,monthly,2019-05-22,True,bank_debit,True,False
T1000000180,C100121,Term Life,650,annual,2013-12-07,False,,False,False
T1000000181,C100121,Personal Accident,700,annual,2023-01-03,True,credit_card,False,False
T1000000182,C100122,Whole Life,6100,quarterly,2025-09-14,False,,False,False
T1000000183,C100123,Health Rider,1800,quarterly,2024-06-01,False,,False,False
T1000000184,C100124,Term Life,1200,annual,2017-02-06,True,credit_card,False,False
T1000000185,C100124,Whole Life,4150,quarterly,2023-04-05,False,,False,False
T1000000186,C100125,Unit Linked,18200,annual,2018-09-11,True,bank_debit,True,False
T1000000187,C100126,Health Rider,1000,semi-annual,2020-01-25,False,,False,False
T1000000188,C100127,Endowment,6400,annual,2022-01-19,False,,False,False
T1000000189,C100128,Whole Life,4600,monthly,2023-07-26,False,,False,False
T1000000190,C100128,Whole Life,3450,monthly,2021-12-20,True,bank_debit,True,False
T1000000191,C100128,Personal Accident,450,monthly,2020-03-21,True,credit_card,False,False
T1000000192,C100129,Health Rider,1900,semi-annual,2022-03-29,False,,False,False
T1000000193,C100129,Health Rider,350,semi-annual,2021-05-16,False,,False,False
T1000000194,C100130,Term Life,2200,quarterly,2023-11-28,True,credit_card,False,False
T1000000195,C100131,Unit Linked,11300,semi-annual,2020-07-13,True,bank_debit,True,False
T1000000196,C100131,Term Life,750,semi-annual,2022-12-21,True,credit_card,False,False
T1000000197,C100132,Endowment,9200,monthly,2016-12-01,True,credit_card,False,False
T1000000198,C100132,Health Rider,350,monthly,2019-10-23,True,bank_debit,True,False
T1000000199,C100133,Unit Linked,9450,semi-annual,2012-10-10,True,credit_card,False,False
T1000000200,C100134,Whole Life,12300,annual,2018-01-09,False,,False,False
T1000000201,C100135,Whole Life,14700,quarterly,2023-04-06,False,,False,False
T1000000202,C100136,Personal Accident,800,annual,2021-09-25,False,,False,False
T1000000203,C100136,Whole Life,2700,annual,2019-10-03,False,,True,False
T1000000204,C100137,Personal Accident,250,quarterly,2021-08-27,False,,False,False
T1000000205,C100138,Endowment,7700,monthly,2020-08-31,False,,False,False
T1000000206,C100138,Endowment,3600,annual,2022-05-18,False,,False,False
T1000000207,C100139,Health Rider,450,semi-annual,2021-02-15,False,,False,False
T1000000208,C100140,Health Rider,1750,quarterly,2024-08-27,False,,False,False
T1000000209,C100140,Endowment,7550,monthly,2024-12-29,False,,False,False
T1000000210,C100141,Health Rider,950,semi-annual,2015-02-24,False,,False,False
T1000000211,C100142,Endowment,6250,semi-annual,2024-07-10,False,,False,False
T1000000212,C100142,Endowment,5600,annual,2024-11-04,False,,False,False
T1000000213,C100143,Personal Accident,900,monthly,2021-05-17,False,,False,False
T1000000214,C100144,Health Rider,850,monthly,2020-11-10,False,,False,False
T1000000215,C100145,Health Rider,1200,quarterly,2014-04-02,False,,False,False
T1000000216,C100146,Health Rider,1950,annual,2024-09-25,False,,False,False
T1000000217,C100146,Whole Life,9850,annual,2024-03-19,False,,False,False
T1000000218,C100147,Term Life,2700,monthly,2022-08-27,False,,False,False
T1000000219,C100148,Unit Linked,5600,monthly,2022-12-09,True,credit_card,False,False
T1000000220,C100148,Whole Life,6650,annual,2023-12-08,False,,False,False
T1000000221,C100149,Personal Accident,550,quarterly,2017-02-25,True,credit_card,True,False
T1000000222,C100150,Whole Life,4450,semi-annual,2025-09-23,True,credit_card,False,False
T1000000223,C100151,Whole Life,3850,monthly,2025-04-09,False,,False,False
T1000000224,C100152,Term Life,2300,monthly,2010-06-28,False,,False,False
T1000000225,C100153,Unit Linked,7400,annual,2021-01-25,False,,False,False
T1000000226,C100154,Unit Linked,15400,quarterly,2025-05-06,False,,False,False
T1000000227,C100155,Health Rider,1400,monthly,2022-03-20,True,bank_debit,True,False
T1000000228,C100155,Health Rider,350,annual,2022-01-11,True,bank_debit,True,False
T1000000229,C100156,Whole Life,9650,monthly,2021-01-15,False,,False,False
T1000000230,C100156,Term Life,1100,annual,2024-07-07,False,,False,False
T1000000231,C100156,Term Life,2850,annual,2020-04-25,False,,False,False
T1000000232,C100157,Whole Life,12700,quarterly,2021-04-03,False,,False,False
T1000000233,C100158,Whole Life,14000,monthly,2012-05-08,True,credit_card,False,False
T1000000234,C100158,Health Rider,450,monthly,2019-03-21,False,,True,False
T1000000235,C100159,Term Life,2950,annual,2022-11-17,False,,False,False
T1000000236,C100159,Endowment,11300,annual,2022-10-24,True,bank_debit,True,False
T1000000237,C100160,Whole Life,3900,quarterly,2024-04-17,False,,False,False
T1000000238,C100160,Unit Linked,10350,annual,2024-07-15,False,,True,False
T1000000239,C100161,Personal Accident,300,annual,2023-11-25,False,,False,False
T1000000240,C100162,Whole Life,12050,monthly,2023-02-28,False,,False,False
T1000000241,C100162,Health Rider,1100,annual,2021-10-21,False,,False,False
T1000000242,C100162,Term Life,1050,quarterly,2024-03-20,False,,False,False
T1000000243,C100163,Unit Linked,4850,monthly,2023-12-04,False,,False,False
T1000000244,C100164,Unit Linked,6650,semi-annual,2025-10-10,True,credit_card,False,False
T1000000245,C100164,Endowment,3300,semi-annual,2025-10-07,True,credit_card,False,False
T1000000246,C100165,Term Life,650,monthly,2025-11-25,False,,False,False
T1000000247,C100166,Whole Life,8650,monthly,2025-03-26,True,bank_debit,True,False
T1000000248,C100166,Endowment,5950,quarterly,2024-01-18,False,,False,False
T1000000249,C100167,Term Life,1550,annual,2025-06-10,False,,False,False
T1000000250,C100167,Term Life,1850,annual,2023-11-04,False,,False,False
T1000000251,C100167,Health Rider,700,quarterly,2024-01-27,True,credit_card,False,False
T1000000252,C100168,Whole Life,14800,monthly,2022-04-04,False,,False,True
T1000000253,C100168,Endowment,7450,quarterly,2019-04-19,True,credit_card,False,False
T1000000254,C100168,Personal Accident,850,monthly,2021-11-15,False,,False,False
T1000000255,C100169,Endowment,7800,annual,2024-09-12,False,,False,False
T1000000256,C100170,Whole Life,12150,monthly,2025-10-07,False,,False,False
T1000000257,C100170,Unit Linked,17950,quarterly,2025-12-09,True,credit_card,False,False
T1000000258,C100171,Term Life,1100,semi-annual,2024-10-21,True,bank_debit,True,False
T1000000259,C100172,Unit Linked,19400,quarterly,2024-03-29,False,,False,False
T1000000260,C100172,Personal Accident,450,annual,2021-09-01,False,,True,False
T1000000261,C100173,Health Rider,1550,monthly,2023-07-30,False,,False,False
T1000000262,C100174,Health Rider,1050,semi-annual,2021-08-11,False,,False,False
T1000000263,C100174,Unit Linked,16300,quarterly,2019-08-27,False,,False,False
T1000000264,C100175,Personal Accident,950,annual,2022-01-04,True,bank_debit,True,False
T1000000265,C100176,Health Rider,800,annual,2022-02-22,False,,False,False
T1000000266,C100177,Health Rider,1150,semi-annual,2019-08-09,True,bank_debit,True,False
T1000000267,C100178,Whole Life,9650,semi-annual,2021-05-28,True,bank_debit,True,False
T1000000268,C100179,Health Rider,500,monthly,2024-11-06,False,,False,False
T1000000269,C100180,Unit Linked,13900,annual,2022-10-13,True,bank_debit,True,False
T1000000270,C100180,Personal Accident,650,quarterly,2020-02-27,True,bank_debit,True,False
T1000000271,C100181,Unit Linked,19800,monthly,2023-11-14,False,,False,False
T1000000272,C100181,Unit Linked,7350,monthly,2024-02-08,True,credit_card,False,False
T1000000273,C100182,Health Rider,600,monthly,2019-12-23,True,bank_debit,True,False
T1000000274,C100182,Term Life,950,monthly,2022-09-02,False,,True,False
T1000000275,C100183,Unit Linked,12550,quarterly,2022-04-26,True,bank_debit,True,False
T1000000276,C100183,Term Life,2900,quarterly,2022-06-24,False,,False,False
T1000000277,C100184,Health Rider,1150,annual,2023-12-10,False,,False,False
T1000000278,C100185,Term Life,2900,annual,2018-07-29,True,credit_card,False,False
T1000000279,C100186,Unit Linked,4450,annual,2017-10-14,True,credit_card,False,False
T1000000280,C100187,Whole Life,5200,monthly,2021-12-01,True,bank_debit,True,False
T1000000281,C100188,Term Life,600,semi-annual,2024-06-09,False,,False,False
T1000000282,C100189,Health Rider,550,semi-annual,2020-04-25,False,,False,False
T1000000283,C100189,Whole Life,9900,quarterly,2019-06-30,False,,False,False
T1000000284,C100190,Health Rider,450,monthly,2022-11-06,True,credit_card,False,False
T1000000285,C100190,Endowment,9950,annual,2022-09-12,True,bank_debit,True,False
T1000000286,C100191,Personal Accident,400,semi-annual,2023-10-19,False,,False,False
T1000000287,C100191,Personal Accident,250,semi-annual,2020-04-02,False,,False,False
T1000000288,C100192,Unit Linked,13700,semi-annual,2023-03-19,True,credit_card,False,False
T1000000289,C100193,Unit Linked,18650,annual,2024-11-12,True,credit_card,False,False
T1000000290,C100193,Health Rider,1200,monthly,2024-03-15,False,,False,False
T1000000291,C100194,Term Life,750,monthly,2025-10-16,False,,False,False
T1000000292,C100195,Personal Accident,600,annual,2023-11-30,False,,False,False
T1000000293,C100195,Health Rider,1600,monthly,2021-05-15,False,,False,False
T1000000294,C100196,Term Life,2950,annual,2019-05-12,True,credit_card,False,False
T1000000295,C100197,Unit Linked,19950,monthly,2023-03-22,True,bank_debit,True,False
T1000000296,C100198,Term Life,1350,monthly,2021-11-09,True,credit_card,False,False
T1000000297,C100199,Whole Life,3050,monthly,2023-07-19,False,,False,False
T1000000298,C100200,Term Life,1850,monthly,2016-10-17,False,,False,False
T1000000299,C100201,Whole Life,10150,monthly,2022-11-27,False,,False,False
T1000000300,C100202,Health Rider,500,monthly,2014-10-10,False,,False,False
T1000000301,C100203,Health Rider,1400,annual,2023-07-07,False,,False,False
T1000000302,C100203,Endowment,9850,monthly,2023-10-13,False,,False,False
T1000000303,C100203,Whole Life,7800,annual,2022-03-19,False,,False,False
T1000000304,C100204,Term Life,700,annual,2025-10-24,False,,False,False
T1000000305,C100205,Whole Life,8750,quarterly,2023-08-15,False,,False,False
T1000000306,C100206,Unit Linked,18050,monthly,2021-06-11,False,,False,False
T1000000307,C100206,Term Life,2500,quarterly,2017-09-02,False,,False,False
T1000000308,C100207,Whole Life,4550,quarterly,2023-07-09,False,,False,False
T1000000309,C100208,Whole Life,8200,semi-annual,2022-05-19,False,,False,True
T1000000310,C100208,Personal Accident,950,quarterly,2021-11-16,False,,False,False
T1000000311,C100209,Whole Life,3500,monthly,2016-02-11,False,,False,True
T1000000312,C100210,Whole Life,11650,annual,2020-09-10,False,,False,False
T1000000313,C100211,Term Life,700,quarterly,2017-06-30,True,bank_debit,True,False
T1000000314,C100212,Health Rider,1650,quarterly,2024-12-27,False,,False,False
T1000000315,C100213,Endowment,4100,quarterly,2024-05-20,False,,False,False
T1000000316,C100213,Personal Accident,700,semi-annual,2025-03-21,True,credit_card,False,False
T1000000317,C100214,Endowment,7350,monthly,2018-09-25,True,bank_debit,True,False
T1000000318,C100214,Health Rider,1650,monthly,2022-06-08,False,,False,False
T1000000319,C100215,Health Rider,1150,annual,2023-11-19,False,,False,False
T1000000320,C100216,Health Rider,1900,quarterly,2024-08-06,False,,False,False
T1000000321,C100216,Health Rider,1150,semi-annual,2024-04-02,True,credit_card,False,False
T1000000322,C100216,Whole Life,11900,quarterly,2023-04-17,True,bank_debit,True,False
T1000000323,C100217,Health Rider,1750,monthly,2022-02-04,False,,False,False
T1000000324,C100218,Unit Linked,9000,annual,2023-07-20,True,bank_debit,True,False
T1000000325,C100219,Term Life,1750,annual,2023-12-29,False,,False,False
T1000000326,C100219,Endowment,3100,annual,2022-05-05,False,,False,False
T1000000327,C100220,Health Rider,1800,monthly,2024-07-27,False,,True,False
T1000000328,C100220,Whole Life,2600,annual,2025-02-18,False,,True,False
T1000000329,C100221,Health Rider,1100,annual,2025-06-12,False,,False,False
T1000000330,C100222,Unit Linked,19100,quarterly,2020-06-06,True,credit_card,False,False
T1000000331,C100223,Health Rider,1100,quarterly,2022-06-10,True,credit_card,False,False
T1000000332,C100224,Whole Life,12050,quarterly,2020-07-30,True,credit_card,False,False
T1000000333,C100225,Term Life,1550,monthly,2021-08-25,True,bank_debit,True,False
T1000000334,C100225,Term Life,2350,quarterly,2021-02-01,True,bank_debit,True,False
T1000000335,C100226,Health Rider,1650,annual,2022-11-10,True,credit_card,False,False
T1000000336,C100227,Unit Linked,11400,annual,2021-09-25,False,,False,False
T1000000337,C100227,Health Rider,1500,monthly,2024-01-12,False,,False,False
T1000000338,C100228,Health Rider,550,monthly,2021-02-25,True,bank_debit,True,False
T1000000339,C100229,Unit Linked,8750,annual,2023-12-31,False,,False,False
T1000000340,C100230,Term Life,2700,monthly,2018-03-10,True,credit_card,True,False
T1000000341,C100231,Unit Linked,5850,quarterly,2023-12-31,True,bank_debit,True,False
T1000000342,C100232,Whole Life,11350,quarterly,2023-05-10,False,,False,False
T1000000343,C100233,Endowment,6950,quarterly,2021-05-07,False,,False,False
T1000000344,C100233,Health Rider,2000,quarterly,2020-09-24,False,,False,False
T1000000345,C100233,Whole Life,3650,monthly,2023-01-16,False,,False,False
T1000000346,C100234,Whole Life,7550,monthly,2017-07-16,False,,False,False
T1000000347,C100234,Personal Accident,750,annual,2021-03-29,True,credit_card,False,False
T1000000348,C100235,Health Rider,1600,monthly,2023-03-10,False,,False,False
T1000000349,C100235,Term Life,2450,monthly,2021-09-01,False,,False,False
T1000000350,C100236,Health Rider,1550,semi-annual,2025-11-10,False,,False,False
T1000000351,C100237,Term Life,1000,annual,2020-07-27,False,,False,False
T1000000352,C100237,Whole Life,12550,quarterly,2024-03-05,False,,False,False
T1000000353,C100237,Endowment,11300,annual,2019-06-14,True,bank_debit,True,False
T1000000354,C100238,Personal Accident,350,quarterly,2022-12-16,True,credit_card,True,False
T1000000355,C100238,Unit Linked,13900,quarterly,2017-05-24,True,bank_debit,True,False
T1000000356,C100239,Term Life,1850,monthly,2017-04-13,False,,False,False
T1000000357,C100239,Health Rider,1850,quarterly,2024-01-24,False,,False,False
T1000000358,C100240,Term Life,2200,monthly,2020-10-11,False,,False,False
T1000000359,C100241,Endowment,10250,monthly,2024-04-09,True,credit_card,False,False
T1000000360,C100242,Unit Linked,10050,quarterly,2024-11-12,False,,False,False
T1000000361,C100242,Unit Linked,9350,annual,2024-11-12,True,credit_card,False,False
T1000000362,C100243,Whole Life,9100,quarterly,2020-03-05,True,credit_card,False,False
T1000000363,C100244,Endowment,3150,quarterly,2022-09-28,False,,False,False
T1000000364,C100245,Whole Life,7550,monthly,2023-12-24,True,credit_card,False,False
T1000000365,C100246,Whole Life,3100,monthly,2021-10-22,False,,False,False
T1000000366,C100247,Health Rider,450,monthly,2025-03-08,True,bank_debit,True,False
T1000000367,C100248,Whole Life,2800,monthly,2022-03-06,True,credit_card,False,False
T1000000368,C100248,Term Life,1800,quarterly,2022-12-09,True,bank_debit,True,False
T1000000369,C100249,Whole Life,10750,semi-annual,2016-05-18,False,,False,False
T1000000370,C100249,Term Life,1700,semi-annual,2021-02-14,True,bank_debit,True,False
T1000000371,C100250,Whole Life,5100,annual,2020-03-07,True,bank_debit,True,False
T1000000372,C100251,Personal Accident,700,monthly,2023-05-02,True,credit_card,False,False
T1000000373,C100252,Health Rider,900,annual,2021-06-10,False,,False,False
T1000000374,C100252,Unit Linked,18200,quarterly,2018-01-28,False,,False,False
T1000000375,C100252,Endowment,3200,annual,2023-10-16,False,,False,False
T1000000376,C100253,Health Rider,1900,annual,2022-09-20,False,,False,False
T1000000377,C100254,Personal Accident,300,annual,2025-09-30,False,,False,False
T1000000378,C100255,Term Life,1250,monthly,2024-10-29,False,,False,False
T1000000379,C100256,Health Rider,1800,monthly,2023-06-28,True,bank_debit,True,False
T1000000380,C100257,Health Rider,1550,semi-annual,2022-12-13,False,,False,False
T1000000381,C100257,Personal Accident,850,semi-annual,2024-06-02,False,,False,False
T1000000382,C100258,Term Life,1650,monthly,2023-10-18,True,credit_card,False,False
T1000000383,C100259,Personal Accident,850,quarterly,2016-11-20,False,,False,False
T1000000384,C100259,Personal Accident,950,monthly,2016-06-02,True,credit_card,False,False
T1000000385,C100260,Whole Life,12600,quarterly,2024-08-21,False,,False,False
T1000000386,C100261,Term Life,2350,monthly,2024-11-12,False,,False,False
T1000000387,C100261,Term Life,2850,annual,2024-05-21,True,credit_card,False,False
T1000000388,C100261,Whole Life,8050,monthly,2025-05-02,True,credit_card,False,False
T1000000389,C100262,Personal Accident,550,quarterly,2023-05-11,True,bank_debit,True,False
T1000000390,C100262,Personal Accident,300,annual,2022-04-12,True,credit_card,False,False
T1000000391,C100263,Endowment,11200,monthly,2021-06-12,True,bank_debit,True,False
T1000000392,C100264,Health Rider,1750,monthly,2020-06-12,False,,False,False
T1000000393,C100265,Whole Life,5050,monthly,2021-08-21,True,credit_card,False,False
T1000000394,C100266,Endowment,5800,semi-annual,2010-12-25,False,,False,False
T1000000395,C100266,Unit Linked,18400,monthly,2022-06-04,True,credit_card,False,False
T1000000396,C100266,Whole Life,9600,annual,2015-09-06,False,,False,False
T1000000397,C100267,Whole Life,5700,quarterly,2025-11-20,False,,False,False
T1000000398,C100267,Endowment,3100,monthly,2025-12-10,False,,False,False
T1000000399,C100268,Whole Life,3200,annual,2021-07-04,False,,False,False
T1000000400,C100269,Whole Life,12350,quarterly,2020-11-09,True,credit_card,False,False
T1000000401,C100270,Endowment,10100,monthly,2023-06-12,False,,False,False
T1000000402,C100270,Endowment,6100,monthly,2023-07-13,True,bank_debit,True,False
T1000000403,C100270,Endowment,5500,monthly,2023-04-19,True,credit_card,False,False
T1000000404,C100271,Term Life,2650,semi-annual,2019-02-12,True,credit_card,False,False
T1000000405,C100271,Unit Linked,4950,quarterly,2018-09-24,True,bank_debit,True,False
T1000000406,C100272,Health Rider,750,monthly,2021-05-11,False,,False,False
T1000000407,C100273,Unit Linked,17300,semi-annual,2019-12-24,False,,False,False
T1000000408,C100274,Unit Linked,7500,monthly,2024-04-08,False,,False,False
T1000000409,C100275,Health Rider,1600,semi-annual,2020-01-04,False,,False,False
T1000000410,C100275,Term Life,1500,monthly,2023-07-19,False,,False,False
T1000000411,C100276,Endowment,11250,monthly,2020-08-29,True,credit_card,False,False
T1000000412,C100277,Unit Linked,13800,monthly,2022-08-15,False,,True,False
T1000000413,C100277,Whole Life,13350,monthly,2021-03-10,True,bank_debit,True,False
T1000000414,C100278,Term Life,2550,annual,2023-08-16,True,credit_card,False,False
T1000000415,C100279,Whole Life,8250,annual,2022-04-20,True,credit_card,False,False
T1000000416,C100280,Health Rider,1900,semi-annual,2017-10-13,False,,False,False
T1000000417,C100281,Health Rider,1450,monthly,2024-12-14,False,,False,False
T1000000418,C100281,Health Rider,400,semi-annual,2024-07-03,False,,False,False
T1000000419,C100282,Health Rider,1100,semi-annual,2024-09-21,False,,False,False
T1000000420,C100283,Unit Linked,10000,monthly,2025-11-11,True,bank_debit,True,False
T1000000421,C100283,Whole Life,13700,monthly,2025-09-28,True,credit_card,False,False
T1000000422,C100284,Personal Accident,900,semi-annual,2022-10-16,False,,False,False
T1000000423,C100285,Health Rider,1800,monthly,2020-04-30,False,,False,False
T1000000424,C100285,Unit Linked,11700,annual,2022-12-12,False,,False,False
T1000000425,C100286,Endowment,6800,monthly,2019-12-21,False,,False,True
T1000000426,C100286,Term Life,1200,monthly,2019-09-05,True,credit_card,False,False
T1000000427,C100287,Unit Linked,9750,monthly,2025-05-14,False,,False,False
T1000000428,C100287,Whole Life,8900,semi-annual,2025-09-15,False,,False,False
T1000000429,C100288,Health Rider,1250,monthly,2015-01-04,True,credit_card,False,False
T1000000430,C100289,Unit Linked,7600,quarterly,2023-04-30,False,,False,False
T1000000431,C100289,Term Life,2400,annual,2022-10-01,True,bank_debit,True,False
T1000000432,C100290,Term Life,2550,annual,2019-05-26,True,credit_card,False,False
T1000000433,C100291,Whole Life,2500,monthly,2018-12-14,True,bank_debit,True,False
T1000000434,C100292,Health Rider,1750,annual,2023-02-04,False,,False,False
T1000000435,C100292,Term Life,2650,annual,2023-08-10,False,,False,False
T1000000436,C100293,Term Life,850,monthly,2023-10-09,True,credit_card,False,False
T1000000437,C100293,Health Rider,1050,monthly,2024-03-09,False,,False,False
T1000000438,C100294,Health Rider,700,monthly,2024-06-25,False,,False,False
T1000000439,C100295,Health Rider,450,monthly,2022-02-16,False,,False,False
T1000000440,C100295,Unit Linked,11800,annual,2020-03-26,False,,False,False
T1000000441,C100295,Whole Life,3700,quarterly,2021-01-09,False,,False,True
T1000000442,C100296,Health Rider,1150,semi-annual,2021-04-24,True,bank_debit,True,False
T1000000443,C100297,Health Rider,950,semi-annual,2014-08-26,False,,False,False
T1000000444,C100297,Whole Life,9700,semi-annual,2015-05-02,False,,True,False
T1000000445,C100297,Unit Linked,19800,annual,2018-11-17,False,,False,False
T1000000446,C100298,Term Life,1850,monthly,2022-12-23,False,,False,False
T1000000447,C100298,Health Rider,1150,annual,2017-02-21,False,,False,False
T1000000448,C100299,Personal Accident,500,annual,2021-01-12,True,credit_card,False,False
T1000000449,C100299,Endowment,6450,monthly,2017-09-10,True,bank_debit,True,False
T1000000450,C100299,Unit Linked,15300,quarterly,2023-12-01,True,credit_card,False,False
T1000000451,C100300,Health Rider,350,annual,2024-03-08,False,,False,False
T1000000452,C100300,Health Rider,1950,monthly,2023-04-10,False,,False,False
T1000000453,C100301,Endowment,9600,monthly,2023-06-15,False,,False,False
T1000000454,C100301,Health Rider,1350,quarterly,2017-04-11,True,bank_debit,True,False
T1000000455,C100301,Unit Linked,19050,monthly,2015-07-10,False,,False,False
T1000000456,C100302,Term Life,800,semi-annual,2025-10-04,True,bank_debit,True,False
T1000000457,C100302,Personal Accident,500,quarterly,2025-07-02,True,bank_debit,True,False
T1000000458,C100303,Health Rider,1350,quarterly,2014-10-16,True,credit_card,True,False
T1000000459,C100304,Health Rider,1900,annual,2024-05-12,False,,False,False
T1000000460,C100305,Unit Linked,9100,quarterly,2025-12-03,False,,True,False
T1000000461,C100305,Unit Linked,9650,monthly,2025-12-08,False,,False,False
T1000000462,C100306,Unit Linked,16250,semi-annual,2023-02-20,True,bank_debit,True,False
T1000000463,C100307,Unit Linked,6500,annual,2020-02-10,True,credit_card,False,False
T1000000464,C100307,Term Life,2650,annual,2018-08-10,False,,False,False
T1000000465,C100307,Whole Life,9800,quarterly,2024-01-09,True,bank_debit,True,False
T1000000466,C100308,Endowment,3050,quarterly,2022-07-08,False,,False,False
T1000000467,C100309,Health Rider,800,monthly,2019-08-08,True,bank_debit,True,False
T1000000468,C100309,Term Life,1450,annual,2017-02-16,True,bank_debit,True,False
T1000000469,C100310,Personal Accident,600,annual,2023-01-03,True,bank_debit,True,False
T1000000470,C100311,Whole Life,12500,monthly,2024-09-28,False,,False,False
T1000000471,C100311,Health Rider,400,monthly,2024-12-15,False,,False,False
T1000000472,C100312,Unit Linked,16750,quarterly,2024-04-25,False,,False,False
T1000000473,C100312,Health Rider,950,quarterly,2022-10-18,True,bank_debit,True,False
T1000000474,C100312,Health Rider,800,monthly,2022-09-01,True,credit_card,False,False
T1000000475,C100313,Health Rider,1000,quarterly,2023-10-26,False,,False,False
T1000000476,C100314,Term Life,2850,monthly,2021-08-01,False,,False,False
T1000000477,C100314,Health Rider,350,semi-annual,2022-08-24,True,bank_debit,True,False
T1000000478,C100315,Endowment,11200,monthly,2020-01-12,True,credit_card,False,False
T1000000479,C100316,Unit Linked,7700,monthly,2024-08-06,False,,False,False
T1000000480,C100316,Whole Life,7050,semi-annual,2023-10-05,False,,False,False
T1000000481,C100317,Endowment,7350,monthly,2019-12-11,True,bank_debit,True,False
T1000000482,C100317,Unit Linked,7050,annual,2022-11-18,False,,False,False
T1000000483,C100318,Health Rider,600,monthly,2018-11-28,False,,False,False
T1000000484,C100319,Whole Life,2100,monthly,2025-10-25,False,,False,False
T1000000485,C100320,Health Rider,1850,quarterly,2025-01-20,False,,False,False
T1000000486,C100321,Endowment,10550,semi-annual,2022-11-14,True,bank_debit,True,False
T1000000487,C100322,Term Life,2700,quarterly,2018-01-24,False,,False,False
T1000000488,C100322,Health Rider,1150,monthly,2015-01-23,False,,False,False
T1000000489,C100323,Term Life,2150,monthly,2023-06-29,True,bank_debit,True,False
T1000000490,C100324,Term Life,1450,semi-annual,2025-10-17,True,credit_card,False,False
T1000000491,C100324,Whole Life,14600,monthly,2025-11-10,True,bank_debit,True,False
T1000000492,C100324,Term Life,2300,semi-annual,2025-10-25,False,,False,False
T1000000493,C100325,Term Life,1100,monthly,2025-09-15,False,,False,False
T1000000494,C100325,Term Life,1050,semi-annual,2025-11-09,False,,False,False
T1000000495,C100325,Term Life,2850,annual,2025-11-14,True,credit_card,False,False
T1000000496,C100326,Unit Linked,14250,annual,2020-03-27,True,bank_debit,True,False
T1000000497,C100326,Health Rider,1150,monthly,2019-02-11,False,,False,False
T1000000498,C100326,Term Life,2300,quarterly,2023-07-16,False,,True,False
T1000000499,C100327,Health Rider,1550,monthly,2022-03-01,False,,False,False
T1000000500,C100328,Personal Accident,300,monthly,2019-01-28,True,credit_card,False,False
T1000000501,C100329,Health Rider,1450,semi-annual,2023-06-14,False,,False,False
T1000000502,C100329,Unit Linked,8950,quarterly,2024-03-27,True,bank_debit,True,False
T1000000503,C100330,Term Life,800,annual,2019-01-30,True,credit_card,False,False
T1000000504,C100330,Health Rider,350,monthly,2021-02-19,False,,False,False
T1000000505,C100331,Health Rider,1600,annual,2019-05-27,False,,False,False
T1000000506,C100331,Term Life,2550,monthly,2022-08-20,False,,False,False
T1000000507,C100331,Term Life,2900,monthly,2021-12-28,True,bank_debit,True,False
T1000000508,C100332,Endowment,3600,annual,2023-09-26,False,,False,False
T1000000509,C100333,Term Life,2100,quarterly,2023-09-13,True,bank_debit,True,False
T1000000510,C100334,Whole Life,8450,monthly,2023-05-23,True,credit_card,False,False
T1000000511,C100334,Unit Linked,12900,monthly,2022-12-23,True,bank_debit,True,False
T1000000512,C100334,Term Life,850,annual,2020-08-01,True,credit_card,False,False
T1000000513,C100335,Whole Life,4250,annual,2022-09-21,False,,False,False
T1000000514,C100335,Term Life,750,semi-annual,2021-07-08,False,,True,False
T1000000515,C100336,Health Rider,1500,quarterly,2022-01-23,True,bank_debit,True,False
T1000000516,C100337,Whole Life,10950,monthly,2023-10-31,True,bank_debit,True,False
T1000000517,C100337,Unit Linked,14600,quarterly,2020-04-24,False,,False,False
T1000000518,C100338,Health Rider,1700,annual,2021-06-14,False,,False,False
T1000000519,C100339,Unit Linked,15350,monthly,2025-03-21,False,,False,False
T1000000520,C100340,Whole Life,7250,monthly,2019-01-26,True,bank_debit,True,False
T1000000521,C100341,Whole Life,7800,monthly,2023-08-24,False,,False,False
T1000000522,C100342,Personal Accident,700,monthly,2023-09-07,True,bank_debit,True,False
T1000000523,C100343,Personal Accident,750,annual,2021-05-26,False,,False,False
T1000000524,C100344,Whole Life,4450,monthly,2022-07-03,False,,False,False
T1000000525,C100345,Whole Life,12300,monthly,2025-01-01,False,,False,False
T1000000526,C100346,Health Rider,1800,monthly,2023-04-19,True,bank_debit,True,False
T1000000527,C100347,Personal Accident,850,monthly,2020-11-26,False,,False,False
T1000000528,C100348,Whole Life,12700,semi-annual,2023-09-03,True,bank_debit,True,False
T1000000529,C100348,Unit Linked,14000,monthly,2020-02-25,True,credit_card,False,False
T1000000530,C100349,Term Life,1250,monthly,2025-10-06,False,,False,False
T1000000531,C100349,Personal Accident,850,monthly,2025-11-26,False,,False,False
T1000000532,C100350,Personal Accident,700,monthly,2018-01-07,True,bank_debit,True,False
T1000000533,C100351,Endowment,10500,semi-annual,2020-01-31,True,bank_debit,True,False
T1000000534,C100352,Term Life,1450,annual,2018-08-28,False,,False,False
T1000000535,C100352,Unit Linked,10650,quarterly,2023-04-14,False,,False,False
T1000000536,C100353,Unit Linked,17550,annual,2025-06-18,False,,False,False
T1000000537,C100353,Endowment,3350,semi-annual,2024-10-07,False,,False,False
T1000000538,C100354,Term Life,900,annual,2021-06-06,False,,False,False
T1000000539,C100354,Endowment,8150,monthly,2023-07-08,True,bank_debit,True,False
T1000000540,C100354,Term Life,2800,semi-annual,2021-10-19,True,credit_card,False,False
T1000000541,C100355,Whole Life,7150,monthly,2022-04-18,False,,False,False
T1000000542,C100355,Term Life,900,semi-annual,2022-08-11,False,,False,False
T1000000543,C100355,Term Life,550,monthly,2024-11-20,True,bank_debit,True,False
T1000000544,C100356,Term Life,2250,monthly,2022-01-14,False,,False,False
T1000000545,C100356,Whole Life,6700,monthly,2013-09-22,True,bank_debit,True,False
T1000000546,C100357,Health Rider,700,monthly,2023-08-11,True,bank_debit,True,False
T1000000547,C100357,Health Rider,1600,semi-annual,2022-08-19,True,bank_debit,True,False
T1000000548,C100358,Health Rider,500,monthly,2023-02-11,False,,False,False
T1000000549,C100359,Term Life,1700,annual,2024-10-02,True,credit_card,False,False
T1000000550,C100359,Term Life,1050,annual,2023-10-17,False,,False,False
T1000000551,C100360,Health Rider,350,quarterly,2024-01-03,True,bank_debit,True,False
T1000000552,C100360,Term Life,1550,semi-annual,2023-11-05,True,bank_debit,True,False
T1000000553,C100360,Health Rider,300,semi-annual,2023-09-11,False,,False,False
T1000000554,C100361,Term Life,2100,annual,2024-09-05,False,,False,False
T1000000555,C100361,Health Rider,1350,monthly,2023-04-07,False,,False,False
T1000000556,C100362,Endowment,4200,annual,2017-12-10,False,,False,False
T1000000557,C100363,Endowment,7350,monthly,2025-12-03,True,bank_debit,True,False
T1000000558,C100364,Health Rider,700,quarterly,2024-11-23,True,bank_debit,True,False
T1000000559,C100365,Health Rider,1300,quarterly,2025-09-28,False,,False,False
T1000000560,C100366,Term Life,2050,quarterly,2024-12-25,True,credit_card,False,False
T1000000561,C100366,Health Rider,2000,monthly,2025-04-25,False,,False,False
T1000000562,C100367,Health Rider,350,monthly,2024-08-12,False,,False,False
T1000000563,C100367,Whole Life,4250,semi-annual,2022-09-25,False,,False,True
T1000000564,C100368,Health Rider,1550,annual,2025-09-19,False,,False,False
T1000000565,C100369,Health Rider,1550,monthly,2022-03-02,False,,False,False
T1000000566,C100369,Term Life,2600,monthly,2022-01-08,True,credit_card,False,False
T1000000567,C100370,Health Rider,900,annual,2025-09-25,True,credit_card,False,False
T1000000568,C100371,Term Life,1350,monthly,2025-04-01,False,,False,False
T1000000569,C100372,Term Life,2900,monthly,2015-08-15,False,,False,False
T1000000570,C100373,Unit Linked,6250,annual,2019-03-01,False,,False,False
T1000000571,C100374,Unit Linked,10050,semi-annual,2019-10-31,True,bank_debit,True,False
T1000000572,C100374,Whole Life,4050,monthly,2024-01-06,True,credit_card,False,False
T1000000573,C100375,Term Life,700,annual,2024-04-23,True,bank_debit,True,False
T1000000574,C100375,Personal Accident,500,annual,2024-09-03,True,bank_debit,True,False
T1000000575,C100376,Health Rider,1200,quarterly,2025-06-01,False,,False,False
T1000000576,C100376,Health Rider,650,quarterly,2025-06-21,False,,False,False
T1000000577,C100377,Unit Linked,5150,monthly,2024-11-30,True,bank_debit,True,False
T1000000578,C100378,Unit Linked,9800,monthly,2019-01-09,True,bank_debit,True,False
T1000000579,C100378,Health Rider,500,annual,2020-11-03,False,,False,False
T1000000580,C100379,Term Life,2550,monthly,2017-09-12,False,,False,False
T1000000581,C100380,Whole Life,11650,semi-annual,2023-10-25,False,,False,False
T1000000582,C100381,Personal Accident,250,monthly,2018-10-14,True,bank_debit,True,False
T1000000583,C100382,Whole Life,12750,monthly,2023-07-14,True,bank_debit,True,False
T1000000584,C100382,Term Life,1250,annual,2023-02-08,False,,False,False
T1000000585,C100383,Health Rider,1950,quarterly,2019-11-24,True,bank_debit,True,False
T1000000586,C100383,Term Life,1650,quarterly,2021-11-05,False,,False,False
T1000000587,C100383,Term Life,1300,semi-annual,2021-04-05,False,,False,False
T1000000588,C100384,Whole Life,14250,monthly,2022-03-18,True,bank_debit,True,False
T1000000589,C100385,Term Life,850,annual,2024-09-30,False,,False,False
T1000000590,C100385,Term Life,2050,monthly,2023-01-12,False,,False,False
T1000000591,C100386,Whole Life,14200,monthly,2018-08-17,False,,False,False
T1000000592,C100387,Personal Accident,900,quarterly,2025-10-08,False,,False,False
T1000000593,C100388,Whole Life,2600,quarterly,2023-10-22,False,,False,False
T1000000594,C100388,Whole Life,10800,quarterly,2020-05-01,True,bank_debit,True,True
T1000000595,C100389,Term Life,750,annual,2023-02-03,False,,False,False
T1000000596,C100389,Health Rider,500,monthly,2020-07-19,True,credit_card,False,False
T1000000597,C100390,Endowment,11850,monthly,2025-11-05,True,bank_debit,True,False
T1000000598,C100390,Term Life,2050,semi-annual,2025-08-15,True,bank_debit,True,False
T1000000599,C100391,Health Rider,650,monthly,2023-08-19,False,,False,False
T1000000600,C100391,Personal Accident,450,annual,2024-03-15,False,,False,False
T1000000601,C100392,Health Rider,1100,annual,2022-04-24,False,,False,False
T1000000602,C100393,Endowment,11900,annual,2024-02-20,True,bank_debit,True,False
T1000000603,C100393,Endowment,5600,annual,2024-05-06,False,,False,False
T1000000604,C100393,Endowment,7100,quarterly,2023-10-25,False,,False,False
T1000000605,C100394,Whole Life,13650,monthly,2025-10-21,False,,False,False
T1000000606,C100394,Whole Life,5100,monthly,2025-09-03,False,,False,False
T1000000607,C100394,Unit Linked,3100,monthly,2025-06-05,False,,False,False
T1000000608,C100395,Term Life,1700,annual,2017-09-09,False,,False,False
T1000000609,C100396,Whole Life,3550,monthly,2021-04-29,True,bank_debit,True,False
T1000000610,C100397,Unit Linked,12450,monthly,2020-07-12,False,,False,False
T1000000611,C100398,Health Rider,950,semi-annual,2024-01-05,False,,False,False
T1000000612,C100398,Term Life,2400,annual,2023-03-05,True,bank_debit,True,False
T1000000613,C100399,Health Rider,1550,annual,2022-12-19,False,,False,False
T1000000614,C100399,Health Rider,1500,monthly,2020-10-16,True,bank_debit,True,False
T1000000615,C100399,Endowment,10950,monthly,2022-03-29,True,credit_card,False,False
T1000000616,C100400,Whole Life,6150,monthly,2023-04-08,True,bank_debit,True,False
T1000000617,C100400,Health Rider,350,monthly,2024-02-23,True,bank_debit,True,False
T1000000618,C100401,Personal Accident,900,annual,2021-12-14,True,credit_card,False,False
T1000000619,C100402,Whole Life,5900,quarterly,2022-09-17,True,bank_debit,True,False
T1000000620,C100403,Whole Life,9350,monthly,2021-03-11,True,bank_debit,True,False
T1000000621,C100404,Health Rider,350,quarterly,2024-02-15,True,bank_debit,True,False
T1000000622,C100405,Term Life,2600,quarterly,2018-11-04,False,,False,False
T1000000623,C100406,Endowment,8350,monthly,2025-04-04,True,credit_card,False,False
T1000000624,C100407,Personal Accident,400,annual,2024-01-27,False,,False,False
T1000000625,C100408,Endowment,10900,quarterly,2024-04-04,True,bank_debit,True,False
T1000000626,C100409,Endowment,7600,quarterly,2021-09-23,True,bank_debit,True,False
T1000000627,C100409,Whole Life,7300,semi-annual,2021-05-01,True,bank_debit,True,False
T1000000628,C100410,Endowment,9350,quarterly,2016-12-29,True,credit_card,False,True
T1000000629,C100411,Term Life,1500,monthly,2017-06-18,True,bank_debit,True,False
T1000000630,C100412,Whole Life,9550,annual,2019-12-09,False,,True,False
T1000000631,C100413,Term Life,1700,quarterly,2023-06-15,False,,False,False
T1000000632,C100413,Term Life,600,quarterly,2024-02-09,False,,False,False
T1000000633,C100413,Term Life,1050,monthly,2024-01-08,False,,False,False
T1000000634,C100414,Health Rider,1500,monthly,2024-05-17,True,credit_card,True,False
T1000000635,C100414,Unit Linked,9400,semi-annual,2024-04-09,False,,False,False
T1000000636,C100415,Personal Accident,650,quarterly,2019-10-15,False,,False,False
T1000000637,C100415,Health Rider,1300,quarterly,2019-10-05,False,,False,False
T1000000638,C100416,Term Life,1150,quarterly,2024-01-09,True,credit_card,False,False
T1000000639,C100416,Whole Life,13050,semi-annual,2022-05-07,True,credit_card,False,False
T1000000640,C100417,Whole Life,4200,annual,2023-06-14,False,,False,False
T1000000641,C100417,Personal Accident,450,quarterly,2020-03-16,True,credit_card,True,False
T1000000642,C100418,Endowment,3600,monthly,2022-11-25,False,,False,False
T1000000643,C100418,Health Rider,1900,monthly,2023-11-06,True,credit_card,False,False
T1000000644,C100419,Term Life,850,quarterly,2021-10-25,False,,False,False
T1000000645,C100420,Term Life,2250,annual,2023-04-17,False,,False,False
T1000000646,C100421,Health Rider,1750,quarterly,2022-10-06,True,credit_card,False,False
T1000000647,C100422,Term Life,1950,monthly,2023-08-24,False,,False,False
T1000000648,C100423,Endowment,6700,annual,2022-02-22,True,bank_debit,True,True
T1000000649,C100424,Whole Life,2150,monthly,2019-09-27,True,bank_debit,True,False
T1000000650,C100425,Whole Life,4700,annual,2025-05-23,False,,False,False
T1000000651,C100426,Personal Accident,300,monthly,2023-10-14,True,credit_card,True,False
T1000000652,C100427,Term Life,2150,quarterly,2023-06-24,True,bank_debit,True,False
T1000000653,C100428,Health Rider,350,quarterly,2024-02-29,True,bank_debit,True,False
T1000000654,C100429,Health Rider,950,monthly,2019-09-15,True,credit_card,True,False
T1000000655,C100430,Term Life,1800,monthly,2018-12-02,True,bank_debit,True,False
T1000000656,C100431,Health Rider,1300,quarterly,2020-06-04,True,credit_card,False,False
T1000000657,C100431,Unit Linked,10500,monthly,2023-03-07,True,bank_debit,True,False
T1000000658,C100432,Endowment,3400,quarterly,2021-06-07,True,credit_card,False,True
T1000000659,C100433,Health Rider,1100,quarterly,2021-10-24,True,credit_card,False,False
T1000000660,C100434,Whole Life,7700,monthly,2025-12-10,False,,False,False
T1000000661,C100435,Term Life,550,quarterly,2022-01-10,False,,False,False
T1000000662,C100436,Personal Accident,200,monthly,2019-12-26,False,,False,False
T1000000663,C100437,Health Rider,1550,monthly,2022-12-08,False,,False,False
T1000000664,C100438,Health Rider,2000,monthly,2017-10-24,False,,False,False
T1000000665,C100439,Health Rider,1350,annual,2020-03-20,True,bank_debit,True,False
T1000000666,C100439,Term Life,2500,quarterly,2017-10-22,False,,False,False
T1000000667,C100439,Whole Life,8750,monthly,2019-03-02,False,,False,False
T1000000668,C100440,Personal Accident,900,monthly,2023-01-24,True,bank_debit,True,False
T1000000669,C100440,Endowment,11000,annual,2022-03-14,False,,False,False
T1000000670,C100441,Health Rider,2000,annual,2023-08-16,False,,False,False
T1000000671,C100442,Personal Accident,400,quarterly,2024-01-11,True,bank_debit,True,False
T1000000672,C100443,Health Rider,1150,quarterly,2022-09-19,False,,False,False
T1000000673,C100443,Personal Accident,850,quarterly,2020-03-12,False,,False,False
T1000000674,C100444,Health Rider,1000,quarterly,2023-04-16,True,credit_card,False,False
T1000000675,C100445,Unit Linked,17250,monthly,2022-09-16,False,,False,False
T1000000676,C100445,Endowment,9750,monthly,2020-03-23,True,bank_debit,True,False
T1000000677,C100445,Personal Accident,650,monthly,2021-07-23,False,,False,False
T1000000678,C100446,Endowment,4800,quarterly,2019-12-03,False,,False,False
T1000000679,C100447,Term Life,1900,semi-annual,2025-01-25,False,,False,False
T1000000680,C100448,Unit Linked,12550,annual,2022-07-28,False,,False,False
T1000000681,C100449,Whole Life,13200,monthly,2020-12-21,False,,False,False
T1000000682,C100449,Term Life,2550,monthly,2020-12-13,False,,False,False
T1000000683,C100449,Health Rider,1700,quarterly,2019-02-15,True,bank_debit,True,False
T1000000684,C100450,Health Rider,800,quarterly,2025-10-03,False,,False,False
T1000000685,C100450,Whole Life,5900,monthly,2025-11-28,False,,False,False
T1000000686,C100450,Health Rider,1950,monthly,2025-09-16,True,credit_card,False,False
T1000000687,C100451,Health Rider,700,monthly,2023-04-04,False,,False,False
T1000000688,C100451,Term Life,1350,monthly,2022-06-23,True,credit_card,False,False
T1000000689,C100452,Term Life,1750,monthly,2019-04-04,False,,False,False
T1000000690,C100453,Endowment,3300,annual,2016-02-08,True,bank_debit,True,False
T1000000691,C100453,Health Rider,600,annual,2023-03-18,False,,True,False
T1000000692,C100454,Term Life,1150,monthly,2020-07-12,True,bank_debit,True,False
T1000000693,C100455,Personal Accident,400,monthly,2023-10-07,False,,False,False
T1000000694,C100456,Whole Life,11450,monthly,2023-01-28,False,,False,False
T1000000695,C100456,Unit Linked,6450,monthly,2019-11-05,False,,False,False
T1000000696,C100457,Endowment,9850,monthly,2025-01-27,False,,False,False
T1000000697,C100457,Term Life,1800,quarterly,2024-10-21,False,,True,False
T1000000698,C100457,Term Life,2050,monthly,2024-12-10,True,bank_debit,True,False
T1000000699,C100458,Endowment,10900,semi-annual,2025-04-06,False,,False,False
T1000000700,C100459,Health Rider,1000,annual,2015-06-29,True,bank_debit,True,False
T1000000701,C100460,Unit Linked,9950,annual,2018-08-22,True,bank_debit,True,False
T1000000702,C100461,Health Rider,400,monthly,2024-04-27,False,,False,False
T1000000703,C100462,Whole Life,12250,monthly,2016-09-27,True,credit_card,False,True
T1000000704,C100463,Endowment,11400,annual,2021-06-17,True,bank_debit,True,False
T1000000705,C100463,Endowment,11000,monthly,2016-06-04,True,credit_card,False,True
T1000000706,C100464,Health Rider,750,annual,2018-07-20,False,,False,False
T1000000707,C100465,Endowment,6700,semi-annual,2024-08-23,False,,False,False
T1000000708,C100465,Health Rider,900,monthly,2023-01-30,False,,False,False
T1000000709,C100466,Whole Life,11550,monthly,2016-09-12,False,,False,False
T1000000710,C100467,Whole Life,6150,quarterly,2022-12-14,False,,False,False
T1000000711,C100468,Unit Linked,9650,monthly,2022-06-10,True,bank_debit,True,False
T1000000712,C100469,Whole Life,4250,semi-annual,2022-02-12,False,,False,False
T1000000713,C100470,Endowment,10850,monthly,2023-10-11,False,,False,False
T1000000714,C100471,Personal Accident,300,annual,2025-11-19,True,credit_card,False,False
T1000000715,C100471,Health Rider,1800,annual,2025-12-09,True,credit_card,False,False
T1000000716,C100472,Term Life,650,monthly,2016-11-11,False,,False,False
T1000000717,C100472,Endowment,5150,quarterly,2017-06-13,True,bank_debit,True,False
T1000000718,C100472,Whole Life,6900,quarterly,2024-01-25,False,,True,False
T1000000719,C100473,Health Rider,1650,annual,2023-10-15,False,,False,False
T1000000720,C100474,Term Life,700,semi-annual,2024-02-27,True,bank_debit,True,False
T1000000721,C100475,Health Rider,900,quarterly,2022-12-03,False,,False,False
T1000000722,C100475,Endowment,10650,monthly,2024-01-30,True,bank_debit,True,False
T1000000723,C100475,Unit Linked,12050,annual,2022-12-30,True,bank_debit,True,False
T1000000724,C100476,Health Rider,1150,quarterly,2022-04-07,False,,False,False
T1000000725,C100477,Health Rider,650,monthly,2023-03-25,False,,False,False
T1000000726,C100477,Term Life,2950,monthly,2024-03-01,False,,False,False
T1000000727,C100478,Unit Linked,19450,monthly,2024-01-10,True,bank_debit,True,False
T1000000728,C100478,Health Rider,1900,semi-annual,2019-11-14,True,bank_debit,True,False
T1000000729,C100478,Term Life,2450,monthly,2023-10-16,True,bank_debit,True,False
T1000000730,C100479,Unit Linked,18150,monthly,2016-06-12,True,bank_debit,True,False
T1000000731,C100479,Term Life,1950,quarterly,2015-04-17,False,,False,False
T1000000732,C100480,Health Rider,1450,monthly,2020-02-08,True,bank_debit,True,False
T1000000733,C100481,Endowment,5200,annual,2018-02-19,False,,False,False
T1000000734,C100481,Term Life,1800,semi-annual,2017-12-14,False,,True,False
T1000000735,C100482,Health Rider,750,monthly,2021-09-24,False,,False,False
T1000000736,C100483,Term Life,2300,monthly,2016-12-11,False,,False,False
T1000000737,C100484,Whole Life,14400,annual,2022-01-10,False,,False,True
T1000000738,C100484,Unit Linked,17450,quarterly,2015-05-26,True,credit_card,False,False
T1000000739,C100484,Whole Life,7600,semi-annual,2015-09-04,True,bank_debit,True,False
T1000000740,C100485,Term Life,2000,quarterly,2022-09-04,True,credit_card,False,False
T1000000741,C100486,Personal Accident,300,semi-annual,2020-07-06,False,,True,False
T1000000742,C100486,Term Life,800,monthly,2021-03-09,False,,False,False
T1000000743,C100487,Whole Life,5150,monthly,2025-11-29,False,,False,False
T1000000744,C100488,Whole Life,11450,monthly,2020-02-22,False,,False,False
T1000000745,C100489,Term Life,2150,monthly,2018-08-18,False,,True,False
T1000000746,C100489,Whole Life,5700,monthly,2022-06-26,False,,False,False
T1000000747,C100490,Endowment,3050,annual,2020-03-28,False,,True,True
T1000000748,C100490,Health Rider,850,monthly,2022-09-28,True,credit_card,False,False
T1000000749,C100491,Unit Linked,9550,annual,2025-10-16,False,,False,False
T1000000750,C100492,Personal Accident,450,semi-annual,2018-03-22,False,,False,False
T1000000751,C100492,Term Life,2250,monthly,2019-05-22,True,bank_debit,True,False
T1000000752,C100493,Personal Accident,850,quarterly,2024-12-14,False,,False,False
T1000000753,C100494,Whole Life,13800,quarterly,2024-11-20,False,,True,False
T1000000754,C100494,Term Life,1100,monthly,2023-06-08,False,,False,False
T1000000755,C100494,Health Rider,1850,annual,2022-01-18,False,,False,False
T1000000756,C100495,Endowment,4550,semi-annual,2017-09-06,False,,False,False
T1000000757,C100495,Health Rider,1450,monthly,2020-08-09,True,bank_debit,True,False
T1000000758,C100496,Unit Linked,3800,annual,2021-11-09,False,,False,False
T1000000759,C100496,Health Rider,1100,quarterly,2020-09-07,False,,False,False
T1000000760,C100497,Health Rider,1650,monthly,2021-07-03,True,bank_debit,True,False
T1000000761,C100498,Term Life,1400,monthly,2022-09-05,False,,False,False
T1000000762,C100499,Whole Life,10000,monthly,2022-02-03,True,credit_card,False,False
T1000000763,C100499,Endowment,6800,monthly,2020-11-21,False,,False,False
T1000000764,C100499,Term Life,2800,annual,2023-10-20,False,,False,False
T1000000765,C100500,Health Rider,1500,annual,2021-07-22,False,,False,False
T1000000766,C100501,Personal Accident,750,annual,2023-09-12,True,bank_debit,True,False
T1000000767,C100502,Health Rider,1850,annual,2022-11-24,True,bank_debit,True,False
T1000000768,C100502,Term Life,2700,quarterly,2023-04-13,True,credit_card,False,False
T1000000769,C100503,Endowment,7500,quarterly,2022-07-04,False,,False,False
T1000000770,C100503,Term Life,1650,quarterly,2020-03-07,True,bank_debit,True,False
T1000000771,C100504,Health Rider,1850,monthly,2024-07-11,False,,False,False
T1000000772,C100504,Personal Accident,850,monthly,2024-05-24,False,,False,False
T1000000773,C100505,Unit Linked,7000,semi-annual,2025-02-16,False,,True,False
T1000000774,C100505,Unit Linked,14250,monthly,2025-03-11,False,,True,False
T1000000775,C100506,Personal Accident,550,monthly,2022-12-18,False,,False,False
T1000000776,C100506,Endowment,10150,semi-annual,2022-07-17,False,,False,False
T1000000777,C100506,Personal Accident,450,monthly,2023-06-26,False,,False,False
T1000000778,C100507,Whole Life,9350,annual,2025-10-01,False,,False,False
T1000000779,C100508,Health Rider,1150,quarterly,2023-10-27,True,credit_card,False,False
T1000000780,C100508,Whole Life,5500,annual,2024-01-08,True,bank_debit,True,False
T1000000781,C100509,Whole Life,11850,monthly,2024-02-13,False,,False,False
T1000000782,C100509,Unit Linked,13900,monthly,2023-10-28,False,,False,False
T1000000783,C100510,Endowment,8450,monthly,2023-11-18,False,,False,False
T1000000784,C100510,Unit Linked,3450,semi-annual,2019-11-05,False,,False,False
T1000000785,C100511,Term Life,700,monthly,2020-12-27,False,,False,False
T1000000786,C100512,Term Life,2700,monthly,2017-12-09,True,credit_card,False,False
T1000000787,C100513,Health Rider,1250,annual,2022-02-14,False,,False,False
T1000000788,C100514,Term Life,2650,semi-annual,2017-08-10,False,,False,False
T1000000789,C100514,Endowment,5900,semi-annual,2020-07-26,True,credit_card,True,False
T1000000790,C100515,Term Life,1750,monthly,2019-11-10,False,,False,False
T1000000791,C100516,Personal Accident,400,monthly,2025-12-04,False,,False,False
T1000000792,C100516,Personal Accident,700,annual,2025-11-02,False,,False,False
T1000000793,C100517,Unit Linked,16150,monthly,2013-02-13,False,,False,False
T1000000794,C100517,Endowment,3800,monthly,2015-10-26,True,credit_card,False,True
T1000000795,C100518,Health Rider,750,monthly,2025-06-29,False,,False,False
T1000000796,C100519,Whole Life,5500,quarterly,2020-07-05,True,credit_card,False,False
T1000000797,C100519,Health Rider,1450,quarterly,2018-05-25,False,,False,False
T1000000798,C100520,Endowment,9400,monthly,2022-10-22,False,,False,False
T1000000799,C100521,Endowment,10750,quarterly,2022-02-20,False,,False,True
T1000000800,C100522,Unit Linked,8200,quarterly,2022-01-20,True,bank_debit,True,False
T1000000801,C100523,Endowment,7800,monthly,2017-05-19,False,,False,False
T1000000802,C100524,Whole Life,9700,quarterly,2025-10-16,True,bank_debit,True,False
T1000000803,C100524,Health Rider,1500,monthly,2025-09-28,False,,False,False
T1000000804,C100525,Term Life,2200,monthly,2019-11-15,True,credit_card,False,False
T1000000805,C100526,Whole Life,6900,annual,2022-12-13,True,credit_card,False,True
T1000000806,C100527,Whole Life,12750,monthly,2024-08-05,False,,False,False
T1000000807,C100528,Endowment,8300,monthly,2020-11-19,True,credit_card,False,False
T1000000808,C100528,Whole Life,6600,annual,2018-11-14,False,,False,False
T1000000809,C100529,Personal Accident,700,monthly,2018-02-10,True,bank_debit,True,False
T1000000810,C100530,Term Life,1400,semi-annual,2023-05-28,True,credit_card,False,False
T1000000811,C100531,Endowment,5250,monthly,2017-01-12,True,credit_card,False,False
T1000000812,C100531,Whole Life,8300,monthly,2021-06-20,False,,False,False
T1000000813,C100531,Health Rider,500,annual,2020-10-03,True,bank_debit,True,False
T1000000814,C100532,Whole Life,14100,monthly,2023-11-01,False,,False,False
T1000000815,C100533,Whole Life,10700,monthly,2023-02-23,False,,False,False
T1000000816,C100534,Term Life,1150,quarterly,2022-06-15,False,,False,False
T1000000817,C100535,Health Rider,400,annual,2023-12-25,False,,False,False
T1000000818,C100535,Whole Life,6700,annual,2020-12-20,False,,False,False
T1000000819,C100536,Endowment,8850,monthly,2022-08-21,False,,False,False
T1000000820,C100536,Term Life,900,monthly,2024-05-17,True,credit_card,False,False
T1000000821,C100537,Term Life,2950,annual,2023-08-18,False,,False,False
T1000000822,C100538,Endowment,6400,annual,2020-01-06,False,,False,True
T1000000823,C100538,Health Rider,1650,monthly,2024-04-15,True,credit_card,False,False
T1000000824,C100539,Health Rider,850,semi-annual,2025-12-07,False,,False,False
T1000000825,C100539,Health Rider,800,monthly,2025-12-04,False,,False,False
T1000000826,C100540,Health Rider,750,quarterly,2025-11-17,True,bank_debit,True,False
T1000000827,C100540,Term Life,1600,semi-annual,2025-11-12,True,credit_card,False,False
T1000000828,C100541,Term Life,700,monthly,2024-01-02,True,bank_debit,True,False
T1000000829,C100541,Health Rider,1600,monthly,2020-07-16,True,bank_debit,True,False
T1000000830,C100541,Personal Accident,550,monthly,2018-09-13,False,,False,False
T1000000831,C100542,Health Rider,1650,semi-annual,2023-11-10,False,,False,False
T1000000832,C100542,Endowment,3050,monthly,2025-01-16,True,bank_debit,True,False
T1000000833,C100543,Personal Accident,300,monthly,2019-02-03,True,credit_card,False,False
T1000000834,C100544,Unit Linked,5750,monthly,2019-02-07,True,bank_debit,True,False
T1000000835,C100545,Term Life,2200,quarterly,2024-09-07,False,,True,False
T1000000836,C100545,Personal Accident,850,monthly,2025-01-01,True,credit_card,False,False
T1000000837,C100545,Term Life,2800,semi-annual,2025-06-22,False,,False,False
T1000000838,C100546,Term Life,1800,semi-annual,2025-04-09,False,,False,False
T1000000839,C100547,Unit Linked,16500,monthly,2022-11-16,False,,False,False
T1000000840,C100548,Term Life,550,monthly,2024-04-03,True,credit_card,False,False
T1000000841,C100548,Unit Linked,19200,annual,2018-09-23,True,bank_debit,True,False
T1000000842,C100548,Term Life,900,annual,2019-10-14,True,bank_debit,True,False
T1000000843,C100549,Whole Life,13350,monthly,2024-08-18,False,,False,False
T1000000844,C100549,Whole Life,4700,annual,2021-01-01,False,,False,False
T1000000845,C100550,Health Rider,1250,annual,2023-05-18,True,bank_debit,True,False
T1000000846,C100550,Health Rider,350,semi-annual,2024-02-22,True,credit_card,False,False
T1000000847,C100551,Health Rider,650,monthly,2024-07-05,False,,False,False
T1000000848,C100551,Term Life,800,annual,2024-08-06,False,,False,False
T1000000849,C100552,Health Rider,850,annual,2024-09-27,True,bank_debit,True,False
T1000000850,C100553,Personal Accident,400,annual,2023-06-20,True,credit_card,False,False
T1000000851,C100553,Whole Life,4200,semi-annual,2019-04-09,True,bank_debit,True,False
T1000000852,C100554,Whole Life,5450,monthly,2024-11-07,False,,False,False
T1000000853,C100554,Unit Linked,9250,monthly,2022-09-06,False,,False,False
T1000000854,C100554,Whole Life,9750,annual,2023-05-04,False,,False,False
T1000000855,C100555,Personal Accident,350,monthly,2019-03-28,True,bank_debit,True,False
T1000000856,C100556,Endowment,9750,annual,2022-07-17,True,bank_debit,True,False
T1000000857,C100557,Term Life,1750,monthly,2025-02-06,True,credit_card,False,False
T1000000858,C100557,Personal Accident,550,quarterly,2024-01-19,True,bank_debit,True,False
T1000000859,C100558,Health Rider,700,monthly,2023-09-04,True,bank_debit,True,False
T1000000860,C100559,Endowment,4350,annual,2025-09-23,False,,False,False
T1000000861,C100560,Whole Life,3250,quarterly,2022-02-12,False,,False,False
T1000000862,C100561,Term Life,1950,annual,2022-03-02,False,,False,False
T1000000863,C100562,Health Rider,1700,monthly,2021-01-17,False,,False,False
T1000000864,C100563,Unit Linked,10000,monthly,2025-10-31,False,,False,False
T1000000865,C100563,Endowment,4200,quarterly,2025-11-15,False,,False,False
T1000000866,C100564,Endowment,3550,monthly,2016-01-18,False,,False,False
T1000000867,C100564,Whole Life,13700,quarterly,2016-06-22,False,,False,False
T1000000868,C100565,Whole Life,7350,quarterly,2015-11-06,True,credit_card,False,True
T1000000869,C100565,Term Life,1550,quarterly,2022-01-08,True,bank_debit,True,False
T1000000870,C100566,Health Rider,1650,monthly,2017-07-18,False,,False,False
T1000000871,C100567,Whole Life,2300,monthly,2020-07-22,False,,False,False
T1000000872,C100568,Health Rider,650,monthly,2023-01-07,False,,False,False
T1000000873,C100569,Unit Linked,15350,monthly,2025-06-29,False,,False,False
T1000000874,C100569,Term Life,800,annual,2025-06-26,False,,False,False
T1000000875,C100570,Whole Life,9850,semi-annual,2022-05-27,True,bank_debit,True,False
T1000000876,C100570,Term Life,1050,annual,2016-10-29,True,credit_card,False,False
T1000000877,C100570,Whole Life,13800,quarterly,2020-01-02,True,bank_debit,True,False
T1000000878,C100571,Health Rider,450,quarterly,2022-06-07,False,,False,False
T1000000879,C100572,Endowment,6150,monthly,2025-09-29,False,,False,False
T1000000880,C100572,Whole Life,14550,annual,2025-10-12,False,,False,False
T1000000881,C100572,Term Life,900,monthly,2025-12-06,False,,False,False
T1000000882,C100573,Whole Life,3450,semi-annual,2024-01-03,True,credit_card,False,False
T1000000883,C100574,Health Rider,1550,semi-annual,2019-03-25,False,,False,False
T1000000884,C100575,Term Life,900,semi-annual,2023-03-29,False,,False,False
T1000000885,C100575,Health Rider,1200,annual,2024-10-28,True,bank_debit,True,False
T1000000886,C100576,Unit Linked,14550,annual,2024-02-06,False,,False,False
T1000000887,C100577,Personal Accident,500,semi-annual,2025-10-04,False,,False,False
T1000000888,C100577,Whole Life,3450,quarterly,2025-10-15,False,,False,False
T1000000889,C100577,Whole Life,3750,annual,2025-10-03,False,,False,False
T1000000890,C100578,Personal Accident,950,semi-annual,2025-11-12,True,credit_card,False,False
T1000000891,C100579,Whole Life,4800,annual,2022-11-13,False,,False,False
T1000000892,C100579,Whole Life,13000,semi-annual,2020-10-10,True,bank_debit,True,False
T1000000893,C100580,Personal Accident,600,annual,2020-07-01,False,,False,False
T1000000894,C100581,Whole Life,13850,annual,2024-11-23,False,,False,False
T1000000895,C100582,Whole Life,4700,quarterly,2024-05-09,True,credit_card,False,False
T1000000896,C100583,Health Rider,650,monthly,2017-04-08,True,bank_debit,True,False
T1000000897,C100583,Personal Accident,450,quarterly,2018-07-03,True,credit_card,False,False
T1000000898,C100583,Whole Life,7600,quarterly,2018-06-14,False,,False,False
T1000000899,C100584,Personal Accident,850,monthly,2023-06-14,True,bank_debit,True,False
T1000000900,C100585,Term Life,1350,annual,2021-06-09,True,credit_card,False,False
T1000000901,C100585,Whole Life,3050,semi-annual,2021-04-19,False,,False,False
T1000000902,C100586,Health Rider,1550,semi-annual,2022-08-25,False,,False,False
T1000000903,C100587,Unit Linked,9650,semi-annual,2024-02-07,False,,False,False
T1000000904,C100588,Personal Accident,500,semi-annual,2021-03-02,True,credit_card,False,False
T1000000905,C100589,Health Rider,1900,quarterly,2019-05-25,False,,False,False
T1000000906,C100589,Health Rider,1550,quarterly,2021-06-12,True,credit_card,False,False
T1000000907,C100590,Health Rider,1150,monthly,2024-04-14,True,credit_card,False,False
T1000000908,C100591,Whole Life,6300,monthly,2023-12-13,True,credit_card,False,False
T1000000909,C100592,Personal Accident,300,monthly,2024-01-15,False,,True,False
T1000000910,C100592,Endowment,8300,monthly,2021-03-28,False,,False,False
T1000000911,C100593,Endowment,7850,monthly,2024-06-26,False,,False,False
T1000000912,C100594,Whole Life,10850,annual,2025-04-08,False,,False,False
T1000000913,C100595,Endowment,9600,monthly,2016-08-24,True,bank_debit,True,False
T1000000914,C100596,Health Rider,650,annual,2023-06-08,False,,False,False
T1000000915,C100597,Endowment,11500,monthly,2023-04-06,True,bank_debit,True,False
T1000000916,C100597,Unit Linked,9750,monthly,2024-01-28,True,bank_debit,True,False
T1000000917,C100598,Whole Life,11650,monthly,2023-06-23,False,,False,False
T1000000918,C100599,Health Rider,2000,monthly,2024-06-10,True,bank_debit,True,False
T1000000919,C100599,Personal Accident,650,annual,2018-04-19,False,,False,False
T1000000920,C100600,Health Rider,1050,monthly,2025-10-23,False,,False,False
T1000000921,C100601,Term Life,2650,quarterly,2018-05-20,True,bank_debit,True,False
T1000000922,C100601,Term Life,2700,annual,2021-10-23,True,bank_debit,True,False
T1000000923,C100601,Health Rider,1200,quarterly,2023-08-05,True,credit_card,False,False
T1000000924,C100602,Endowment,4850,monthly,2024-11-23,True,credit_card,False,False
T1000000925,C100602,Term Life,1850,monthly,2023-06-09,False,,False,False
T1000000926,C100602,Health Rider,750,monthly,2024-11-12,False,,False,False
T1000000927,C100603,Health Rider,550,semi-annual,2023-08-01,True,credit_card,True,False
T1000000928,C100604,Term Life,1900,semi-annual,2022-05-30,True,bank_debit,True,False
T1000000929,C100605,Term Life,1100,monthly,2022-10-30,True,bank_debit,True,False
T1000000930,C100606,Whole Life,5850,monthly,2020-04-29,False,,False,True
T1000000931,C100606,Health Rider,950,monthly,2014-04-25,False,,False,False
T1000000932,C100607,Health Rider,1500,monthly,2022-08-08,True,bank_debit,True,False
T1000000933,C100608,Personal Accident,200,annual,2018-10-22,True,credit_card,False,False
T1000000934,C100608,Term Life,1750,monthly,2022-09-11,False,,False,False
T1000000935,C100609,Health Rider,1750,annual,2024-05-26,False,,False,False
T1000000936,C100610,Term Life,1500,semi-annual,2017-11-24,False,,False,False
T1000000937,C100611,Health Rider,1100,annual,2020-11-23,False,,False,False
T1000000938,C100611,Term Life,2950,semi-annual,2023-03-26,True,credit_card,False,False
T1000000939,C100612,Endowment,7950,monthly,2020-09-22,False,,True,False
T1000000940,C100612,Whole Life,13200,monthly,2017-08-06,False,,False,False
T1000000941,C100613,Term Life,600,quarterly,2023-05-30,True,bank_debit,True,False
T1000000942,C100613,Unit Linked,10700,quarterly,2022-12-11,True,bank_debit,True,False
T1000000943,C100614,Term Life,2400,annual,2024-10-30,False,,False,False
T1000000944,C100614,Health Rider,300,quarterly,2024-10-18,False,,False,False
T1000000945,C100615,Health Rider,1400,annual,2022-02-19,False,,False,False
T1000000946,C100615,Health Rider,1750,quarterly,2024-11-19,False,,True,False
T1000000947,C100616,Personal Accident,400,quarterly,2018-11-24,False,,False,False
T1000000948,C100617,Term Life,1250,monthly,2021-12-27,True,bank_debit,True,False
T1000000949,C100617,Term Life,2850,annual,2022-09-26,False,,False,False
T1000000950,C100617,Term Life,1450,annual,2023-07-08,True,credit_card,False,False
T1000000951,C100618,Health Rider,1550,semi-annual,2023-05-30,False,,False,False
T1000000952,C100618,Whole Life,14800,monthly,2023-11-11,False,,False,False
T1000000953,C100619,Personal Accident,300,monthly,2016-03-30,True,bank_debit,True,False
T1000000954,C100619,Term Life,2000,monthly,2016-01-03,True,credit_card,False,False
T1000000955,C100620,Unit Linked,16050,monthly,2024-11-10,False,,False,False
T1000000956,C100620,Health Rider,950,annual,2024-12-12,True,bank_debit,True,False
T1000000957,C100620,Personal Accident,650,quarterly,2023-10-12,True,bank_debit,True,False
T1000000958,C100621,Whole Life,3600,quarterly,2024-05-06,False,,False,False
T1000000959,C100622,Personal Accident,350,quarterly,2025-09-27,True,credit_card,False,False
T1000000960,C100622,Health Rider,1750,monthly,2024-12-15,True,credit_card,False,False
T1000000961,C100623,Whole Life,7100,monthly,2013-08-05,True,credit_card,False,False
T1000000962,C100623,Endowment,9150,annual,2020-06-25,True,credit_card,False,False
T1000000963,C100624,Endowment,10850,annual,2019-05-04,True,bank_debit,True,False
T1000000964,C100625,Health Rider,1350,annual,2024-01-04,False,,False,False
T1000000965,C100625,Health Rider,1600,quarterly,2023-10-17,False,,False,False
T1000000966,C100626,Term Life,2950,monthly,2025-05-10,False,,False,False
T1000000967,C100627,Health Rider,1800,quarterly,2023-01-25,False,,False,False
T1000000968,C100628,Unit Linked,12200,monthly,2023-12-20,False,,False,False
T1000000969,C100629,Term Life,1000,quarterly,2021-08-09,True,credit_card,False,False
T1000000970,C100629,Term Life,2000,annual,2024-01-02,True,bank_debit,True,False
T1000000971,C100630,Health Rider,1850,semi-annual,2014-09-23,False,,False,False
T1000000972,C100630,Endowment,9000,semi-annual,2018-11-20,False,,False,False
T1000000973,C100631,Unit Linked,15700,annual,2018-07-21,False,,False,False
T1000000974,C100632,Term Life,2500,annual,2023-04-06,True,bank_debit,True,False
T1000000975,C100633,Health Rider,1650,quarterly,2025-07-06,False,,True,False
T1000000976,C100634,Endowment,8900,monthly,2023-07-16,True,bank_debit,True,False
T1000000977,C100635,Term Life,2800,quarterly,2013-12-25,False,,False,False
T1000000978,C100636,Personal Accident,300,monthly,2015-11-02,False,,False,False
T1000000979,C100637,Personal Accident,300,semi-annual,2021-01-08,False,,False,False
T1000000980,C100637,Whole Life,12950,annual,2023-08-31,True,bank_debit,True,False
T1000000981,C100638,Whole Life,12650,annual,2022-10-31,False,,False,False
T1000000982,C100639,Personal Accident,450,annual,2024-12-20,False,,False,False
T1000000983,C100640,Whole Life,11600,quarterly,2020-05-11,False,,False,False
T1000000984,C100640,Endowment,11550,annual,2019-10-09,False,,False,False
T1000000985,C100641,Whole Life,9200,monthly,2021-02-24,True,credit_card,False,False
T1000000986,C100642,Personal Accident,550,monthly,2021-05-30,True,bank_debit,True,False
T1000000987,C100642,Health Rider,450,monthly,2022-07-13,False,,False,False
T1000000988,C100643,Endowment,6600,semi-annual,2017-12-29,True,credit_card,False,False
T1000000989,C100644,Whole Life,10850,monthly,2023-04-11,False,,False,False
T1000000990,C100645,Endowment,7000,annual,2021-04-05,False,,False,False
T1000000991,C100646,Health Rider,1450,monthly,2024-01-06,False,,False,False
T1000000992,C100647,Personal Accident,350,semi-annual,2017-05-16,False,,False,False
T1000000993,C100647,Endowment,11600,monthly,2022-02-21,True,bank_debit,True,True
T1000000994,C100647,Unit Linked,19050,quarterly,2016-09-03,False,,False,False
T1000000995,C100648,Unit Linked,17950,quarterly,2021-02-07,False,,False,False
T1000000996,C100648,Personal Accident,500,monthly,2015-02-12,False,,False,False
T1000000997,C100649,Health Rider,1200,monthly,2019-03-20,True,bank_debit,True,False
T1000000998,C100649,Endowment,5200,annual,2023-05-21,False,,False,False
T1000000999,C100650,Endowment,11400,monthly,2019-07-30,False,,False,False
T1000001000,C100651,Health Rider,1950,quarterly,2021-09-03,True,bank_debit,True,False
T1000001001,C100651,Term Life,1000,semi-annual,2024-01-03,True,bank_debit,True,False
T1000001002,C100651,Whole Life,9300,quarterly,2024-02-22,True,bank_debit,True,False
T1000001003,C100652,Unit Linked,8000,semi-annual,2022-11-27,False,,True,False
T1000001004,C100653,Term Life,1300,monthly,2017-02-25,True,bank_debit,True,False
T1000001005,C100654,Health Rider,1850,quarterly,2021-03-14,True,credit_card,False,False
T1000001006,C100654,Term Life,1250,quarterly,2020-01-06,True,bank_debit,True,False
T1000001007,C100654,Whole Life,12050,monthly,2018-12-29,False,,False,False
T1000001008,C100655,Term Life,1350,monthly,2025-07-28,True,credit_card,False,False
T1000001009,C100656,Health Rider,1750,semi-annual,2024-10-23,True,credit_card,False,False
T1000001010,C100657,Endowment,5900,quarterly,2024-05-03,True,credit_card,False,False
T1000001011,C100658,Endowment,11400,monthly,2024-06-15,True,bank_debit,True,False
T1000001012,C100659,Unit Linked,4150,annual,2014-08-23,False,,False,False
T1000001013,C100659,Unit Linked,17350,monthly,2017-05-03,True,bank_debit,True,False
T1000001014,C100660,Health Rider,800,quarterly,2022-10-21,False,,False,False
T1000001015,C100661,Whole Life,9900,monthly,2020-12-24,False,,False,False
T1000001016,C100661,Whole Life,6050,annual,2020-11-02,False,,False,False
T1000001017,C100661,Term Life,2850,quarterly,2016-05-27,True,bank_debit,True,False
T1000001018,C100662,Term Life,550,quarterly,2023-06-08,False,,False,False
T1000001019,C100663,Health Rider,1050,monthly,2022-10-15,True,credit_card,False,False
T1000001020,C100663,Endowment,3050,monthly,2022-01-08,True,bank_debit,True,True
T1000001021,C100664,Whole Life,11250,annual,2024-12-07,True,bank_debit,True,False
T1000001022,C100664,Health Rider,1150,quarterly,2024-02-03,False,,True,False
T1000001023,C100665,Whole Life,6950,quarterly,2024-02-20,False,,False,False
T1000001024,C100665,Personal Accident,950,quarterly,2020-05-10,False,,False,False
T1000001025,C100666,Health Rider,1900,annual,2021-01-06,True,credit_card,False,False
T1000001026,C100667,Unit Linked,14500,quarterly,2025-07-03,False,,False,False
T1000001027,C100668,Endowment,4150,semi-annual,2024-09-05,True,credit_card,False,False
T1000001028,C100668,Health Rider,1150,monthly,2022-05-16,True,credit_card,False,False
T1000001029,C100669,Health Rider,1150,annual,2024-03-27,False,,False,False
T1000001030,C100669,Health Rider,700,quarterly,2022-04-23,False,,False,False
T1000001031,C100670,Health Rider,500,annual,2021-05-15,True,bank_debit,True,False
T1000001032,C100671,Term Life,2550,annual,2017-09-25,False,,True,False
T1000001033,C100672,Term Life,1000,semi-annual,2024-08-02,False,,False,False
T1000001034,C100672,Whole Life,12950,monthly,2025-01-22,False,,False,False
T1000001035,C100673,Endowment,6700,monthly,2020-07-29,True,credit_card,False,False
T1000001036,C100674,Health Rider,1450,quarterly,2023-03-20,True,bank_debit,True,False
T1000001037,C100675,Endowment,4200,monthly,2025-11-28,True,bank_debit,True,False
T1000001038,C100675,Health Rider,700,annual,2025-12-08,False,,False,False
T1000001039,C100675,Term Life,2150,quarterly,2025-11-04,True,credit_card,False,False
T1000001040,C100676,Term Life,2600,monthly,2022-08-20,False,,False,False
T1000001041,C100677,Personal Accident,850,annual,2018-01-28,False,,False,False
T1000001042,C100678,Whole Life,13100,monthly,2025-09-29,False,,False,False
T1000001043,C100678,Whole Life,7900,monthly,2025-09-25,True,bank_debit,True,False
T1000001044,C100679,Endowment,4150,monthly,2019-08-12,False,,False,False
T1000001045,C100680,Endowment,3250,quarterly,2022-12-02,True,credit_card,False,False
T1000001046,C100681,Unit Linked,15300,monthly,2023-01-09,False,,False,False
T1000001047,C100682,Term Life,500,quarterly,2020-05-19,False,,False,False
T1000001048,C100683,Whole Life,4400,annual,2025-04-30,True,bank_debit,True,False
T1000001049,C100684,Health Rider,1050,monthly,2018-05-16,False,,False,False
T1000001050,C100684,Personal Accident,900,quarterly,2013-06-09,False,,False,False
T1000001051,C100685,Health Rider,1150,quarterly,2022-02-13,False,,False,False
T1000001052,C100686,Term Life,2100,semi-annual,2019-06-15,True,bank_debit,True,False
T1000001053,C100687,Endowment,3450,monthly,2020-06-12,True,credit_card,False,False
T1000001054,C100687,Health Rider,800,semi-annual,2015-03-14,False,,False,False
T1000001055,C100688,Term Life,1550,quarterly,2021-07-17,False,,False,False
T1000001056,C100689,Whole Life,4150,quarterly,2025-05-09,False,,False,False
T1000001057,C100690,Health Rider,850,quarterly,2022-11-27,False,,False,False
T1000001058,C100691,Term Life,1100,monthly,2017-11-05,True,credit_card,False,False
T1000001059,C100692,Personal Accident,600,annual,2021-11-30,False,,False,False
T1000001060,C100693,Unit Linked,15650,quarterly,2025-10-03,False,,False,False
T1000001061,C100694,Term Life,2500,annual,2021-06-19,False,,False,False
T1000001062,C100694,Health Rider,1100,quarterly,2021-03-19,False,,False,False
T1000001063,C100695,Endowment,11000,annual,2025-08-20,False,,False,False
T1000001064,C100695,Whole Life,11550,monthly,2025-10-18,False,,False,False
T1000001065,C100695,Endowment,7300,quarterly,2025-07-03,False,,False,False
T1000001066,C100696,Unit Linked,13650,annual,2019-05-18,False,,False,False
T1000001067,C100696,Term Life,550,semi-annual,2014-02-07,True,bank_debit,True,False
T1000001068,C100697,Health Rider,1700,monthly,2022-06-03,True,credit_card,False,False
T1000001069,C100698,Term Life,2650,quarterly,2023-03-20,True,bank_debit,True,False
T1000001070,C100698,Term Life,1000,annual,2024-02-15,True,credit_card,False,False
T1000001071,C100699,Term Life,950,annual,2023-02-04,False,,False,False
T1000001072,C100700,Term Life,500,semi-annual,2025-12-01,False,,False,False
T1000001073,C100701,Term Life,1900,quarterly,2024-05-03,False,,False,False
T1000001074,C100701,Personal Accident,600,quarterly,2023-12-08,True,bank_debit,True,False
T1000001075,C100701,Whole Life,11600,semi-annual,2025-01-12,True,bank_debit,True,False
T1000001076,C100702,Term Life,1000,annual,2015-10-31,False,,False,False
T1000001077,C100702,Personal Accident,800,quarterly,2017-01-07,False,,False,False
T1000001078,C100703,Whole Life,10350,annual,2014-03-01,True,credit_card,False,False
T1000001079,C100704,Term Life,1400,monthly,2016-09-28,True,credit_card,False,False
T1000001080,C100704,Personal Accident,550,semi-annual,2018-03-04,False,,False,False
T1000001081,C100704,Whole Life,5550,monthly,2018-06-02,False,,False,False
T1000001082,C100705,Term Life,1350,monthly,2021-01-26,True,credit_card,False,False
T1000001083,C100706,Unit Linked,7050,annual,2021-08-08,False,,False,False
T1000001084,C100707,Term Life,1550,monthly,2023-08-14,False,,False,False
T1000001085,C100708,Term Life,2050,annual,2017-08-27,True,bank_debit,True,False
T1000001086,C100709,Term Life,2450,annual,2021-03-25,False,,False,False
T1000001087,C100709,Endowment,5600,semi-annual,2023-08-11,True,credit_card,False,False
T1000001088,C100709,Endowment,6250,monthly,2024-08-01,True,bank_debit,True,False
T1000001089,C100710,Health Rider,1050,semi-annual,2013-12-11,False,,False,False
T1000001090,C100711,Term Life,750,monthly,2021-08-20,False,,False,False
T1000001091,C100712,Whole Life,3700,annual,2025-10-25,True,credit_card,False,False
T1000001092,C100712,Term Life,1650,semi-annual,2025-11-10,False,,False,False
T1000001093,C100713,Unit Linked,14700,annual,2025-02-22,True,credit_card,False,False
T1000001094,C100713,Health Rider,1150,monthly,2024-06-03,False,,False,False
T1000001095,C100714,Whole Life,7750,monthly,2023-01-30,False,,False,False
T1000001096,C100714,Unit Linked,9700,annual,2022-04-19,False,,False,False
T1000001097,C100714,Whole Life,4300,monthly,2024-11-30,False,,False,False
T1000001098,C100715,Endowment,11000,annual,2023-08-30,False,,False,False
T1000001099,C100715,Personal Accident,700,quarterly,2021-06-02,False,,False,False
T1000001100,C100715,Term Life,2650,semi-annual,2024-01-01,False,,False,False
T1000001101,C100716,Endowment,6100,monthly,2019-11-03,True,credit_card,False,False
T1000001102,C100716,Personal Accident,950,annual,2022-09-17,False,,False,False
T1000001103,C100716,Health Rider,900,quarterly,2024-05-14,False,,False,False
T1000001104,C100717,Term Life,2000,quarterly,2008-09-23,False,,False,False
T1000001105,C100717,Term Life,850,semi-annual,2019-11-26,False,,False,False
T1000001106,C100718,Endowment,9850,quarterly,2024-12-12,True,credit_card,False,False
T1000001107,C100719,Term Life,2250,monthly,2022-12-30,False,,False,False
T1000001108,C100719,Health Rider,1900,monthly,2021-04-05,False,,False,False
T1000001109,C100719,Whole Life,4300,annual,2022-05-18,False,,False,False
T1000001110,C100720,Unit Linked,19600,semi-annual,2022-09-19,False,,False,False
T1000001111,C100721,Health Rider,1300,monthly,2019-12-17,True,credit_card,False,False
T1000001112,C100722,Personal Accident,250,quarterly,2023-09-21,True,bank_debit,True,False
T1000001113,C100723,Unit Linked,10450,annual,2025-01-11,True,credit_card,False,False
T1000001114,C100724,Health Rider,1500,semi-annual,2020-10-28,False,,False,False
T1000001115,C100724,Whole Life,8450,annual,2024-08-07,True,credit_card,False,False
T1000001116,C100725,Term Life,2450,monthly,2023-03-04,False,,False,False
T1000001117,C100725,Unit Linked,10100,monthly,2018-03-13,True,credit_card,False,False
T1000001118,C100725,Whole Life,10250,annual,2017-09-12,False,,False,False
T1000001119,C100726,Health Rider,1300,monthly,2018-06-18,False,,False,False
T1000001120,C100727,Endowment,5550,quarterly,2022-06-05,False,,False,False
T1000001121,C100728,Whole Life,6650,quarterly,2019-08-17,False,,False,False
T1000001122,C100729,Whole Life,7700,monthly,2020-02-20,False,,False,False
T1000001123,C100729,Term Life,1150,annual,2022-04-23,True,bank_debit,True,False
T1000001124,C100730,Personal Accident,900,monthly,2024-07-16,False,,False,False
T1000001125,C100731,Whole Life,7950,quarterly,2024-12-22,False,,False,False
T1000001126,C100732,Unit Linked,3250,monthly,2021-12-06,True,bank_debit,True,False
T1000001127,C100732,Whole Life,5000,quarterly,2024-04-03,False,,False,False
T1000001128,C100733,Health Rider,1300,monthly,2021-01-04,False,,False,False
T1000001129,C100734,Health Rider,1350,semi-annual,2024-03-23,True,bank_debit,True,False
T1000001130,C100735,Whole Life,6750,annual,2023-08-20,True,bank_debit,True,False
T1000001131,C100736,Term Life,2500,annual,2024-04-13,True,bank_debit,True,False
T1000001132,C100737,Personal Accident,450,monthly,2024-10-21,True,bank_debit,True,False
T1000001133,C100737,Personal Accident,250,monthly,2025-03-06,True,credit_card,False,False
T1000001134,C100738,Personal Accident,900,semi-annual,2025-10-22,False,,False,False
T1000001135,C100739,Health Rider,1300,quarterly,2021-12-07,True,credit_card,False,False
T1000001136,C100740,Unit Linked,11700,annual,2025-01-12,True,bank_debit,True,False
T1000001137,C100740,Whole Life,3450,monthly,2025-01-10,False,,False,False
T1000001138,C100741,Health Rider,950,annual,2024-03-23,False,,False,False
T1000001139,C100741,Whole Life,5300,semi-annual,2023-02-09,False,,False,False
T1000001140,C100742,Whole Life,11900,annual,2023-05-09,False,,True,False
T1000001141,C100743,Whole Life,2750,semi-annual,2025-01-29,True,credit_card,False,False
T1000001142,C100743,Unit Linked,19650,annual,2025-08-02,False,,False,False
T1000001143,C100744,Whole Life,4600,semi-annual,2017-10-16,True,credit_card,False,False
T1000001144,C100745,Whole Life,9550,quarterly,2023-12-29,False,,False,False
T1000001145,C100746,Term Life,2300,annual,2024-07-14,True,credit_card,False,False
T1000001146,C100746,Health Rider,1250,semi-annual,2024-05-19,True,bank_debit,True,False
T1000001147,C100747,Term Life,2400,annual,2023-04-18,False,,False,False
T1000001148,C100748,Term Life,2850,monthly,2018-08-14,True,bank_debit,True,False
T1000001149,C100749,Health Rider,1600,quarterly,2022-09-10,False,,False,False
T1000001150,C100749,Term Life,1400,semi-annual,2023-04-27,True,bank_debit,True,False
T1000001151,C100750,Whole Life,2000,quarterly,2022-10-21,False,,False,False
T1000001152,C100750,Endowment,9100,annual,2023-05-14,True,credit_card,True,False
T1000001153,C100751,Endowment,4400,quarterly,2015-06-30,True,bank_debit,True,False
T1000001154,C100751,Health Rider,1200,monthly,2019-09-30,False,,False,False
T1000001155,C100751,Endowment,11100,semi-annual,2016-11-30,True,credit_card,False,False
T1000001156,C100752,Term Life,1250,monthly,2023-09-14,True,bank_debit,True,False
T1000001157,C100752,Health Rider,1550,quarterly,2023-01-17,True,credit_card,False,False
T1000001158,C100753,Term Life,2800,annual,2017-06-16,False,,False,False
T1000001159,C100754,Personal Accident,900,annual,2016-01-22,False,,False,False
T1000001160,C100754,Endowment,7850,semi-annual,2017-01-31,False,,False,False
T1000001161,C100755,Term Life,850,semi-annual,2025-11-08,True,credit_card,False,False
T1000001162,C100756,Term Life,1450,quarterly,2017-01-01,True,bank_debit,True,False
T1000001163,C100756,Health Rider,1950,monthly,2017-12-27,False,,False,False
T1000001164,C100757,Health Rider,900,monthly,2024-02-10,True,credit_card,False,False
T1000001165,C100758,Health Rider,1600,monthly,2015-08-07,False,,False,False
T1000001166,C100759,Health Rider,1700,quarterly,2023-07-07,True,credit_card,False,False
T1000001167,C100760,Health Rider,1850,monthly,2018-11-22,False,,False,False
T1000001168,C100760,Term Life,1300,monthly,2022-07-06,True,bank_debit,True,False
T1000001169,C100761,Unit Linked,18350,monthly,2024-09-28,False,,False,False
T1000001170,C100762,Unit Linked,19550,monthly,2021-02-02,False,,False,False
T1000001171,C100763,Unit Linked,18850,monthly,2024-02-23,True,credit_card,False,False
T1000001172,C100763,Endowment,7100,quarterly,2024-03-24,False,,False,False
T1000001173,C100764,Health Rider,1600,monthly,2017-12-18,False,,False,False
T1000001174,C100764,Endowment,10400,semi-annual,2017-10-09,True,credit_card,False,False
T1000001175,C100765,Endowment,6900,semi-annual,2025-11-23,False,,False,False
T1000001176,C100766,Health Rider,550,semi-annual,2022-12-14,False,,False,False
T1000001177,C100767,Whole Life,3950,monthly,2016-11-22,False,,True,False
T1000001178,C100767,Term Life,2850,monthly,2011-05-24,False,,False,False
T1000001179,C100767,Unit Linked,8900,annual,2017-04-13,False,,False,False
T1000001180,C100768,Health Rider,1550,monthly,2022-07-09,True,bank_debit,True,False
T1000001181,C100769,Whole Life,2850,semi-annual,2023-06-27,True,bank_debit,True,False
T1000001182,C100770,Health Rider,1350,quarterly,2023-02-04,True,credit_card,False,False
T1000001183,C100770,Whole Life,6700,monthly,2024-10-07,False,,False,False
T1000001184,C100770,Whole Life,10350,semi-annual,2022-08-05,True,credit_card,False,False
T1000001185,C100771,Endowment,7100,monthly,2019-06-05,False,,False,False
T1000001186,C100772,Personal Accident,600,quarterly,2022-03-27,True,credit_card,False,False
T1000001187,C100773,Term Life,1250,annual,2024-03-19,True,bank_debit,True,False
T1000001188,C100774,Health Rider,1050,monthly,2020-07-15,False,,False,False
T1000001189,C100775,Health Rider,850,semi-annual,2022-12-16,False,,False,False
T1000001190,C100776,Whole Life,10550,semi-annual,2019-04-28,True,bank_debit,True,False
T1000001191,C100776,Endowment,4550,monthly,2023-07-13,True,credit_card,False,False
T1000001192,C100777,Term Life,2300,quarterly,2023-09-21,False,,False,False
T1000001193,C100778,Unit Linked,5950,quarterly,2022-02-06,False,,False,False
T1000001194,C100778,Endowment,6750,monthly,2017-10-04,False,,False,False
T1000001195,C100779,Personal Accident,400,semi-annual,2022-03-08,True,credit_card,False,False
T1000001196,C100779,Health Rider,850,quarterly,2023-05-22,True,bank_debit,True,False
T1000001197,C100780,Endowment,3200,annual,2020-10-27,True,bank_debit,True,False
T1000001198,C100780,Endowment,9650,monthly,2019-02-22,True,bank_debit,True,False
T1000001199,C100781,Endowment,9250,quarterly,2022-01-26,True,bank_debit,True,False
T1000001200,C100782,Term Life,2550,monthly,2021-08-17,True,bank_debit,True,False
T1000001201,C100782,Term Life,1900,quarterly,2019-10-02,True,bank_debit,True,False
T1000001202,C100783,Health Rider,1050,semi-annual,2023-08-26,False,,True,False
T1000001203,C100784,Unit Linked,12100,monthly,2023-08-31,True,credit_card,True,False
T1000001204,C100784,Health Rider,1900,annual,2023-07-25,False,,False,False
T1000001205,C100785,Health Rider,800,annual,2017-09-13,False,,False,False
T1000001206,C100786,Personal Accident,600,monthly,2016-06-23,False,,False,False
T1000001207,C100786,Term Life,1950,quarterly,2012-12-01,False,,False,False
T1000001208,C100787,Unit Linked,12600,quarterly,2022-11-15,False,,False,False
T1000001209,C100788,Term Life,2750,annual,2017-10-04,False,,False,False
T1000001210,C100788,Personal Accident,950,semi-annual,2022-11-23,True,bank_debit,True,False
T1000001211,C100789,Health Rider,1150,annual,2024-08-13,True,bank_debit,True,False
T1000001212,C100790,Health Rider,850,annual,2018-04-24,False,,False,False
T1000001213,C100791,Health Rider,1800,quarterly,2024-07-15,True,bank_debit,True,False
T1000001214,C100791,Unit Linked,16200,annual,2025-07-29,True,credit_card,False,False
T1000001215,C100792,Health Rider,700,annual,2025-04-09,False,,False,False
T1000001216,C100793,Whole Life,14500,quarterly,2018-03-21,True,credit_card,False,True
T1000001217,C100793,Personal Accident,450,monthly,2018-12-27,True,credit_card,False,False
T1000001218,C100794,Term Life,650,semi-annual,2019-06-23,True,bank_debit,True,False
T1000001219,C100794,Term Life,600,monthly,2018-02-14,True,bank_debit,True,False
T1000001220,C100795,Personal Accident,500,annual,2016-08-08,False,,False,False
T1000001221,C100795,Whole Life,4500,monthly,2020-01-05,False,,False,False
T1000001222,C100796,Term Life,800,monthly,2018-07-27,False,,False,False
T1000001223,C100796,Unit Linked,10800,annual,2021-05-12,False,,False,False
T1000001224,C100797,Term Life,1800,monthly,2019-11-05,True,bank_debit,True,False
T1000001225,C100797,Personal Accident,250,annual,2020-07-19,True,bank_debit,True,False
T1000001226,C100798,Health Rider,1600,semi-annual,2024-05-04,True,credit_card,False,False
T1000001227,C100798,Term Life,2600,semi-annual,2024-01-28,False,,False,False
T1000001228,C100798,Whole Life,11450,annual,2024-02-15,True,bank_debit,True,False
T1000001229,C100799,Term Life,2150,monthly,2024-07-21,False,,False,False
T1000001230,C100800,Term Life,2350,monthly,2025-09-01,True,bank_debit,True,False
T1000001231,C100801,Personal Accident,750,monthly,2025-11-28,False,,False,False
T1000001232,C100801,Health Rider,1350,monthly,2025-09-20,False,,False,False
T1000001233,C100802,Term Life,1550,quarterly,2021-02-08,True,credit_card,False,False
T1000001234,C100803,Term Life,1700,monthly,2023-10-20,False,,False,False
T1000001235,C100804,Personal Accident,750,annual,2019-12-31,True,credit_card,False,False
T1000001236,C100805,Personal Accident,700,quarterly,2022-06-19,True,credit_card,False,False
T1000001237,C100806,Health Rider,1150,quarterly,2025-01-10,True,credit_card,False,False
T1000001238,C100807,Unit Linked,17650,monthly,2017-05-30,False,,True,False
T1000001239,C100807,Health Rider,450,semi-annual,2022-01-30,True,credit_card,False,False
T1000001240,C100808,Whole Life,12700,monthly,2023-02-26,False,,True,False
T1000001241,C100808,Personal Accident,550,monthly,2023-10-02,False,,True,False
T1000001242,C100809,Term Life,1850,semi-annual,2025-11-12,True,bank_debit,True,False
T1000001243,C100809,Endowment,9200,monthly,2025-11-15,True,credit_card,False,False
T1000001244,C100810,Term Life,2100,semi-annual,2024-06-19,True,bank_debit,True,False
T1000001245,C100811,Health Rider,750,monthly,2022-12-23,False,,False,False
T1000001246,C100811,Term Life,1200,semi-annual,2022-03-31,False,,False,False
T1000001247,C100812,Term Life,850,annual,2022-03-10,True,bank_debit,True,False
T1000001248,C100812,Unit Linked,6700,semi-annual,2022-05-01,True,credit_card,False,False
T1000001249,C100813,Endowment,7000,annual,2018-05-05,False,,False,False
T1000001250,C100814,Unit Linked,8900,semi-annual,2025-11-22,True,bank_debit,True,False
T1000001251,C100815,Whole Life,2450,monthly,2022-11-09,True,bank_debit,True,False
T1000001252,C100816,Whole Life,11400,monthly,2025-05-16,True,bank_debit,True,False
T1000001253,C100816,Unit Linked,14950,monthly,2025-01-15,False,,False,False
T1000001254,C100816,Health Rider,1300,monthly,2024-10-13,True,credit_card,False,False
T1000001255,C100817,Term Life,2850,monthly,2022-12-15,False,,False,False
T1000001256,C100818,Term Life,2500,quarterly,2018-11-17,False,,False,False
T1000001257,C100819,Unit Linked,11800,annual,2020-11-01,True,credit_card,False,False
T1000001258,C100820,Unit Linked,14600,monthly,2024-06-12,True,credit_card,False,False
T1000001259,C100821,Health Rider,850,annual,2024-01-05,False,,False,False
T1000001260,C100822,Health Rider,1900,semi-annual,2021-12-14,False,,False,False
T1000001261,C100822,Term Life,2250,monthly,2020-09-14,False,,False,False
T1000001262,C100823,Term Life,950,monthly,2021-12-05,False,,False,False
T1000001263,C100824,Endowment,10000,annual,2021-12-09,False,,False,False
T1000001264,C100824,Health Rider,550,annual,2020-04-10,False,,False,False
T1000001265,C100825,Term Life,2700,annual,2023-02-17,False,,False,False
T1000001266,C100826,Term Life,1300,quarterly,2019-09-05,True,bank_debit,True,False
T1000001267,C100827,Health Rider,1950,monthly,2011-07-03,False,,False,False
T1000001268,C100827,Health Rider,1900,semi-annual,2022-04-22,False,,False,False
T1000001269,C100828,Unit Linked,3500,monthly,2019-09-12,False,,False,False
T1000001270,C100828,Term Life,2550,monthly,2019-06-18,False,,False,False
T1000001271,C100829,Term Life,2750,annual,2017-09-24,True,credit_card,False,False
T1000001272,C100829,Term Life,1750,monthly,2015-08-28,False,,False,False
T1000001273,C100830,Term Life,1150,monthly,2022-04-08,False,,False,False
T1000001274,C100831,Whole Life,3800,semi-annual,2023-06-19,True,credit_card,False,False
T1000001275,C100832,Health Rider,500,monthly,2017-10-04,False,,False,False
T1000001276,C100832,Unit Linked,7550,quarterly,2023-11-02,True,bank_debit,True,False
T1000001277,C100833,Whole Life,5000,monthly,2022-01-18,False,,False,True
T1000001278,C100834,Endowment,10600,monthly,2023-02-23,True,credit_card,False,False
T1000001279,C100834,Health Rider,1200,monthly,2024-02-15,False,,False,False
T1000001280,C100835,Term Life,900,quarterly,2024-10-05,False,,False,False
T1000001281,C100836,Whole Life,9650,semi-annual,2021-09-16,False,,False,False
T1000001282,C100837,Unit Linked,12700,semi-annual,2019-04-27,False,,False,False
T1000001283,C100837,Health Rider,750,quarterly,2019-03-04,False,,True,False
T1000001284,C100838,Term Life,500,monthly,2019-05-27,True,credit_card,False,False
T1000001285,C100838,Personal Accident,950,monthly,2020-05-06,True,bank_debit,True,False
T1000001286,C100839,Health Rider,1800,semi-annual,2013-04-28,False,,False,False
T1000001287,C100839,Whole Life,14450,semi-annual,2019-04-15,True,credit_card,False,False
T1000001288,C100840,Personal Accident,500,annual,2020-07-06,False,,False,False
T1000001289,C100840,Health Rider,800,annual,2021-01-28,True,credit_card,False,False
T1000001290,C100841,Unit Linked,10000,monthly,2024-01-28,False,,False,False
T1000001291,C100842,Unit Linked,12200,monthly,2020-08-27,True,credit_card,False,False
T1000001292,C100842,Term Life,600,semi-annual,2019-04-11,False,,False,False
T1000001293,C100843,Health Rider,800,annual,2020-11-06,False,,False,False
T1000001294,C100843,Term Life,700,monthly,2018-08-07,False,,False,False
T1000001295,C100843,Whole Life,4150,monthly,2020-08-23,False,,False,False
T1000001296,C100844,Unit Linked,13400,quarterly,2024-12-15,True,bank_debit,True,False
T1000001297,C100845,Health Rider,1050,quarterly,2023-08-08,True,bank_debit,True,False
T1000001298,C100846,Health Rider,900,quarterly,2021-11-08,False,,False,False
T1000001299,C100846,Health Rider,1500,quarterly,2018-04-20,False,,True,False
T1000001300,C100846,Unit Linked,3750,monthly,2018-04-24,False,,False,False
T1000001301,C100847,Term Life,700,monthly,2023-07-06,False,,False,False
T1000001302,C100848,Unit Linked,5750,monthly,2023-10-21,False,,False,False
T1000001303,C100848,Whole Life,7600,monthly,2022-10-13,False,,False,True
T1000001304,C100848,Endowment,3300,annual,2021-01-30,False,,False,False
T1000001305,C100849,Term Life,1300,annual,2017-01-10,False,,False,False
T1000001306,C100850,Whole Life,4650,monthly,2022-03-05,True,credit_card,False,False
T1000001307,C100850,Whole Life,2850,monthly,2022-12-27,True,bank_debit,True,True
T1000001308,C100851,Unit Linked,19000,monthly,2016-10-31,False,,False,False
T1000001309,C100851,Health Rider,1150,annual,2022-01-31,False,,False,False
T1000001310,C100852,Personal Accident,600,annual,2025-10-13,False,,False,False
T1000001311,C100852,Health Rider,1200,annual,2025-12-07,False,,False,False
T1000001312,C100853,Unit Linked,4150,monthly,2022-11-10,True,credit_card,False,False
T1000001313,C100853,Health Rider,950,annual,2019-01-23,False,,False,False
T1000001314,C100854,Health Rider,1000,monthly,2019-05-02,False,,False,False
T1000001315,C100855,Personal Accident,900,quarterly,2025-10-29,True,credit_card,False,False
T1000001316,C100855,Term Life,550,monthly,2025-09-28,True,bank_debit,True,False
T1000001317,C100856,Whole Life,8500,annual,2023-08-20,True,credit_card,False,False
T1000001318,C100856,Whole Life,4050,quarterly,2023-12-22,False,,False,False
T1000001319,C100856,Whole Life,13300,semi-annual,2023-06-12,True,credit_card,False,False
T1000001320,C100857,Whole Life,6900,annual,2024-03-25,True,bank_debit,True,False
T1000001321,C100857,Health Rider,1500,monthly,2024-09-08,False,,False,False
T1000001322,C100857,Whole Life,7950,quarterly,2025-02-28,True,credit_card,False,False
T1000001323,C100858,Term Life,2650,semi-annual,2019-08-08,False,,False,False
T1000001324,C100858,Term Life,850,quarterly,2022-08-19,False,,False,False
T1000001325,C100858,Health Rider,1950,monthly,2021-05-31,False,,False,False
T1000001326,C100859,Personal Accident,600,monthly,2018-03-19,False,,False,False
T1000001327,C100859,Health Rider,1350,monthly,2018-10-02,True,bank_debit,True,False
T1000001328,C100860,Unit Linked,8650,annual,2012-02-26,True,credit_card,False,False
T1000001329,C100860,Endowment,4700,monthly,2017-11-13,True,credit_card,False,False
T1000001330,C100861,Term Life,550,quarterly,2024-09-01,True,bank_debit,True,False
T1000001331,C100862,Health Rider,700,semi-annual,2018-06-03,False,,False,False
T1000001332,C100862,Unit Linked,4200,annual,2018-10-21,True,bank_debit,True,False
T1000001333,C100863,Health Rider,1250,monthly,2018-08-29,True,credit_card,False,False
T1000001334,C100863,Endowment,5300,monthly,2018-05-01,True,bank_debit,True,False
T1000001335,C100864,Whole Life,2750,annual,2020-12-09,False,,False,False
T1000001336,C100865,Unit Linked,10050,annual,2023-12-11,True,credit_card,False,False
T1000001337,C100866,Personal Accident,550,monthly,2023-11-21,False,,False,False
T1000001338,C100866,Personal Accident,650,monthly,2021-08-26,False,,False,False
T1000001339,C100867,Whole Life,6950,monthly,2015-09-15,True,bank_debit,True,True
T1000001340,C100868,Health Rider,1400,monthly,2016-02-05,False,,False,False
T1000001341,C100869,Endowment,11750,quarterly,2025-01-10,True,bank_debit,True,False
T1000001342,C100870,Health Rider,1650,annual,2019-01-25,False,,False,False
T1000001343,C100870,Health Rider,550,monthly,2016-01-25,False,,False,False
T1000001344,C100871,Term Life,800,semi-annual,2023-09-25,False,,False,False
T1000001345,C100871,Health Rider,1950,annual,2017-07-14,False,,True,False
T1000001346,C100871,Term Life,1250,semi-annual,2020-12-26,False,,False,False
T1000001347,C100872,Term Life,2400,quarterly,2022-09-09,False,,False,False
T1000001348,C100872,Whole Life,8050,annual,2022-12-22,True,bank_debit,True,False
T1000001349,C100873,Personal Accident,450,annual,2016-03-03,True,credit_card,False,False
T1000001350,C100873,Personal Accident,700,monthly,2022-08-31,True,credit_card,False,False
T1000001351,C100873,Health Rider,1650,monthly,2015-07-26,True,bank_debit,True,False
T1000001352,C100874,Health Rider,600,monthly,2018-12-12,False,,False,False
T1000001353,C100874,Whole Life,5300,monthly,2023-06-22,False,,False,False
T1000001354,C100875,Health Rider,400,quarterly,2024-02-26,True,bank_debit,True,False
T1000001355,C100876,Personal Accident,700,semi-annual,2022-10-21,False,,False,False
T1000001356,C100877,Term Life,2200,annual,2025-09-17,False,,False,False
T1000001357,C100878,Whole Life,5000,monthly,2023-02-21,False,,False,False
T1000001358,C100879,Unit Linked,14050,annual,2025-01-08,True,credit_card,False,False
T1000001359,C100880,Term Life,2650,monthly,2024-08-14,False,,False,False
T1000001360,C100881,Unit Linked,4200,monthly,2023-01-07,False,,False,False
T1000001361,C100881,Personal Accident,700,monthly,2014-12-01,True,credit_card,False,False
T1000001362,C100881,Health Rider,1900,monthly,2017-11-14,False,,False,False
T1000001363,C100882,Term Life,2200,monthly,2024-01-27,False,,False,False
T1000001364,C100882,Endowment,11650,annual,2017-08-26,False,,False,True
T1000001365,C100883,Personal Accident,900,semi-annual,2022-02-09,False,,False,False
T1000001366,C100884,Whole Life,8800,semi-annual,2022-07-21,True,credit_card,False,False
T1000001367,C100884,Whole Life,6400,monthly,2023-11-09,True,bank_debit,True,False
T1000001368,C100884,Term Life,2400,monthly,2023-12-08,True,bank_debit,True,False
T1000001369,C100885,Unit Linked,17900,monthly,2021-10-31,True,bank_debit,True,False
T1000001370,C100885,Health Rider,1250,semi-annual,2018-10-05,False,,False,False
T1000001371,C100885,Health Rider,1550,quarterly,2020-06-16,False,,False,False
T1000001372,C100886,Health Rider,700,monthly,2020-03-08,False,,False,False
T1000001373,C100886,Unit Linked,15350,monthly,2018-07-28,True,bank_debit,True,False
T1000001374,C100887,Health Rider,600,annual,2024-03-09,False,,False,False
T1000001375,C100887,Health Rider,1300,monthly,2022-10-22,False,,False,False
T1000001376,C100888,Health Rider,750,annual,2022-08-14,False,,False,False
T1000001377,C100888,Health Rider,1850,annual,2020-09-30,False,,False,False
T1000001378,C100888,Whole Life,9300,quarterly,2024-05-22,False,,False,False
T1000001379,C100889,Unit Linked,11050,annual,2022-03-09,True,credit_card,False,False
T1000001380,C100889,Whole Life,10000,annual,2018-03-01,True,bank_debit,True,False
T1000001381,C100890,Health Rider,1950,monthly,2025-10-23,False,,False,False
T1000001382,C100890,Personal Accident,550,semi-annual,2025-11-03,False,,False,False
T1000001383,C100891,Whole Life,11700,monthly,2023-04-22,False,,False,False
T1000001384,C100892,Term Life,1200,monthly,2024-01-17,True,bank_debit,True,False
T1000001385,C100893,Health Rider,800,annual,2023-07-05,False,,False,False
T1000001386,C100894,Whole Life,10150,monthly,2023-10-07,True,credit_card,False,False
T1000001387,C100895,Whole Life,5600,quarterly,2018-06-12,True,bank_debit,True,False
T1000001388,C100896,Personal Accident,300,annual,2014-11-17,True,credit_card,False,False
T1000001389,C100897,Whole Life,5700,monthly,2023-07-29,False,,False,False
T1000001390,C100898,Health Rider,1150,monthly,2023-12-11,False,,True,False
T1000001391,C100899,Term Life,2150,annual,2022-05-02,False,,False,False
T1000001392,C100900,Health Rider,1550,semi-annual,2024-10-27,False,,False,False
T1000001393,C100900,Term Life,2950,monthly,2022-10-30,True,bank_debit,True,False
T1000001394,C100901,Unit Linked,10750,semi-annual,2012-03-15,False,,False,False
T1000001395,C100901,Endowment,11950,monthly,2022-10-19,True,bank_debit,True,False
T1000001396,C100902,Whole Life,9100,monthly,2023-07-09,False,,False,False
T1000001397,C100902,Term Life,2350,annual,2022-03-28,True,credit_card,False,False
T1000001398,C100903,Endowment,3950,monthly,2012-05-12,False,,False,False
T1000001399,C100904,Health Rider,1250,semi-annual,2016-07-25,True,bank_debit,True,False
T1000001400,C100904,Health Rider,1500,monthly,2021-09-19,False,,False,False
T1000001401,C100905,Health Rider,1700,quarterly,2019-10-09,False,,False,False
T1000001402,C100906,Term Life,1600,annual,2020-02-07,True,credit_card,False,False
T1000001403,C100907,Whole Life,6950,annual,2024-01-21,False,,False,False
T1000001404,C100908,Unit Linked,11150,quarterly,2019-06-17,False,,False,False
T1000001405,C100908,Term Life,2350,quarterly,2020-06-05,True,credit_card,False,False
T1000001406,C100908,Unit Linked,13850,semi-annual,2020-05-20,False,,False,False
T1000001407,C100909,Term Life,1500,quarterly,2020-09-09,True,credit_card,False,False
T1000001408,C100909,Whole Life,5400,semi-annual,2019-10-20,False,,False,False
T1000001409,C100909,Whole Life,9950,monthly,2021-07-03,False,,False,False
T1000001410,C100910,Whole Life,13250,monthly,2019-10-14,False,,False,True
T1000001411,C100910,Unit Linked,6200,quarterly,2019-10-31,False,,False,False
T1000001412,C100911,Endowment,8500,monthly,2021-10-31,False,,False,False
T1000001413,C100911,Endowment,4150,monthly,2021-08-29,True,credit_card,False,True
T1000001414,C100912,Endowment,7700,quarterly,2022-10-24,True,credit_card,False,True
T1000001415,C100913,Whole Life,11900,monthly,2016-06-03,True,credit_card,False,False
T1000001416,C100913,Health Rider,1300,monthly,2017-09-18,True,bank_debit,True,False
T1000001417,C100914,Unit Linked,6950,quarterly,2022-06-10,True,bank_debit,True,False
T1000001418,C100915,Health Rider,1200,annual,2021-09-19,True,credit_card,False,False
T1000001419,C100916,Health Rider,1150,monthly,2024-04-30,False,,True,False
T1000001420,C100916,Term Life,2700,monthly,2022-08-07,False,,False,False
T1000001421,C100916,Whole Life,3350,annual,2022-09-01,True,credit_card,False,True
T1000001422,C100917,Endowment,9850,quarterly,2020-01-03,True,credit_card,False,False
T1000001423,C100917,Endowment,8650,monthly,2023-04-30,False,,False,False
T1000001424,C100917,Health Rider,800,monthly,2020-01-08,False,,False,False
T1000001425,C100918,Term Life,800,quarterly,2013-03-21,True,credit_card,True,False
T1000001426,C100919,Term Life,2400,quarterly,2023-02-02,True,bank_debit,True,False
T1000001427,C100920,Term Life,2400,monthly,2025-01-17,False,,False,False
T1000001428,C100921,Whole Life,9150,monthly,2024-06-28,True,credit_card,True,False
T1000001429,C100922,Personal Accident,550,annual,2024-10-31,True,credit_card,False,False
T1000001430,C100923,Term Life,2500,semi-annual,2021-02-21,True,credit_card,False,False
T1000001431,C100923,Unit Linked,13000,semi-annual,2021-02-07,True,bank_debit,True,False
T1000001432,C100924,Whole Life,4050,semi-annual,2018-12-20,False,,False,False
T1000001433,C100925,Unit Linked,10800,monthly,2025-02-03,True,bank_debit,True,False
T1000001434,C100926,Health Rider,1050,monthly,2025-10-13,False,,False,False
T1000001435,C100927,Endowment,3550,quarterly,2024-03-14,True,credit_card,False,False
T1000001436,C100927,Term Life,2600,quarterly,2024-10-17,False,,False,False
T1000001437,C100928,Term Life,2950,monthly,2023-01-22,True,credit_card,True,False
T1000001438,C100929,Personal Accident,250,annual,2021-12-16,True,bank_debit,True,False
T1000001439,C100930,Whole Life,2850,monthly,2020-04-21,False,,False,False
T1000001440,C100930,Health Rider,1950,quarterly,2021-10-04,False,,False,False
T1000001441,C100931,Personal Accident,700,semi-annual,2015-01-28,True,bank_debit,True,False
T1000001442,C100931,Personal Accident,850,monthly,2022-08-22,False,,False,False
T1000001443,C100932,Health Rider,500,monthly,2025-10-06,False,,False,False
T1000001444,C100933,Whole Life,5050,monthly,2014-08-18,False,,False,False
T1000001445,C100933,Term Life,550,annual,2023-07-04,False,,False,False
T1000001446,C100934,Term Life,1500,monthly,2021-10-19,False,,False,False
T1000001447,C100935,Unit Linked,9900,annual,2016-12-17,False,,False,False
T1000001448,C100935,Term Life,700,monthly,2017-06-05,True,credit_card,False,False
T1000001449,C100936,Whole Life,8850,quarterly,2025-04-30,False,,False,False
T1000001450,C100937,Term Life,2300,monthly,2020-01-31,True,credit_card,False,False
T1000001451,C100937,Whole Life,10200,monthly,2021-03-12,False,,True,False
T1000001452,C100937,Health Rider,1100,quarterly,2024-08-17,True,credit_card,False,False
T1000001453,C100938,Unit Linked,12200,quarterly,2020-01-24,False,,False,False
T1000001454,C100938,Health Rider,700,monthly,2023-12-04,True,bank_debit,True,False
T1000001455,C100938,Whole Life,3100,monthly,2024-02-27,False,,False,False
T1000001456,C100939,Unit Linked,4100,monthly,2019-09-12,True,bank_debit,True,False
T1000001457,C100939,Term Life,1750,semi-annual,2019-03-30,True,bank_debit,True,False
T1000001458,C100940,Health Rider,1500,semi-annual,2025-07-15,False,,True,False
T1000001459,C100940,Health Rider,600,semi-annual,2025-09-28,True,bank_debit,True,False
T1000001460,C100940,Term Life,2000,monthly,2025-11-10,True,credit_card,False,False
T1000001461,C100941,Health Rider,1000,quarterly,2023-04-20,True,bank_debit,True,False
T1000001462,C100942,Health Rider,1150,monthly,2024-05-19,True,bank_debit,True,False
T1000001463,C100942,Health Rider,1700,semi-annual,2023-08-14,True,credit_card,False,False
T1000001464,C100943,Term Life,2500,annual,2019-07-02,True,bank_debit,True,False
T1000001465,C100944,Health Rider,1750,monthly,2021-05-24,True,bank_debit,True,False
T1000001466,C100945,Health Rider,1150,quarterly,2017-10-30,False,,False,False
T1000001467,C100946,Whole Life,2300,annual,2023-04-06,True,bank_debit,True,False
T1000001468,C100946,Health Rider,500,quarterly,2024-08-24,False,,False,False
T1000001469,C100947,Health Rider,1550,annual,2021-03-22,True,credit_card,False,False
T1000001470,C100947,Health Rider,2000,quarterly,2019-11-05,False,,False,False
T1000001471,C100948,Health Rider,1700,quarterly,2019-09-24,False,,False,False
T1000001472,C100948,Whole Life,6050,semi-annual,2015-05-08,False,,False,True
T1000001473,C100949,Term Life,2750,monthly,2025-11-06,False,,False,False
T1000001474,C100950,Term Life,2450,quarterly,2019-12-21,True,credit_card,False,False
T1000001475,C100950,Whole Life,7300,annual,2019-04-27,True,bank_debit,True,False
T1000001476,C100950,Personal Accident,550,semi-annual,2018-07-17,False,,False,False
T1000001477,C100951,Endowment,3200,annual,2016-09-21,True,credit_card,False,True
T1000001478,C100951,Whole Life,13500,monthly,2023-04-13,True,bank_debit,True,False
T1000001479,C100952,Term Life,1100,annual,2020-04-18,True,credit_card,False,False
T1000001480,C100952,Health Rider,400,annual,2022-01-22,True,credit_card,False,False
T1000001481,C100953,Health Rider,1350,quarterly,2025-08-18,False,,False,False
T1000001482,C100954,Health Rider,1450,monthly,2019-06-01,False,,False,False
T1000001483,C100955,Whole Life,4250,monthly,2024-02-25,True,bank_debit,True,False
T1000001484,C100955,Term Life,2900,monthly,2024-03-18,True,credit_card,False,False
T1000001485,C100956,Personal Accident,750,monthly,2022-11-10,True,bank_debit,True,False
T1000001486,C100956,Personal Accident,550,annual,2024-09-08,False,,False,False
T1000001487,C100956,Health Rider,500,annual,2020-06-26,True,credit_card,False,False
T1000001488,C100957,Endowment,6550,monthly,2021-09-10,False,,False,True
T1000001489,C100958,Unit Linked,12100,quarterly,2018-07-09,False,,False,False
T1000001490,C100959,Term Life,2700,monthly,2023-07-24,False,,False,False
T1000001491,C100960,Health Rider,800,semi-annual,2022-11-11,False,,True,False
T1000001492,C100961,Term Life,1750,annual,2020-05-16,True,bank_debit,True,False
T1000001493,C100961,Unit Linked,10650,monthly,2019-03-07,False,,False,False
T1000001494,C100962,Term Life,2600,semi-annual,2019-07-19,True,bank_debit,True,False
T1000001495,C100963,Endowment,11050,semi-annual,2010-04-30,False,,False,False
T1000001496,C100964,Whole Life,13700,monthly,2025-09-18,False,,False,False
T1000001497,C100964,Term Life,600,semi-annual,2025-10-26,False,,False,False
T1000001498,C100965,Endowment,7000,monthly,2022-09-19,False,,False,True
T1000001499,C100966,Health Rider,1550,annual,2023-11-04,False,,False,False
T1000001500,C100967,Unit Linked,16500,quarterly,2015-05-09,True,bank_debit,True,False
T1000001501,C100967,Health Rider,550,annual,2020-12-13,False,,False,False
T1000001502,C100968,Whole Life,11400,monthly,2024-05-03,True,credit_card,False,False
T1000001503,C100969,Whole Life,12550,annual,2024-11-11,False,,True,False
T1000001504,C100969,Health Rider,1250,annual,2024-01-28,False,,False,False
T1000001505,C100969,Health Rider,1300,semi-annual,2022-12-11,True,bank_debit,True,False
T1000001506,C100970,Endowment,4600,annual,2023-09-25,False,,False,False
T1000001507,C100970,Health Rider,300,monthly,2022-04-07,True,credit_card,False,False
T1000001508,C100971,Health Rider,400,monthly,2022-03-15,False,,False,False
T1000001509,C100971,Endowment,8950,monthly,2020-07-27,False,,True,True
T1000001510,C100971,Health Rider,1800,semi-annual,2022-04-22,False,,False,False
T1000001511,C100972,Personal Accident,900,annual,2018-10-05,False,,True,False
T1000001512,C100973,Personal Accident,400,monthly,2021-08-02,True,bank_debit,True,False
T1000001513,C100973,Term Life,850,monthly,2021-09-29,False,,False,False
T1000001514,C100974,Health Rider,1650,semi-annual,2023-06-13,True,bank_debit,True,False
T1000001515,C100975,Whole Life,13650,monthly,2024-10-28,True,credit_card,False,False
T1000001516,C100975,Personal Accident,850,monthly,2025-09-27,False,,False,False
T1000001517,C100976,Whole Life,14600,semi-annual,2023-12-01,True,bank_debit,True,False
T1000001518,C100977,Health Rider,350,monthly,2023-06-19,False,,True,False
T1000001519,C100978,Health Rider,1100,annual,2021-11-18,False,,False,False
T1000001520,C100979,Endowment,5200,annual,2023-10-05,False,,False,False
T1000001521,C100979,Term Life,950,monthly,2023-03-30,False,,False,False
T1000001522,C100980,Unit Linked,16700,monthly,2025-09-22,True,bank_debit,True,False
T1000001523,C100980,Term Life,2750,monthly,2025-10-16,False,,False,False
T1000001524,C100981,Term Life,1200,monthly,2023-10-22,False,,False,False
T1000001525,C100982,Unit Linked,18200,monthly,2021-04-12,False,,False,False
T1000001526,C100982,Health Rider,1800,semi-annual,2016-06-24,True,credit_card,False,False
T1000001527,C100983,Whole Life,9750,monthly,2021-04-23,True,credit_card,False,False
T1000001528,C100983,Unit Linked,7250,monthly,2021-07-21,False,,False,False
T1000001529,C100984,Term Life,2000,annual,2021-04-13,True,bank_debit,True,False
T1000001530,C100985,Health Rider,1050,monthly,2023-11-03,True,credit_card,False,False
T1000001531,C100986,Personal Accident,700,annual,2014-07-04,False,,False,False
T1000001532,C100986,Health Rider,700,monthly,2022-10-30,False,,False,False
T1000001533,C100987,Personal Accident,900,annual,2024-04-12,False,,False,False
T1000001534,C100987,Whole Life,12350,semi-annual,2025-01-22,False,,False,False
T1000001535,C100988,Health Rider,1700,monthly,2022-10-07,True,bank_debit,True,False
T1000001536,C100988,Term Life,2500,annual,2025-03-10,False,,False,False
T1000001537,C100989,Personal Accident,400,monthly,2020-08-11,False,,False,False
T1000001538,C100989,Term Life,3000,quarterly,2019-09-06,False,,False,False
T1000001539,C100990,Endowment,5550,semi-annual,2025-11-26,True,bank_debit,True,False
T1000001540,C100990,Unit Linked,17350,quarterly,2025-10-02,False,,False,False
T1000001541,C100991,Unit Linked,3150,quarterly,2020-11-27,False,,False,False
T1000001542,C100992,Term Life,900,annual,2016-05-19,False,,False,False
T1000001543,C100992,Unit Linked,9900,semi-annual,2018-11-17,False,,False,False
T1000001544,C100992,Personal Accident,350,monthly,2017-08-20,False,,False,False
T1000001545,C100993,Term Life,600,monthly,2017-05-07,True,credit_card,False,False
T1000001546,C100994,Health Rider,1800,semi-annual,2020-11-05,False,,False,False
T1000001547,C100994,Whole Life,9750,monthly,2019-06-27,False,,False,False
T1000001548,C100995,Whole Life,6650,monthly,2021-12-09,False,,False,False
T1000001549,C100995,Term Life,950,semi-annual,2022-09-07,True,credit_card,False,False
T1000001550,C100996,Whole Life,8300,monthly,2023-11-18,True,credit_card,False,False
T1000001551,C100996,Whole Life,3750,annual,2024-04-20,False,,False,False
T1000001552,C100997,Term Life,1850,semi-annual,2020-07-03,False,,False,False
T1000001553,C100998,Unit Linked,17850,monthly,2024-05-07,True,credit_card,False,False
T1000001554,C100999,Health Rider,400,monthly,2021-12-12,False,,False,False
T1000001555,C101000,Health Rider,1650,annual,2018-08-03,False,,False,False
T1000001556,C101000,Whole Life,8650,annual,2023-11-02,True,credit_card,False,False
T1000001557,C101001,Term Life,2700,monthly,2018-11-07,False,,False,False
T1000001558,C101002,Unit Linked,18900,monthly,2023-10-05,False,,False,False
T1000001559,C101003,Personal Accident,900,quarterly,2019-10-31,False,,False,False
T1000001560,C101003,Term Life,2550,annual,2015-08-25,False,,True,False
T1000001561,C101003,Term Life,1000,semi-annual,2015-10-10,False,,False,False
T1000001562,C101004,Term Life,1750,monthly,2022-05-28,True,credit_card,False,False
T1000001563,C101005,Health Rider,1800,monthly,2022-07-07,False,,False,False
T1000001564,C101006,Whole Life,10850,quarterly,2022-03-11,True,credit_card,False,False
T1000001565,C101007,Endowment,3000,annual,2024-04-16,False,,False,False
T1000001566,C101007,Term Life,1700,annual,2022-04-05,True,bank_debit,True,False
T1000001567,C101008,Health Rider,700,monthly,2024-05-11,False,,False,False
T1000001568,C101009,Term Life,500,annual,2025-03-31,True,credit_card,False,False
T1000001569,C101009,Term Life,2150,semi-annual,2024-06-18,True,bank_debit,True,False
T1000001570,C101010,Term Life,1350,monthly,2024-08-23,True,bank_debit,True,False
T1000001571,C101011,Unit Linked,13750,annual,2019-04-17,False,,False,False
T1000001572,C101012,Health Rider,1150,annual,2016-01-18,True,credit_card,False,False
T1000001573,C101013,Health Rider,1100,monthly,2023-11-26,True,bank_debit,True,False
T1000001574,C101014,Whole Life,5300,semi-annual,2018-08-12,False,,False,False
T1000001575,C101014,Personal Accident,650,semi-annual,2017-10-12,False,,False,False
T1000001576,C101015,Unit Linked,11950,semi-annual,2022-08-28,False,,False,False
T1000001577,C101016,Endowment,7450,monthly,2022-04-15,True,bank_debit,True,False
T1000001578,C101017,Unit Linked,16250,monthly,2020-09-09,True,bank_debit,True,False
T1000001579,C101018,Whole Life,8800,monthly,2017-09-14,False,,False,False
T1000001580,C101019,Term Life,1400,quarterly,2018-07-21,True,credit_card,False,False
T1000001581,C101020,Term Life,2650,semi-annual,2011-11-26,False,,False,False
T1000001582,C101021,Unit Linked,9900,monthly,2023-11-06,False,,False,False
T1000001583,C101021,Health Rider,1900,monthly,2023-08-26,False,,False,False
T1000001584,C101021,Whole Life,8400,semi-annual,2024-02-26,False,,False,False
T1000001585,C101022,Term Life,2750,monthly,2024-09-30,False,,False,False
T1000001586,C101023,Term Life,1650,semi-annual,2023-03-06,False,,False,False
T1000001587,C101024,Term Life,1700,annual,2024-05-14,False,,False,False
T1000001588,C101024,Personal Accident,250,quarterly,2021-04-21,True,credit_card,False,False
T1000001589,C101025,Whole Life,13100,annual,2025-12-04,True,credit_card,False,False
T1000001590,C101026,Unit Linked,15250,quarterly,2021-07-01,True,bank_debit,True,False
T1000001591,C101026,Health Rider,450,monthly,2022-02-07,True,bank_debit,True,False
T1000001592,C101027,Health Rider,750,quarterly,2025-01-05,False,,False,False
T1000001593,C101027,Health Rider,450,annual,2022-02-02,False,,False,False
T1000001594,C101028,Endowment,6750,monthly,2022-02-11,False,,False,False
T1000001595,C101028,Personal Accident,750,quarterly,2020-10-28,False,,False,False
T1000001596,C101029,Endowment,7700,semi-annual,2021-11-13,True,bank_debit,True,False
T1000001597,C101029,Endowment,9850,semi-annual,2022-05-09,False,,False,True
T1000001598,C101029,Health Rider,1600,quarterly,2022-09-19,False,,False,False
T1000001599,C101030,Term Life,2550,annual,2022-09-11,True,bank_debit,True,False
T1000001600,C101030,Health Rider,1550,annual,2024-10-28,False,,False,False
T1000001601,C101031,Term Life,2600,quarterly,2019-06-08,False,,False,False
T1000001602,C101032,Whole Life,3250,semi-annual,2017-08-07,False,,False,False
T1000001603,C101032,Term Life,1300,monthly,2022-03-01,True,bank_debit,True,False
T1000001604,C101032,Endowment,10750,monthly,2017-10-17,False,,False,False
T1000001605,C101033,Term Life,550,semi-annual,2023-05-26,False,,False,False
T1000001606,C101034,Health Rider,1000,monthly,2021-10-09,False,,False,False
T1000001607,C101035,Health Rider,1150,monthly,2025-09-21,False,,False,False
T1000001608,C101035,Health Rider,1150,monthly,2025-10-13,True,bank_debit,True,False
T1000001609,C101036,Whole Life,6400,annual,2025-04-16,True,credit_card,False,False
T1000001610,C101036,Health Rider,1950,semi-annual,2023-11-09,True,bank_debit,True,False
T1000001611,C101037,Term Life,2400,semi-annual,2022-12-24,False,,False,False
T1000001612,C101037,Whole Life,6200,quarterly,2025-03-19,False,,False,False
T1000001613,C101037,Whole Life,10650,monthly,2023-08-08,True,bank_debit,True,False
T1000001614,C101038,Health Rider,950,quarterly,2023-04-13,False,,False,False
T1000001615,C101039,Whole Life,11450,quarterly,2022-12-27,False,,False,True
T1000001616,C101039,Health Rider,1250,annual,2023-11-19,True,credit_card,False,False
T1000001617,C101040,Whole Life,10900,quarterly,2022-12-24,False,,False,True
T1000001618,C101041,Endowment,11250,monthly,2024-06-13,False,,False,False
T1000001619,C101041,Whole Life,2100,annual,2024-09-11,True,bank_debit,True,False
T1000001620,C101042,Health Rider,1850,quarterly,2022-03-23,False,,True,False
T1000001621,C101042,Health Rider,750,monthly,2022-08-05,True,bank_debit,True,False
T1000001622,C101043,Health Rider,1150,semi-annual,2022-11-07,False,,False,False
T1000001623,C101044,Unit Linked,6150,annual,2023-10-09,True,bank_debit,True,False
T1000001624,C101044,Health Rider,450,monthly,2021-04-08,True,bank_debit,True,False
T1000001625,C101045,Health Rider,1400,monthly,2023-06-21,False,,False,False
T1000001626,C101046,Health Rider,850,annual,2025-09-20,False,,False,False
T1000001627,C101047,Health Rider,1250,semi-annual,2021-08-08,True,bank_debit,True,False
T1000001628,C101047,Term Life,2950,monthly,2024-09-12,False,,False,False
T1000001629,C101047,Health Rider,900,annual,2022-05-30,False,,False,False
T1000001630,C101048,Whole Life,9550,semi-annual,2024-01-07,True,bank_debit,True,False
T1000001631,C101048,Term Life,2150,monthly,2024-04-13,False,,False,False
T1000001632,C101049,Personal Accident,800,semi-annual,2023-07-03,False,,False,False
T1000001633,C101050,Health Rider,1500,quarterly,2024-03-21,False,,True,False
T1000001634,C101051,Term Life,1400,annual,2016-02-25,False,,True,False
T1000001635,C101052,Endowment,3850,annual,2022-12-13,False,,False,False
T1000001636,C101053,Unit Linked,17150,semi-annual,2023-03-26,False,,False,False
T1000001637,C101054,Personal Accident,700,monthly,2021-11-29,False,,False,False
T1000001638,C101055,Health Rider,800,semi-annual,2024-01-19,False,,False,False
T1000001639,C101056,Whole Life,6600,monthly,2025-03-19,True,bank_debit,True,False
T1000001640,C101056,Term Life,2750,monthly,2022-10-11,False,,False,False
T1000001641,C101057,Endowment,4750,annual,2017-12-21,True,bank_debit,True,True
T1000001642,C101058,Unit Linked,4550,quarterly,2021-09-21,False,,False,False
T1000001643,C101058,Term Life,1650,annual,2022-06-09,False,,False,False
T1000001644,C101059,Health Rider,1350,semi-annual,2025-01-22,False,,False,False
T1000001645,C101059,Term Life,950,annual,2024-12-31,False,,False,False
T1000001646,C101059,Personal Accident,300,quarterly,2025-03-23,True,bank_debit,True,False
T1000001647,C101060,Whole Life,2800,annual,2017-08-23,False,,False,False
T1000001648,C101061,Personal Accident,350,monthly,2018-11-21,False,,False,False
T1000001649,C101061,Unit Linked,8200,monthly,2019-08-14,False,,False,False
T1000001650,C101062,Unit Linked,10150,quarterly,2021-09-12,False,,False,False
T1000001651,C101063,Term Life,2900,annual,2019-09-16,False,,False,False
T1000001652,C101064,Unit Linked,12400,monthly,2024-08-03,True,credit_card,False,False
T1000001653,C101064,Unit Linked,5350,monthly,2023-08-15,False,,False,False
T1000001654,C101065,Personal Accident,200,quarterly,2023-01-31,True,bank_debit,True,False
T1000001655,C101066,Whole Life,11250,semi-annual,2023-08-28,False,,False,False
T1000001656,C101067,Term Life,1500,monthly,2019-06-08,True,bank_debit,True,False
T1000001657,C101067,Endowment,5650,quarterly,2020-11-18,False,,False,False
T1000001658,C101068,Whole Life,6850,semi-annual,2017-08-29,False,,False,False
T1000001659,C101069,Health Rider,600,annual,2024-04-21,False,,False,False
T1000001660,C101069,Endowment,10200,quarterly,2023-11-10,True,bank_debit,True,False
T1000001661,C101070,Health Rider,1250,quarterly,2023-07-26,False,,False,False
T1000001662,C101070,Term Life,2050,quarterly,2023-04-28,False,,False,False
T1000001663,C101071,Whole Life,4150,monthly,2025-10-18,False,,False,False
T1000001664,C101072,Unit Linked,15400,semi-annual,2021-02-08,True,bank_debit,True,False
T1000001665,C101072,Term Life,2800,quarterly,2023-06-25,True,credit_card,False,False
T1000001666,C101073,Personal Accident,1000,quarterly,2025-04-03,True,bank_debit,True,False
T1000001667,C101074,Term Life,2450,annual,2023-09-14,False,,False,False
T1000001668,C101075,Term Life,1850,annual,2021-06-07,True,credit_card,True,False
T1000001669,C101075,Personal Accident,950,monthly,2020-09-08,False,,False,False
T1000001670,C101075,Term Life,2950,monthly,2020-11-06,True,bank_debit,True,False
T1000001671,C101076,Health Rider,1500,semi-annual,2023-03-28,False,,False,False
T1000001672,C101077,Unit Linked,6950,quarterly,2024-04-01,False,,False,False
T1000001673,C101077,Term Life,2250,quarterly,2023-07-27,True,bank_debit,True,False
T1000001674,C101078,Endowment,4050,quarterly,2023-09-12,True,bank_debit,True,False
T1000001675,C101079,Term Life,2300,quarterly,2012-08-15,True,bank_debit,True,False
T1000001676,C101080,Endowment,10250,monthly,2012-09-24,False,,False,False
T1000001677,C101080,Term Life,550,annual,2014-07-23,True,bank_debit,True,False
T1000001678,C101081,Term Life,2400,quarterly,2018-04-08,True,credit_card,False,False
T1000001679,C101081,Term Life,2850,semi-annual,2019-06-29,False,,True,False
T1000001680,C101082,Whole Life,4000,monthly,2019-09-19,False,,False,False
T1000001681,C101083,Term Life,700,monthly,2023-09-23,False,,False,False
T1000001682,C101083,Health Rider,1650,annual,2024-02-22,False,,False,False
T1000001683,C101084,Term Life,1000,annual,2021-03-08,False,,False,False
T1000001684,C101085,Term Life,1350,monthly,2022-06-19,False,,False,False
T1000001685,C101086,Term Life,1850,monthly,2024-02-06,True,credit_card,False,False
T1000001686,C101086,Whole Life,7500,semi-annual,2019-01-11,True,credit_card,False,False
T1000001687,C101087,Unit Linked,14750,monthly,2023-11-29,False,,False,False
T1000001688,C101087,Term Life,2200,annual,2025-01-14,False,,False,False
T1000001689,C101088,Health Rider,1800,annual,2020-02-03,False,,False,False
T1000001690,C101089,Term Life,1650,monthly,2023-03-30,False,,False,False
T1000001691,C101089,Personal Accident,400,monthly,2023-02-17,True,bank_debit,True,False
T1000001692,C101090,Unit Linked,7900,annual,2022-01-09,False,,False,False
T1000001693,C101091,Whole Life,2750,annual,2019-04-24,True,credit_card,False,True
T1000001694,C101091,Endowment,9800,monthly,2020-05-29,True,bank_debit,True,False
T1000001695,C101091,Term Life,2600,annual,2023-02-12,True,bank_debit,True,False
T1000001696,C101092,Health Rider,1200,annual,2023-09-03,False,,False,False
T1000001697,C101092,Unit Linked,11000,monthly,2023-06-15,False,,False,False
T1000001698,C101093,Health Rider,1900,quarterly,2025-02-11,True,credit_card,False,False
T1000001699,C101094,Personal Accident,350,annual,2019-07-04,True,bank_debit,True,False
T1000001700,C101095,Endowment,8550,quarterly,2009-05-26,True,credit_card,False,True
T1000001701,C101095,Endowment,9800,annual,2022-01-16,True,bank_debit,True,False
T1000001702,C101095,Health Rider,1700,monthly,2021-01-19,True,credit_card,False,False
T1000001703,C101096,Endowment,10050,quarterly,2021-07-23,True,credit_card,False,False
T1000001704,C101096,Endowment,5450,semi-annual,2022-01-31,True,bank_debit,True,False
T1000001705,C101097,Term Life,1450,quarterly,2024-10-05,False,,False,False
T1000001706,C101098,Term Life,1650,monthly,2022-10-17,False,,False,False
T1000001707,C101099,Term Life,1000,semi-annual,2022-05-07,True,bank_debit,True,False
T1000001708,C101100,Endowment,4750,semi-annual,2016-08-21,True,bank_debit,True,False
T1000001709,C101100,Health Rider,1300,semi-annual,2015-08-18,False,,False,False
T1000001710,C101101,Term Life,900,annual,2024-06-26,False,,False,False
T1000001711,C101101,Term Life,2300,annual,2024-02-24,True,credit_card,False,False
T1000001712,C101101,Personal Accident,700,annual,2025-06-15,False,,False,False
T1000001713,C101102,Term Life,2900,semi-annual,2022-05-12,False,,False,False
T1000001714,C101102,Term Life,2050,quarterly,2021-06-09,False,,False,False
T1000001715,C101103,Term Life,1900,annual,2021-11-10,False,,False,False
T1000001716,C101104,Whole Life,8200,monthly,2022-10-19,True,credit_card,False,False
T1000001717,C101104,Term Life,1450,annual,2016-07-19,False,,False,False
T1000001718,C101105,Personal Accident,850,monthly,2023-05-09,True,credit_card,False,False
T1000001719,C101106,Endowment,5100,quarterly,2025-10-13,False,,False,False
T1000001720,C101107,Unit Linked,20000,monthly,2020-05-03,True,bank_debit,True,False
T1000001721,C101108,Health Rider,1950,monthly,2020-06-17,True,credit_card,True,False
T1000001722,C101109,Term Life,900,semi-annual,2019-09-09,True,credit_card,False,False
T1000001723,C101110,Whole Life,14000,semi-annual,2020-06-24,False,,False,True
T1000001724,C101111,Term Life,2350,annual,2023-05-23,True,bank_debit,True,False
T1000001725,C101112,Personal Accident,400,annual,2024-12-04,True,bank_debit,True,False
T1000001726,C101112,Term Life,1350,annual,2024-01-12,True,credit_card,False,False
T1000001727,C101113,Health Rider,1650,annual,2018-11-12,True,bank_debit,True,False
T1000001728,C101114,Term Life,1650,monthly,2022-08-30,False,,False,False
T1000001729,C101115,Whole Life,14750,annual,2024-03-22,False,,False,False
T1000001730,C101116,Unit Linked,16400,monthly,2017-05-22,False,,False,False
T1000001731,C101117,Term Life,2100,annual,2023-10-31,True,bank_debit,True,False
T1000001732,C101118,Whole Life,10250,monthly,2021-07-26,True,bank_debit,True,False
T1000001733,C101118,Endowment,3800,monthly,2022-11-15,False,,False,False
T1000001734,C101119,Whole Life,6600,semi-annual,2019-10-22,False,,False,False
T1000001735,C101120,Whole Life,5600,annual,2022-12-09,True,bank_debit,True,True
T1000001736,C101121,Health Rider,1000,annual,2020-06-05,False,,False,False
T1000001737,C101121,Whole Life,5550,monthly,2016-04-17,False,,False,False
T1000001738,C101122,Unit Linked,13300,monthly,2023-03-06,True,credit_card,False,False
T1000001739,C101123,Health Rider,1850,monthly,2025-03-31,True,credit_card,False,False
T1000001740,C101123,Whole Life,2900,semi-annual,2023-10-18,True,credit_card,False,False
T1000001741,C101124,Whole Life,6350,semi-annual,2020-12-06,False,,False,False
T1000001742,C101125,Term Life,1500,quarterly,2021-10-30,True,bank_debit,True,False
T1000001743,C101125,Whole Life,9850,quarterly,2020-07-18,True,bank_debit,True,False
T1000001744,C101125,Whole Life,12050,monthly,2023-06-27,True,bank_debit,True,False
T1000001745,C101126,Personal Accident,1000,quarterly,2022-01-12,False,,False,False
T1000001746,C101127,Term Life,550,monthly,2023-05-17,True,credit_card,False,False
T1000001747,C101128,Endowment,9950,monthly,2024-01-22,False,,False,False
T1000001748,C101128,Personal Accident,950,monthly,2022-12-11,True,credit_card,True,False
T1000001749,C101129,Health Rider,800,quarterly,2023-05-16,False,,False,False
T1000001750,C101130,Whole Life,5100,quarterly,2022-05-19,False,,False,False
T1000001751,C101130,Endowment,10700,annual,2021-12-08,False,,False,False
T1000001752,C101131,Whole Life,5550,quarterly,2022-06-29,False,,False,False
T1000001753,C101132,Health Rider,1600,monthly,2021-06-16,False,,False,False
T1000001754,C101133,Unit Linked,16950,annual,2022-04-09,False,,False,False
T1000001755,C101133,Unit Linked,11100,annual,2021-01-18,False,,False,False
T1000001756,C101134,Term Life,2650,annual,2012-07-15,False,,False,False
T1000001757,C101134,Whole Life,11750,monthly,2013-12-21,True,credit_card,False,True
T1000001758,C101135,Unit Linked,14750,annual,2016-06-28,False,,False,False
T1000001759,C101136,Health Rider,1950,annual,2023-11-11,False,,False,False
T1000001760,C101137,Personal Accident,250,monthly,2023-02-20,False,,False,False
T1000001761,C101137,Health Rider,900,annual,2021-05-19,True,credit_card,False,False
T1000001762,C101138,Unit Linked,9550,semi-annual,2024-07-16,True,bank_debit,True,False
T1000001763,C101138,Health Rider,750,monthly,2023-02-01,True,bank_debit,True,False
T1000001764,C101139,Health Rider,850,quarterly,2024-11-02,False,,False,False
T1000001765,C101139,Health Rider,1600,quarterly,2025-02-10,True,bank_debit,True,False
T1000001766,C101140,Health Rider,500,monthly,2021-04-26,False,,False,False
T1000001767,C101140,Whole Life,13400,semi-annual,2020-10-02,True,bank_debit,True,True
T1000001768,C101141,Health Rider,550,monthly,2023-02-20,False,,False,False
T1000001769,C101142,Term Life,2350,annual,2019-12-05,False,,True,False
T1000001770,C101142,Whole Life,5300,quarterly,2022-06-06,False,,False,False
T1000001771,C101143,Whole Life,14950,annual,2022-01-10,True,credit_card,False,False
T1000001772,C101144,Whole Life,14850,semi-annual,2018-02-01,True,credit_card,False,False
T1000001773,C101145,Health Rider,950,quarterly,2022-12-21,False,,False,False
T1000001774,C101145,Unit Linked,8450,monthly,2023-05-15,True,credit_card,False,False
T1000001775,C101146,Term Life,1000,quarterly,2025-01-13,False,,False,False
T1000001776,C101146,Personal Accident,600,annual,2022-04-21,False,,False,False
T1000001777,C101147,Endowment,5750,semi-annual,2018-02-17,False,,False,True
T1000001778,C101148,Whole Life,10300,semi-annual,2017-05-20,False,,False,True
T1000001779,C101148,Term Life,1450,annual,2018-07-24,False,,False,False
T1000001780,C101149,Endowment,7550,monthly,2024-08-20,False,,False,False
T1000001781,C101150,Whole Life,11400,semi-annual,2024-05-05,False,,False,False
T1000001782,C101151,Term Life,2050,quarterly,2020-09-26,True,bank_debit,True,False
T1000001783,C101151,Term Life,1350,monthly,2022-03-13,True,bank_debit,True,False
T1000001784,C101152,Unit Linked,16300,annual,2020-11-11,False,,False,False
T1000001785,C101152,Health Rider,1600,annual,2020-05-24,False,,False,False
T1000001786,C101153,Personal Accident,500,monthly,2023-01-11,False,,True,False
T1000001787,C101154,Whole Life,6850,semi-annual,2020-04-27,False,,False,False
T1000001788,C101155,Health Rider,750,annual,2019-01-31,True,bank_debit,True,False
T1000001789,C101156,Unit Linked,17700,annual,2017-04-15,False,,False,False
T1000001790,C101157,Whole Life,2450,monthly,2025-11-09,True,bank_debit,True,False
T1000001791,C101157,Health Rider,300,annual,2025-08-16,True,bank_debit,True,False
T1000001792,C101157,Term Life,2650,semi-annual,2025-11-28,False,,False,False
T1000001793,C101158,Endowment,8900,quarterly,2024-05-12,False,,False,False
T1000001794,C101159,Health Rider,1500,monthly,2017-03-28,True,bank_debit,True,False
T1000001795,C101159,Endowment,11000,annual,2021-04-02,False,,False,False
T1000001796,C101160,Whole Life,7100,quarterly,2022-05-26,True,credit_card,False,False
T1000001797,C101161,Health Rider,1200,annual,2025-11-30,True,bank_debit,True,False
T1000001798,C101162,Term Life,2250,quarterly,2021-03-22,False,,False,False
T1000001799,C101163,Health Rider,1600,annual,2014-11-06,True,credit_card,False,False
T1000001800,C101163,Health Rider,2000,monthly,2020-02-20,True,credit_card,False,False
T1000001801,C101164,Health Rider,400,monthly,2025-12-04,False,,False,False
T1000001802,C101164,Personal Accident,750,annual,2025-11-04,False,,True,False
T1000001803,C101164,Term Life,2000,monthly,2025-09-15,True,bank_debit,True,False
T1000001804,C101165,Unit Linked,11450,monthly,2013-06-12,True,credit_card,False,False
T1000001805,C101166,Whole Life,8350,annual,2025-10-24,True,bank_debit,True,False
T1000001806,C101167,Personal Accident,350,quarterly,2023-09-01,True,bank_debit,True,False
T1000001807,C101168,Whole Life,8900,monthly,2020-05-15,True,bank_debit,True,False
T1000001808,C101169,Endowment,3850,monthly,2025-12-08,True,bank_debit,True,False
T1000001809,C101170,Term Life,1600,quarterly,2023-01-26,False,,False,False
T1000001810,C101170,Personal Accident,250,monthly,2018-11-15,True,bank_debit,True,False
T1000001811,C101170,Health Rider,1200,semi-annual,2024-04-15,True,bank_debit,True,False
T1000001812,C101171,Health Rider,950,quarterly,2015-08-10,False,,False,False
T1000001813,C101172,Unit Linked,14900,annual,2018-05-02,False,,False,False
T1000001814,C101172,Whole Life,9100,quarterly,2019-10-19,True,bank_debit,True,False
T1000001815,C101173,Personal Accident,450,annual,2019-11-26,True,bank_debit,True,False
T1000001816,C101173,Unit Linked,16600,monthly,2017-09-29,False,,False,False
T1000001817,C101174,Whole Life,3350,monthly,2024-07-23,True,credit_card,False,False
T1000001818,C101175,Health Rider,1250,semi-annual,2025-09-24,False,,False,False
T1000001819,C101176,Health Rider,1900,quarterly,2017-09-07,True,bank_debit,True,False
T1000001820,C101176,Endowment,7050,monthly,2023-11-24,True,credit_card,False,False
T1000001821,C101177,Health Rider,1250,annual,2017-09-26,False,,False,False
T1000001822,C101178,Endowment,8500,quarterly,2014-11-03,True,bank_debit,True,False
T1000001823,C101179,Endowment,11950,quarterly,2025-11-08,False,,False,False
T1000001824,C101179,Endowment,6550,monthly,2025-10-15,False,,False,False
T1000001825,C101180,Unit Linked,15050,monthly,2025-10-06,True,bank_debit,True,False
T1000001826,C101181,Term Life,1250,quarterly,2023-02-12,True,credit_card,False,False
T1000001827,C101181,Term Life,2000,quarterly,2022-07-22,True,bank_debit,True,False
T1000001828,C101182,Unit Linked,13150,annual,2025-10-01,True,credit_card,False,False
T1000001829,C101183,Unit Linked,8400,annual,2020-05-23,True,bank_debit,True,False
T1000001830,C101184,Health Rider,1850,quarterly,2018-06-02,True,bank_debit,True,False
T1000001831,C101185,Health Rider,400,monthly,2025-06-15,True,bank_debit,True,False
T1000001832,C101186,Whole Life,4900,monthly,2021-05-15,False,,False,False
T1000001833,C101187,Whole Life,4500,annual,2019-06-05,False,,False,False
T1000001834,C101188,Term Life,1000,annual,2023-10-23,False,,False,False
T1000001835,C101189,Unit Linked,16450,quarterly,2020-01-05,False,,False,False
T1000001836,C101190,Health Rider,1900,semi-annual,2025-10-28,True,credit_card,False,False
T1000001837,C101190,Unit Linked,14950,quarterly,2025-11-21,True,credit_card,False,False
T1000001838,C101191,Health Rider,1250,monthly,2023-10-05,True,bank_debit,True,False
T1000001839,C101192,Unit Linked,16050,annual,2024-03-08,False,,False,False
T1000001840,C101193,Term Life,2300,annual,2022-02-16,True,bank_debit,True,False
T1000001841,C101194,Endowment,4350,monthly,2019-02-24,True,credit_card,False,False
T1000001842,C101195,Endowment,4100,quarterly,2023-02-20,True,credit_card,False,False
T1000001843,C101196,Endowment,5050,annual,2020-11-03,True,credit_card,False,True
T1000001844,C101197,Health Rider,650,semi-annual,2023-02-05,False,,False,False
T1000001845,C101198,Health Rider,1050,semi-annual,2018-05-30,False,,False,False
T1000001846,C101198,Term Life,2200,monthly,2017-12-03,True,credit_card,False,False
T1000001847,C101199,Health Rider,450,quarterly,2023-12-07,False,,False,False
T1000001848,C101199,Term Life,750,annual,2023-05-13,False,,False,False
T1000001849,C101200,Term Life,800,quarterly,2024-06-02,False,,False,False
T1000001850,C101201,Unit Linked,7900,monthly,2020-10-31,False,,False,False
T1000001851,C101201,Health Rider,600,annual,2022-09-05,False,,False,False
T1000001852,C101202,Endowment,8100,annual,2025-01-05,False,,False,False
T1000001853,C101202,Term Life,1300,semi-annual,2021-12-29,False,,False,False
T1000001854,C101203,Whole Life,4950,monthly,2021-02-14,True,bank_debit,True,False
T1000001855,C101203,Health Rider,1400,semi-annual,2019-11-29,False,,False,False
T1000001856,C101204,Personal Accident,950,annual,2024-10-14,True,bank_debit,True,False
T1000001857,C101205,Whole Life,9350,monthly,2020-07-20,False,,False,False
T1000001858,C101206,Health Rider,1650,monthly,2019-08-14,True,credit_card,True,False
T1000001859,C101207,Whole Life,6100,semi-annual,2021-01-14,False,,False,False
T1000001860,C101208,Personal Accident,550,annual,2021-01-23,True,bank_debit,True,False
T1000001861,C101208,Health Rider,1900,semi-annual,2020-09-08,False,,False,False
T1000001862,C101209,Unit Linked,13350,monthly,2021-12-24,True,credit_card,False,False
T1000001863,C101210,Health Rider,1150,quarterly,2025-11-11,False,,False,False
T1000001864,C101211,Unit Linked,17400,quarterly,2022-07-25,False,,False,False
T1000001865,C101212,Endowment,6050,monthly,2021-09-18,False,,False,False
T1000001866,C101213,Unit Linked,9250,annual,2019-11-29,False,,False,False
T1000001867,C101214,Term Life,2350,monthly,2021-10-23,False,,False,False
T1000001868,C101215,Term Life,2300,monthly,2020-04-11,False,,False,False
T1000001869,C101216,Whole Life,3300,semi-annual,2022-11-02,False,,False,True
T1000001870,C101217,Endowment,5100,quarterly,2025-02-20,True,credit_card,False,False
T1000001871,C101218,Personal Accident,950,quarterly,2023-10-14,False,,False,False
T1000001872,C101218,Unit Linked,5000,quarterly,2023-11-05,True,bank_debit,True,False
T1000001873,C101218,Health Rider,1950,monthly,2024-11-03,True,credit_card,False,False
T1000001874,C101219,Whole Life,9950,quarterly,2025-12-05,False,,False,False
T1000001875,C101219,Whole Life,14500,monthly,2025-12-10,False,,False,False
T1000001876,C101220,Unit Linked,8300,monthly,2013-04-06,True,bank_debit,True,False
T1000001877,C101221,Endowment,10550,monthly,2022-03-13,False,,False,False
T1000001878,C101222,Unit Linked,17000,monthly,2016-12-23,False,,True,False
T1000001879,C101222,Health Rider,600,monthly,2019-09-21,True,bank_debit,True,False
T1000001880,C101223,Term Life,1550,quarterly,2023-05-05,True,bank_debit,True,False
T1000001881,C101223,Endowment,6050,monthly,2023-09-29,True,credit_card,True,False
T1000001882,C101223,Whole Life,5700,quarterly,2023-06-09,False,,False,False
T1000001883,C101224,Term Life,650,annual,2015-03-08,True,bank_debit,True,False
T1000001884,C101225,Term Life,1350,quarterly,2023-12-09,False,,False,False
T1000001885,C101226,Health Rider,500,semi-annual,2020-09-28,True,bank_debit,True,False
T1000001886,C101226,Endowment,7300,annual,2021-07-26,False,,False,False
T1000001887,C101227,Unit Linked,4200,annual,2022-12-20,True,credit_card,True,False
T1000001888,C101228,Whole Life,2200,annual,2023-09-27,True,bank_debit,True,False
T1000001889,C101228,Term Life,1250,annual,2018-03-08,False,,False,False
T1000001890,C101229,Term Life,950,quarterly,2018-05-22,False,,True,False
T1000001891,C101230,Health Rider,800,quarterly,2018-06-10,True,bank_debit,True,False
T1000001892,C101231,Endowment,6150,quarterly,2021-01-30,False,,False,False
T1000001893,C101231,Endowment,11350,quarterly,2024-05-08,False,,False,False
T1000001894,C101232,Whole Life,11550,monthly,2024-07-26,False,,False,False
T1000001895,C101232,Endowment,3350,monthly,2024-05-31,False,,False,False
T1000001896,C101233,Whole Life,5200,monthly,2025-10-28,False,,False,False
T1000001897,C101234,Whole Life,2000,semi-annual,2023-05-02,False,,False,False
T1000001898,C101234,Whole Life,7450,annual,2023-07-26,False,,False,False
T1000001899,C101235,Endowment,10000,monthly,2021-09-25,False,,False,True
T1000001900,C101235,Unit Linked,3050,semi-annual,2020-01-29,True,credit_card,False,False
T1000001901,C101236,Endowment,12000,monthly,2019-02-13,False,,False,False
T1000001902,C101237,Health Rider,1350,quarterly,2019-06-23,True,bank_debit,True,False
T1000001903,C101237,Unit Linked,6250,annual,2022-09-13,True,credit_card,False,False
T1000001904,C101237,Health Rider,450,monthly,2020-05-27,False,,False,False
T1000001905,C101238,Unit Linked,9450,quarterly,2024-05-13,True,bank_debit,True,False
T1000001906,C101239,Unit Linked,11650,monthly,2018-08-08,True,credit_card,False,False
T1000001907,C101240,Health Rider,1750,annual,2019-08-31,False,,False,False
T1000001908,C101240,Term Life,2200,monthly,2018-09-16,True,credit_card,False,False
T1000001909,C101241,Endowment,6250,semi-annual,2018-04-26,True,bank_debit,True,False
T1000001910,C101242,Unit Linked,8450,semi-annual,2018-12-12,False,,False,False
T1000001911,C101242,Whole Life,14300,annual,2021-03-26,False,,False,False
T1000001912,C101243,Health Rider,1700,semi-annual,2024-10-07,True,bank_debit,True,False
T1000001913,C101244,Health Rider,1000,quarterly,2023-09-09,False,,False,False
T1000001914,C101245,Unit Linked,9400,monthly,2025-12-06,False,,False,False
T1000001915,C101246,Unit Linked,18550,quarterly,2020-04-30,False,,False,False
T1000001916,C101246,Term Life,2700,quarterly,2023-01-09,False,,False,False
T1000001917,C101247,Unit Linked,14900,monthly,2020-06-08,False,,False,False
T1000001918,C101247,Health Rider,1700,monthly,2019-09-09,False,,False,False
T1000001919,C101248,Whole Life,3850,monthly,2025-09-02,False,,False,False
T1000001920,C101249,Whole Life,8600,monthly,2023-02-25,True,bank_debit,True,False
T1000001921,C101250,Endowment,9450,semi-annual,2021-01-15,False,,False,False
T1000001922,C101251,Whole Life,3900,monthly,2020-10-22,False,,False,False
T1000001923,C101252,Health Rider,1300,semi-annual,2021-12-27,False,,False,False
T1000001924,C101252,Endowment,7600,annual,2016-01-26,False,,False,False
T1000001925,C101253,Term Life,1050,monthly,2021-04-24,False,,False,False
T1000001926,C101253,Unit Linked,8550,quarterly,2018-08-22,False,,False,False
T1000001927,C101254,Whole Life,2100,annual,2023-01-08,True,bank_debit,True,False
T1000001928,C101255,Term Life,2350,semi-annual,2017-05-04,True,bank_debit,True,False
T1000001929,C101256,Personal Accident,550,annual,2021-03-07,True,credit_card,False,False
T1000001930,C101256,Unit Linked,7350,quarterly,2021-07-28,False,,False,False
T1000001931,C101257,Whole Life,7750,monthly,2011-06-18,False,,False,False
T1000001932,C101258,Health Rider,1950,annual,2022-06-04,False,,True,False
T1000001933,C101259,Whole Life,7950,quarterly,2021-06-21,False,,False,False
T1000001934,C101259,Whole Life,6650,monthly,2023-04-21,False,,True,False
T1000001935,C101260,Endowment,6850,monthly,2025-10-23,False,,False,False
T1000001936,C101261,Term Life,2200,annual,2024-03-28,False,,False,False
T1000001937,C101262,Health Rider,450,semi-annual,2016-05-16,False,,False,False
T1000001938,C101263,Whole Life,11600,semi-annual,2024-08-15,False,,False,False
T1000001939,C101263,Health Rider,1550,quarterly,2024-11-20,True,bank_debit,True,False
T1000001940,C101264,Whole Life,5800,semi-annual,2025-11-17,False,,False,False
T1000001941,C101265,Health Rider,1200,monthly,2021-07-21,False,,False,False
T1000001942,C101265,Endowment,7850,monthly,2022-01-13,True,credit_card,False,False
T1000001943,C101266,Personal Accident,750,monthly,2015-11-07,False,,False,False
T1000001944,C101267,Endowment,5500,monthly,2020-01-09,True,bank_debit,True,False
T1000001945,C101268,Personal Accident,850,annual,2020-08-27,False,,False,False
T1000001946,C101268,Whole Life,4700,quarterly,2023-09-11,True,bank_debit,True,False
T1000001947,C101269,Unit Linked,9000,monthly,2025-10-17,False,,False,False
T1000001948,C101270,Endowment,9100,annual,2023-08-13,False,,False,False
T1000001949,C101271,Personal Accident,850,quarterly,2023-06-29,True,bank_debit,True,False
T1000001950,C101272,Term Life,2900,monthly,2025-10-24,False,,True,False
T1000001951,C101272,Whole Life,5500,monthly,2025-10-27,True,credit_card,False,False
T1000001952,C101273,Health Rider,650,quarterly,2023-06-02,False,,False,False
T1000001953,C101274,Endowment,8400,quarterly,2017-08-28,False,,False,False
T1000001954,C101274,Endowment,9750,monthly,2019-11-03,False,,False,False
T1000001955,C101275,Whole Life,13950,annual,2020-03-17,True,bank_debit,True,False
T1000001956,C101276,Whole Life,14150,annual,2017-05-10,True,bank_debit,True,False
T1000001957,C101277,Endowment,4300,monthly,2018-10-15,True,bank_debit,True,False
T1000001958,C101278,Health Rider,1600,quarterly,2022-10-02,False,,False,False
T1000001959,C101279,Endowment,4300,annual,2023-03-07,False,,False,False
T1000001960,C101279,Health Rider,1150,annual,2017-03-18,False,,False,False
T1000001961,C101280,Term Life,2550,annual,2025-09-24,False,,False,False
T1000001962,C101281,Term Life,1800,quarterly,2025-11-14,True,bank_debit,True,False
T1000001963,C101281,Whole Life,6050,semi-annual,2025-09-22,True,credit_card,False,False
T1000001964,C101281,Term Life,1800,monthly,2025-09-25,False,,False,False
T1000001965,C101282,Health Rider,750,quarterly,2022-11-09,False,,False,False
T1000001966,C101283,Unit Linked,4850,semi-annual,2021-07-10,True,bank_debit,True,False
T1000001967,C101284,Personal Accident,350,annual,2022-06-21,False,,False,False
T1000001968,C101285,Unit Linked,11450,monthly,2021-02-03,False,,False,False
T1000001969,C101285,Unit Linked,9450,monthly,2022-05-28,True,credit_card,False,False
T1000001970,C101286,Whole Life,4550,annual,2020-11-04,True,credit_card,False,False
T1000001971,C101287,Personal Accident,650,semi-annual,2021-09-29,False,,False,False
T1000001972,C101288,Personal Accident,850,monthly,2022-10-03,True,credit_card,False,False
T1000001973,C101288,Term Life,1700,semi-annual,2022-07-10,True,bank_debit,True,False
T1000001974,C101288,Unit Linked,6900,monthly,2024-08-15,True,bank_debit,True,False
T1000001975,C101289,Personal Accident,850,quarterly,2023-11-19,False,,False,False
T1000001976,C101289,Health Rider,1150,semi-annual,2023-02-14,False,,False,False
T1000001977,C101290,Term Life,2900,monthly,2025-04-07,False,,False,False
T1000001978,C101291,Whole Life,4050,monthly,2024-01-14,False,,True,False
T1000001979,C101291,Term Life,2000,semi-annual,2020-05-11,True,bank_debit,True,False
T1000001980,C101292,Whole Life,6400,quarterly,2024-05-16,False,,False,False
T1000001981,C101293,Endowment,3100,annual,2025-10-04,True,credit_card,False,False
T1000001982,C101294,Unit Linked,15350,monthly,2019-04-07,False,,False,False
T1000001983,C101295,Health Rider,1150,annual,2018-09-13,False,,False,False
T1000001984,C101295,Endowment,8100,monthly,2023-10-22,True,credit_card,False,False
T1000001985,C101296,Health Rider,1950,semi-annual,2023-07-22,False,,False,False
T1000001986,C101297,Health Rider,1700,quarterly,2014-04-20,False,,False,False
T1000001987,C101297,Endowment,3500,monthly,2014-10-19,True,credit_card,True,True
T1000001988,C101298,Term Life,1050,monthly,2024-09-26,False,,False,False
T1000001989,C101298,Unit Linked,5500,monthly,2024-11-14,True,credit_card,False,False
T1000001990,C101299,Unit Linked,17850,monthly,2019-08-21,False,,False,False
T1000001991,C101300,Health Rider,500,quarterly,2023-02-16,False,,False,False
T1000001992,C101301,Whole Life,14650,quarterly,2020-12-28,True,credit_card,False,False
T1000001993,C101301,Personal Accident,200,monthly,2016-06-05,True,bank_debit,True,False
T1000001994,C101302,Unit Linked,14850,quarterly,2020-08-23,False,,False,False
T1000001995,C101303,Unit Linked,16900,monthly,2021-05-18,True,bank_debit,True,False
T1000001996,C101304,Personal Accident,200,monthly,2022-04-02,False,,False,False
T1000001997,C101305,Term Life,2600,quarterly,2017-12-10,False,,False,False
T1000001998,C101305,Health Rider,650,quarterly,2022-11-25,False,,False,False
T1000001999,C101306,Health Rider,1250,annual,2022-12-06,True,credit_card,True,False
T1000002000,C101307,Health Rider,350,monthly,2020-06-07,False,,False,False
T1000002001,C101308,Whole Life,2050,annual,2016-08-14,True,bank_debit,True,False
T1000002002,C101309,Term Life,1650,monthly,2018-02-18,True,bank_debit,True,False
T1000002003,C101310,Health Rider,850,monthly,2022-06-30,False,,False,False
T1000002004,C101310,Term Life,2700,quarterly,2020-08-02,True,credit_card,False,False
T1000002005,C101310,Term Life,1800,annual,2022-09-01,True,credit_card,False,False
T1000002006,C101311,Health Rider,1000,quarterly,2018-08-11,True,credit_card,False,False
T1000002007,C101312,Personal Accident,650,monthly,2016-03-15,False,,False,False
T1000002008,C101312,Endowment,6100,annual,2017-12-07,True,bank_debit,True,True
T1000002009,C101313,Whole Life,5950,annual,2022-09-01,True,credit_card,False,False
T1000002010,C101313,Health Rider,400,annual,2024-11-22,False,,False,False
T1000002011,C101314,Health Rider,550,monthly,2024-08-25,True,bank_debit,True,False
T1000002012,C101315,Whole Life,9300,monthly,2025-05-29,False,,True,False
T1000002013,C101315,Unit Linked,15850,quarterly,2025-05-13,False,,False,False
T1000002014,C101316,Term Life,2500,annual,2025-01-04,True,credit_card,False,False
T1000002015,C101316,Health Rider,450,monthly,2024-10-01,False,,False,False
T1000002016,C101316,Personal Accident,800,annual,2024-04-07,True,bank_debit,True,False
T1000002017,C101317,Whole Life,6950,monthly,2022-02-27,False,,False,False
T1000002018,C101317,Health Rider,1550,annual,2024-04-09,True,credit_card,False,False
T1000002019,C101318,Health Rider,550,quarterly,2021-10-29,False,,False,False
T1000002020,C101318,Health Rider,1750,annual,2020-02-12,False,,False,False
T1000002021,C101319,Unit Linked,16750,annual,2015-12-05,True,bank_debit,True,False
T1000002022,C101320,Health Rider,2000,monthly,2017-06-01,False,,False,False
T1000002023,C101320,Personal Accident,950,quarterly,2017-07-23,False,,False,False
T1000002024,C101321,Health Rider,950,monthly,2025-01-02,True,bank_debit,True,False
T1000002025,C101322,Whole Life,5600,quarterly,2024-10-12,False,,False,False
T1000002026,C101322,Whole Life,10800,annual,2022-12-28,False,,False,False
T1000002027,C101323,Whole Life,4850,semi-annual,2017-07-18,False,,False,False
T1000002028,C101324,Term Life,2800,quarterly,2022-01-07,True,bank_debit,True,False
T1000002029,C101325,Endowment,11000,monthly,2023-07-06,True,credit_card,False,False
T1000002030,C101325,Whole Life,13350,monthly,2019-03-04,True,credit_card,False,True
T1000002031,C101326,Health Rider,950,monthly,2021-05-28,False,,False,False
T1000002032,C101326,Health Rider,550,monthly,2024-05-16,False,,False,False
T1000002033,C101327,Term Life,2900,annual,2022-06-01,True,credit_card,False,False
T1000002034,C101328,Whole Life,2300,quarterly,2024-04-09,False,,False,False
T1000002035,C101328,Personal Accident,850,monthly,2024-03-31,True,credit_card,False,False
T1000002036,C101329,Endowment,9500,quarterly,2017-07-13,True,bank_debit,True,False
T1000002037,C101329,Term Life,1300,semi-annual,2019-10-15,True,bank_debit,True,False
T1000002038,C101329,Term Life,1100,monthly,2022-01-10,False,,False,False
T1000002039,C101330,Term Life,1000,quarterly,2020-08-31,False,,False,False
T1000002040,C101330,Health Rider,1350,annual,2011-11-23,False,,False,False
T1000002041,C101331,Endowment,8950,monthly,2022-04-16,False,,False,False
T1000002042,C101331,Health Rider,350,annual,2020-01-11,True,bank_debit,True,False
T1000002043,C101332,Personal Accident,250,annual,2023-11-29,True,credit_card,False,False
T1000002044,C101332,Term Life,2100,monthly,2025-02-11,False,,False,False
T1000002045,C101333,Health Rider,1300,semi-annual,2022-10-25,False,,False,False
T1000002046,C101333,Personal Accident,850,semi-annual,2021-03-05,True,bank_debit,True,False
T1000002047,C101334,Health Rider,850,monthly,2022-12-07,True,bank_debit,True,False
T1000002048,C101335,Term Life,800,monthly,2025-05-17,False,,False,False
T1000002049,C101336,Endowment,9500,monthly,2019-02-19,True,credit_card,False,False
T1000002050,C101336,Whole Life,12850,monthly,2019-12-05,False,,False,False
T1000002051,C101337,Health Rider,1600,monthly,2020-04-07,True,credit_card,False,False
T1000002052,C101337,Unit Linked,15100,monthly,2020-02-16,False,,False,False
T1000002053,C101337,Whole Life,11700,monthly,2019-07-21,False,,False,False
T1000002054,C101338,Health Rider,1150,annual,2023-04-26,True,credit_card,False,False
T1000002055,C101339,Endowment,6350,monthly,2023-12-23,False,,False,False
T1000002056,C101340,Health Rider,1150,quarterly,2025-05-16,False,,False,False
T1000002057,C101341,Health Rider,900,annual,2020-07-05,True,credit_card,False,False
T1000002058,C101341,Personal Accident,700,quarterly,2022-07-18,False,,False,False
T1000002059,C101342,Health Rider,1000,annual,2023-04-16,True,bank_debit,True,False
T1000002060,C101342,Health Rider,1350,quarterly,2022-07-29,False,,False,False
T1000002061,C101343,Term Life,1450,monthly,2024-10-14,False,,False,False
T1000002062,C101344,Health Rider,1900,monthly,2018-07-26,True,credit_card,False,False
T1000002063,C101345,Unit Linked,16250,annual,2020-05-14,False,,False,False
T1000002064,C101346,Unit Linked,3650,annual,2017-08-09,False,,False,False
T1000002065,C101346,Term Life,1750,annual,2017-09-21,True,bank_debit,True,False
T1000002066,C101347,Term Life,1500,annual,2023-11-23,False,,False,False
T1000002067,C101348,Health Rider,1150,annual,2020-06-14,False,,False,False
T1000002068,C101349,Term Life,1250,annual,2022-01-12,True,credit_card,False,False
T1000002069,C101350,Term Life,1050,monthly,2021-12-14,False,,False,False
T1000002070,C101350,Whole Life,5250,monthly,2020-10-04,False,,False,False
T1000002071,C101351,Endowment,9650,semi-annual,2021-08-12,False,,False,False
T1000002072,C101352,Personal Accident,550,semi-annual,2021-06-18,False,,False,False
T1000002073,C101353,Term Life,1750,semi-annual,2019-08-21,False,,False,False
T1000002074,C101354,Term Life,900,annual,2023-05-20,True,bank_debit,True,False
T1000002075,C101354,Term Life,1550,semi-annual,2022-01-27,True,bank_debit,True,False
T1000002076,C101354,Health Rider,1600,annual,2024-10-05,False,,False,False
T1000002077,C101355,Term Life,2200,monthly,2024-11-02,False,,False,False
T1000002078,C101356,Whole Life,7400,semi-annual,2020-06-08,False,,False,True
T1000002079,C101357,Whole Life,5350,annual,2021-03-23,False,,False,False
T1000002080,C101358,Term Life,2000,quarterly,2025-10-25,True,bank_debit,True,False
T1000002081,C101359,Term Life,700,annual,2023-12-23,False,,False,False
T1000002082,C101359,Health Rider,1250,monthly,2022-08-13,True,credit_card,False,False
T1000002083,C101360,Endowment,9250,semi-annual,2020-04-25,True,credit_card,False,False
T1000002084,C101360,Endowment,11800,quarterly,2019-01-15,False,,False,False
T1000002085,C101361,Unit Linked,17700,monthly,2012-02-20,False,,False,False
T1000002086,C101362,Health Rider,1500,semi-annual,2021-07-20,False,,False,False
T1000002087,C101362,Endowment,7600,monthly,2022-05-10,False,,False,False
T1000002088,C101363,Health Rider,2000,monthly,2023-04-09,False,,False,False
T1000002089,C101364,Personal Accident,900,monthly,2024-10-06,False,,False,False
T1000002090,C101364,Personal Accident,800,annual,2023-11-16,True,bank_debit,True,False
T1000002091,C101365,Health Rider,1700,semi-annual,2023-09-18,False,,False,False
T1000002092,C101366,Term Life,3000,monthly,2023-12-07,True,credit_card,False,False
T1000002093,C101367,Whole Life,7450,semi-annual,2024-09-27,False,,False,False
T1000002094,C101367,Unit Linked,3500,quarterly,2024-07-21,False,,False,False
T1000002095,C101368,Whole Life,2000,monthly,2024-06-28,True,bank_debit,True,False
T1000002096,C101368,Health Rider,350,monthly,2019-12-19,True,credit_card,False,False
T1000002097,C101368,Whole Life,4450,annual,2020-04-19,True,bank_debit,True,False
T1000002098,C101369,Whole Life,3250,annual,2025-12-06,True,credit_card,False,False
T1000002099,C101369,Personal Accident,250,annual,2025-11-28,True,bank_debit,True,False
T1000002100,C101370,Health Rider,1000,monthly,2020-09-27,True,credit_card,False,False
T1000002101,C101370,Health Rider,1050,semi-annual,2019-07-12,True,bank_debit,True,False
T1000002102,C101371,Health Rider,1750,monthly,2022-09-01,False,,False,False
T1000002103,C101371,Personal Accident,250,quarterly,2022-10-23,False,,False,False
T1000002104,C101372,Unit Linked,18250,monthly,2022-10-02,True,bank_debit,True,False
T1000002105,C101372,Unit Linked,4050,annual,2023-12-22,False,,True,False
T1000002106,C101373,Health Rider,900,semi-annual,2025-10-05,False,,False,False
T1000002107,C101374,Whole Life,11450,monthly,2021-09-21,True,bank_debit,True,False
T1000002108,C101375,Whole Life,12850,monthly,2022-03-17,False,,True,False
T1000002109,C101375,Whole Life,11300,monthly,2024-09-27,True,credit_card,False,False
T1000002110,C101376,Personal Accident,800,annual,2019-10-20,False,,False,False
T1000002111,C101377,Health Rider,550,annual,2021-05-05,False,,False,False
T1000002112,C101377,Whole Life,14650,annual,2019-12-17,False,,True,False
T1000002113,C101378,Health Rider,300,monthly,2019-12-02,False,,False,False
T1000002114,C101379,Whole Life,4850,annual,2022-06-08,True,bank_debit,True,False
T1000002115,C101380,Whole Life,5900,quarterly,2023-10-09,False,,False,False
T1000002116,C101381,Unit Linked,10450,monthly,2018-03-01,True,credit_card,False,False
T1000002117,C101381,Health Rider,850,quarterly,2021-12-25,True,bank_debit,True,False
T1000002118,C101382,Term Life,3000,monthly,2023-08-06,False,,False,False
T1000002119,C101383,Health Rider,650,annual,2021-03-07,True,bank_debit,True,False
T1000002120,C101383,Term Life,1800,monthly,2021-08-06,False,,False,False
T1000002121,C101384,Unit Linked,17600,quarterly,2020-06-17,True,bank_debit,True,False
T1000002122,C101385,Endowment,6650,annual,2021-11-08,False,,True,True
T1000002123,C101386,Term Life,1650,monthly,2023-03-12,False,,False,False
T1000002124,C101386,Term Life,1250,monthly,2022-08-20,False,,False,False
T1000002125,C101387,Unit Linked,18400,annual,2025-11-09,True,credit_card,False,False
T1000002126,C101388,Term Life,2200,quarterly,2025-04-15,True,bank_debit,True,False
T1000002127,C101388,Whole Life,3900,semi-annual,2024-03-01,True,bank_debit,True,False
T1000002128,C101389,Personal Accident,300,monthly,2022-05-18,True,bank_debit,True,False
T1000002129,C101390,Whole Life,14750,semi-annual,2019-11-22,False,,False,False
T1000002130,C101391,Term Life,1700,monthly,2020-04-21,True,bank_debit,True,False
T1000002131,C101392,Term Life,700,annual,2019-04-29,True,credit_card,False,False
T1000002132,C101392,Term Life,1700,semi-annual,2021-09-02,False,,False,False
T1000002133,C101393,Health Rider,1800,annual,2022-05-01,False,,False,False
T1000002134,C101394,Term Life,2800,annual,2016-10-30,True,bank_debit,True,False
T1000002135,C101395,Personal Accident,1000,monthly,2020-11-24,True,bank_debit,True,False
T1000002136,C101395,Unit Linked,19450,monthly,2016-05-25,True,bank_debit,True,False
T1000002137,C101396,Term Life,1900,annual,2024-03-26,False,,False,False
T1000002138,C101396,Personal Accident,650,monthly,2025-04-09,True,bank_debit,True,False
T1000002139,C101396,Personal Accident,800,monthly,2024-09-15,False,,False,False
T1000002140,C101397,Health Rider,650,monthly,2023-05-05,False,,False,False
T1000002141,C101397,Endowment,10400,quarterly,2017-05-02,False,,False,True
T1000002142,C101398,Unit Linked,15000,quarterly,2021-11-03,False,,False,False
T1000002143,C101398,Whole Life,6400,quarterly,2024-03-14,False,,False,False
T1000002144,C101399,Endowment,10000,semi-annual,2025-11-23,True,credit_card,False,False
T1000002145,C101400,Term Life,2200,semi-annual,2024-09-28,True,credit_card,False,False
T1000002146,C101401,Personal Accident,350,semi-annual,2014-01-09,True,credit_card,False,False
T1000002147,C101401,Unit Linked,19800,annual,2019-08-27,False,,False,False
T1000002148,C101402,Term Life,2550,monthly,2017-07-21,False,,False,False
T1000002149,C101402,Term Life,2850,monthly,2020-11-08,True,bank_debit,True,False
T1000002150,C101403,Whole Life,5250,annual,2013-06-25,False,,False,False
T1000002151,C101403,Term Life,2200,annual,2020-03-04,False,,False,False
T1000002152,C101404,Term Life,2950,annual,2024-04-14,True,credit_card,False,False
T1000002153,C101404,Endowment,7500,quarterly,2021-11-19,True,bank_debit,True,False
T1000002154,C101405,Whole Life,10100,semi-annual,2009-10-18,False,,False,False
T1000002155,C101405,Whole Life,5600,quarterly,2022-02-12,True,bank_debit,True,False
T1000002156,C101406,Unit Linked,18850,monthly,2024-03-10,True,bank_debit,True,False
T1000002157,C101407,Personal Accident,550,monthly,2020-07-20,True,credit_card,False,False
T1000002158,C101408,Term Life,600,annual,2025-04-30,True,credit_card,False,False
T1000002159,C101408,Term Life,2900,semi-annual,2024-05-27,True,credit_card,False,False
T1000002160,C101408,Term Life,600,monthly,2024-06-24,False,,False,False
T1000002161,C101409,Whole Life,3350,semi-annual,2021-07-15,False,,True,False
T1000002162,C101410,Health Rider,400,annual,2021-08-12,False,,False,False
T1000002163,C101411,Unit Linked,8300,annual,2022-12-15,False,,False,False
T1000002164,C101412,Endowment,7500,annual,2020-03-08,True,credit_card,False,False
T1000002165,C101412,Whole Life,12300,semi-annual,2022-08-07,True,bank_debit,True,False
T1000002166,C101413,Term Life,1200,quarterly,2014-10-03,True,credit_card,False,False
T1000002167,C101413,Unit Linked,19400,quarterly,2017-05-16,False,,False,False
T1000002168,C101414,Unit Linked,13450,monthly,2019-06-17,False,,True,False
T1000002169,C101414,Term Life,850,monthly,2018-12-06,True,bank_debit,True,False
T1000002170,C101415,Whole Life,14050,annual,2024-01-31,True,bank_debit,True,False
T1000002171,C101416,Whole Life,11550,quarterly,2021-06-30,False,,False,False
T1000002172,C101417,Unit Linked,10500,semi-annual,2023-10-26,False,,False,False
T1000002173,C101418,Whole Life,7400,semi-annual,2020-09-25,False,,False,False
T1000002174,C101418,Endowment,5900,monthly,2022-01-09,True,credit_card,False,True
T1000002175,C101419,Endowment,9100,quarterly,2021-10-12,True,credit_card,False,False
T1000002176,C101420,Unit Linked,7100,quarterly,2019-08-03,False,,False,False
T1000002177,C101420,Health Rider,1150,semi-annual,2019-11-02,False,,False,False
T1000002178,C101421,Term Life,1150,quarterly,2017-08-28,False,,False,False
T1000002179,C101422,Unit Linked,13750,monthly,2022-01-02,True,credit_card,False,False
T1000002180,C101422,Term Life,1200,quarterly,2016-02-23,False,,False,False
T1000002181,C101423,Unit Linked,3650,annual,2022-11-27,True,bank_debit,True,False
T1000002182,C101424,Term Life,2850,monthly,2016-03-20,True,bank_debit,True,False
T1000002183,C101424,Health Rider,1200,annual,2019-07-16,False,,False,False
T1000002184,C101425,Personal Accident,750,semi-annual,2014-11-10,True,credit_card,False,False
T1000002185,C101425,Health Rider,1500,quarterly,2015-01-29,False,,True,False
T1000002186,C101426,Health Rider,1150,annual,2013-04-17,True,bank_debit,True,False
T1000002187,C101427,Endowment,9650,annual,2017-01-12,False,,False,False
T1000002188,C101428,Personal Accident,250,quarterly,2023-01-02,True,credit_card,False,False
T1000002189,C101429,Term Life,850,monthly,2023-10-22,False,,False,False
T1000002190,C101430,Health Rider,1150,monthly,2019-03-16,True,bank_debit,True,False
T1000002191,C101430,Unit Linked,16250,annual,2022-09-23,False,,False,False
T1000002192,C101431,Health Rider,1900,quarterly,2020-04-17,False,,False,False
T1000002193,C101432,Health Rider,1250,annual,2024-03-23,False,,False,False
T1000002194,C101432,Health Rider,1900,semi-annual,2019-05-26,True,bank_debit,True,False
T1000002195,C101433,Unit Linked,10300,monthly,2019-08-04,False,,False,False
T1000002196,C101434,Whole Life,6900,semi-annual,2019-07-06,True,bank_debit,True,False
T1000002197,C101434,Whole Life,10300,quarterly,2019-06-03,False,,True,False
T1000002198,C101435,Endowment,5550,monthly,2022-07-10,False,,False,False
T1000002199,C101436,Health Rider,1050,quarterly,2020-12-26,False,,False,False
T1000002200,C101437,Personal Accident,250,monthly,2022-04-07,True,bank_debit,True,False
T1000002201,C101438,Whole Life,11000,quarterly,2014-05-21,True,credit_card,False,True
T1000002202,C101438,Health Rider,550,semi-annual,2015-12-04,False,,False,False
T1000002203,C101439,Health Rider,450,annual,2024-06-17,False,,False,False
T1000002204,C101440,Endowment,10550,quarterly,2019-11-15,True,credit_card,False,True
T1000002205,C101440,Health Rider,1550,semi-annual,2020-08-11,False,,False,False
T1000002206,C101441,Term Life,2450,semi-annual,2024-10-11,False,,False,False
T1000002207,C101442,Health Rider,700,semi-annual,2018-09-04,False,,False,False
T1000002208,C101442,Health Rider,1450,monthly,2021-03-26,True,bank_debit,True,False
T1000002209,C101442,Term Life,800,annual,2021-06-14,True,credit_card,False,False
T1000002210,C101443,Personal Accident,900,annual,2019-12-23,False,,False,False
T1000002211,C101443,Personal Accident,250,quarterly,2020-12-29,False,,False,False
T1000002212,C101444,Health Rider,1900,monthly,2015-04-29,True,bank_debit,True,False
T1000002213,C101444,Endowment,8550,monthly,2015-06-21,False,,False,True
T1000002214,C101445,Whole Life,5550,annual,2022-01-14,False,,False,False
T1000002215,C101445,Unit Linked,17500,semi-annual,2023-10-09,False,,False,False
T1000002216,C101446,Health Rider,1600,annual,2019-04-25,True,credit_card,False,False
T1000002217,C101447,Health Rider,900,semi-annual,2020-07-08,False,,False,False
T1000002218,C101447,Unit Linked,6650,monthly,2022-01-13,False,,False,False
T1000002219,C101448,Unit Linked,16150,monthly,2022-08-31,False,,False,False
T1000002220,C101449,Health Rider,500,monthly,2024-02-22,False,,False,False
T1000002221,C101449,Term Life,1950,monthly,2022-03-09,False,,False,False
T1000002222,C101450,Unit Linked,19600,monthly,2023-02-06,False,,False,False
T1000002223,C101451,Personal Accident,250,annual,2021-07-28,True,bank_debit,True,False
T1000002224,C101452,Term Life,950,monthly,2022-04-20,False,,False,False
T1000002225,C101452,Whole Life,6300,semi-annual,2017-07-22,True,credit_card,False,False
T1000002226,C101453,Unit Linked,10850,annual,2022-06-24,False,,False,False
T1000002227,C101454,Unit Linked,12750,quarterly,2021-05-06,False,,False,False
T1000002228,C101455,Whole Life,14550,monthly,2020-08-09,True,bank_debit,True,False
T1000002229,C101456,Whole Life,4100,monthly,2019-10-28,False,,False,True
T1000002230,C101456,Unit Linked,13200,quarterly,2017-06-22,False,,False,False
T1000002231,C101457,Endowment,11950,quarterly,2025-05-13,True,credit_card,False,False
T1000002232,C101458,Term Life,1300,monthly,2024-09-21,True,bank_debit,True,False
T1000002233,C101459,Whole Life,14600,semi-annual,2025-03-12,True,credit_card,False,False
T1000002234,C101459,Term Life,850,quarterly,2024-09-11,True,bank_debit,True,False
T1000002235,C101459,Health Rider,900,monthly,2025-01-30,False,,False,False
T1000002236,C101460,Health Rider,1250,quarterly,2022-03-05,False,,False,False
T1000002237,C101460,Term Life,2150,monthly,2024-07-27,True,credit_card,False,False
T1000002238,C101460,Health Rider,1500,monthly,2019-10-10,True,credit_card,False,False
T1000002239,C101461,Whole Life,9350,monthly,2023-09-23,False,,False,False
T1000002240,C101462,Endowment,7800,quarterly,2023-01-17,True,credit_card,False,False
T1000002241,C101463,Term Life,2250,quarterly,2020-03-09,False,,False,False
T1000002242,C101464,Whole Life,13400,semi-annual,2019-09-30,False,,False,False
T1000002243,C101464,Unit Linked,9500,monthly,2018-07-23,False,,False,False
T1000002244,C101464,Whole Life,8550,monthly,2018-10-08,False,,False,False
T1000002245,C101465,Term Life,1550,semi-annual,2023-07-10,False,,False,False
T1000002246,C101466,Health Rider,550,monthly,2021-01-28,True,bank_debit,True,False
T1000002247,C101467,Personal Accident,800,monthly,2020-12-07,True,credit_card,False,False
T1000002248,C101468,Unit Linked,3150,monthly,2025-11-04,False,,False,False
T1000002249,C101469,Health Rider,350,monthly,2024-10-12,False,,False,False
T1000002250,C101470,Term Life,700,semi-annual,2023-11-18,False,,False,False
T1000002251,C101470,Unit Linked,16100,annual,2025-07-12,False,,False,False
T1000002252,C101471,Health Rider,1500,monthly,2017-07-16,True,bank_debit,True,False
T1000002253,C101472,Unit Linked,12700,monthly,2020-09-04,False,,False,False
T1000002254,C101473,Endowment,9300,annual,2018-01-07,True,credit_card,False,False
T1000002255,C101473,Unit Linked,10250,semi-annual,2024-01-07,False,,False,False
T1000002256,C101474,Term Life,800,quarterly,2025-10-23,True,bank_debit,True,False
T1000002257,C101475,Whole Life,14650,monthly,2025-06-10,False,,False,False
T1000002258,C101476,Health Rider,1450,semi-annual,2023-04-03,True,bank_debit,True,False
T1000002259,C101477,Term Life,2800,quarterly,2025-11-11,True,bank_debit,True,False
T1000002260,C101477,Whole Life,6750,annual,2025-10-22,True,bank_debit,True,False
T1000002261,C101478,Unit Linked,3350,annual,2018-04-27,False,,False,False
T1000002262,C101479,Endowment,3200,semi-annual,2025-11-26,True,credit_card,False,False
T1000002263,C101479,Whole Life,13650,monthly,2025-10-01,True,bank_debit,True,False
T1000002264,C101480,Health Rider,450,annual,2022-10-05,False,,False,False
T1000002265,C101481,Whole Life,2750,monthly,2023-09-19,False,,False,False
T1000002266,C101482,Unit Linked,11650,monthly,2018-01-28,False,,False,False
T1000002267,C101483,Term Life,1350,monthly,2013-02-20,True,credit_card,False,False
T1000002268,C101484,Whole Life,2900,monthly,2025-10-05,False,,False,False
T1000002269,C101485,Endowment,9550,semi-annual,2018-12-31,False,,False,True
T1000002270,C101485,Endowment,11350,monthly,2021-11-08,True,bank_debit,True,False
T1000002271,C101486,Whole Life,8350,annual,2025-12-09,True,bank_debit,True,False
T1000002272,C101487,Whole Life,4350,quarterly,2023-03-31,False,,False,False
T1000002273,C101488,Endowment,4900,monthly,2024-09-16,True,bank_debit,True,False
T1000002274,C101488,Endowment,5900,monthly,2021-06-17,True,credit_card,False,False
T1000002275,C101488,Unit Linked,3100,semi-annual,2022-12-22,True,bank_debit,True,False
T1000002276,C101489,Unit Linked,14950,monthly,2021-08-18,True,bank_debit,True,False
T1000002277,C101490,Endowment,8400,semi-annual,2023-05-30,False,,False,False
T1000002278,C101491,Health Rider,550,semi-annual,2021-06-05,False,,False,False
T1000002279,C101492,Endowment,11250,annual,2025-03-10,False,,False,False
T1000002280,C101493,Term Life,1500,annual,2020-02-20,False,,False,False
T1000002281,C101493,Term Life,2550,monthly,2023-06-22,False,,False,False
T1000002282,C101493,Health Rider,300,monthly,2015-10-20,False,,False,False
T1000002283,C101494,Endowment,11350,annual,2022-11-16,True,credit_card,False,False
T1000002284,C101494,Unit Linked,10450,monthly,2022-03-16,False,,False,False
T1000002285,C101494,Health Rider,1050,annual,2024-02-05,False,,False,False
T1000002286,C101495,Whole Life,9850,monthly,2025-09-13,False,,False,False
T1000002287,C101496,Health Rider,550,monthly,2019-03-28,False,,False,False
T1000002288,C101496,Term Life,1300,monthly,2016-10-14,False,,False,False
T1000002289,C101496,Endowment,11000,monthly,2013-07-21,True,credit_card,False,False
T1000002290,C101497,Endowment,11450,monthly,2021-01-24,True,credit_card,False,False
T1000002291,C101498,Unit Linked,16050,quarterly,2020-07-15,True,credit_card,False,False
T1000002292,C101498,Unit Linked,5500,annual,2016-01-17,False,,False,False
T1000002293,C101498,Health Rider,450,monthly,2017-09-24,True,bank_debit,True,False
T1000002294,C101499,Term Life,850,monthly,2021-05-08,True,bank_debit,True,False
T1000002295,C101499,Whole Life,2900,annual,2018-05-15,False,,False,False
T1000002296,C101500,Health Rider,550,semi-annual,2023-10-07,False,,False,False
T1000002297,C101501,Personal Accident,550,annual,2019-10-03,False,,False,False
T1000002298,C101502,Term Life,2100,quarterly,2021-12-27,False,,False,False
T1000002299,C101502,Term Life,800,semi-annual,2020-11-24,False,,False,False
T1000002300,C101503,Term Life,2100,annual,2019-10-16,True,credit_card,True,False
T1000002301,C101504,Personal Accident,350,monthly,2017-11-15,True,bank_debit,True,False
T1000002302,C101505,Whole Life,14800,annual,2022-02-22,False,,False,True
T1000002303,C101505,Endowment,11000,monthly,2021-04-26,True,credit_card,False,False
T1000002304,C101506,Whole Life,14850,monthly,2023-01-09,True,bank_debit,True,False
T1000002305,C101507,Health Rider,850,semi-annual,2021-10-25,False,,False,False
T1000002306,C101508,Endowment,9750,annual,2014-04-26,False,,False,False
T1000002307,C101509,Endowment,10800,annual,2024-01-31,False,,False,False
T1000002308,C101509,Endowment,6450,monthly,2020-09-03,True,credit_card,False,False
T1000002309,C101510,Whole Life,6300,semi-annual,2022-01-01,True,bank_debit,True,False
T1000002310,C101511,Term Life,900,annual,2022-01-08,True,credit_card,False,False
T1000002311,C101512,Health Rider,1350,quarterly,2021-06-24,False,,False,False
T1000002312,C101513,Health Rider,1650,quarterly,2025-08-31,True,credit_card,False,False
T1000002313,C101514,Term Life,2000,monthly,2025-02-06,True,bank_debit,True,False
T1000002314,C101514,Health Rider,550,monthly,2023-11-11,False,,True,False
T1000002315,C101515,Endowment,9450,quarterly,2017-04-17,True,credit_card,False,False
T1000002316,C101516,Personal Accident,800,monthly,2021-07-17,False,,False,False
T1000002317,C101516,Endowment,4500,annual,2021-02-25,False,,False,False
T1000002318,C101517,Health Rider,700,monthly,2019-05-05,False,,False,False
T1000002319,C101518,Personal Accident,800,monthly,2025-11-20,True,credit_card,False,False
T1000002320,C101518,Whole Life,8250,annual,2025-11-19,False,,False,False
T1000002321,C101519,Unit Linked,14900,monthly,2019-02-13,False,,False,False
T1000002322,C101520,Health Rider,1650,quarterly,2024-06-06,False,,False,False
T1000002323,C101520,Endowment,8800,annual,2024-02-17,False,,False,False
T1000002324,C101521,Health Rider,1750,monthly,2023-01-07,True,bank_debit,True,False
T1000002325,C101522,Term Life,500,monthly,2023-08-05,True,bank_debit,True,False
T1000002326,C101522,Whole Life,4000,semi-annual,2020-08-06,False,,False,False
T1000002327,C101523,Health Rider,750,monthly,2021-05-25,False,,False,False
T1000002328,C101524,Unit Linked,3100,monthly,2025-10-23,True,bank_debit,True,False
T1000002329,C101525,Health Rider,1650,annual,2021-11-05,True,credit_card,False,False
T1000002330,C101526,Personal Accident,400,monthly,2021-11-14,False,,False,False
T1000002331,C101527,Term Life,1150,quarterly,2021-11-15,True,credit_card,False,False
T1000002332,C101528,Whole Life,2300,monthly,2025-04-27,False,,False,False
T1000002333,C101528,Whole Life,5700,annual,2024-06-28,False,,False,False
T1000002334,C101529,Whole Life,4850,annual,2025-03-20,True,credit_card,False,False
T1000002335,C101529,Whole Life,14550,semi-annual,2025-02-13,True,bank_debit,True,False
T1000002336,C101530,Personal Accident,300,annual,2019-08-21,True,credit_card,False,False
T1000002337,C101530,Health Rider,1000,quarterly,2022-07-14,True,credit_card,False,False
T1000002338,C101531,Whole Life,10950,annual,2016-11-17,True,bank_debit,True,False
T1000002339,C101531,Personal Accident,400,monthly,2014-11-18,False,,False,False
T1000002340,C101531,Health Rider,1300,annual,2016-10-23,False,,True,False
T1000002341,C101532,Term Life,600,annual,2024-05-10,True,credit_card,False,False
T1000002342,C101533,Health Rider,1500,monthly,2025-07-27,False,,False,False
T1000002343,C101534,Term Life,1150,monthly,2020-10-08,True,bank_debit,True,False
T1000002344,C101534,Term Life,1900,semi-annual,2022-02-11,True,bank_debit,True,False
T1000002345,C101535,Unit Linked,7800,annual,2023-04-29,False,,False,False
T1000002346,C101536,Unit Linked,14900,monthly,2020-10-05,True,bank_debit,True,False
T1000002347,C101537,Personal Accident,700,semi-annual,2022-04-02,False,,False,False
T1000002348,C101538,Whole Life,3600,monthly,2025-11-19,False,,False,False
T1000002349,C101539,Whole Life,3800,monthly,2021-05-27,True,bank_debit,True,True
T1000002350,C101540,Health Rider,1200,semi-annual,2025-01-29,False,,False,False
T1000002351,C101541,Whole Life,7700,monthly,2025-09-25,False,,False,False
T1000002352,C101542,Term Life,1700,monthly,2022-07-09,False,,False,False
T1000002353,C101542,Endowment,5150,semi-annual,2023-09-08,False,,False,False
T1000002354,C101543,Endowment,10200,monthly,2024-02-26,False,,False,False
T1000002355,C101543,Term Life,2600,monthly,2019-05-10,False,,False,False
T1000002356,C101543,Term Life,1350,annual,2022-05-13,False,,False,False
T1000002357,C101544,Whole Life,5050,quarterly,2025-10-26,False,,False,False
T1000002358,C101545,Whole Life,10000,quarterly,2019-02-11,False,,False,False
T1000002359,C101546,Term Life,850,quarterly,2023-03-26,False,,False,False
T1000002360,C101547,Health Rider,1000,semi-annual,2024-04-27,False,,False,False
T1000002361,C101548,Term Life,500,semi-annual,2024-11-23,True,bank_debit,True,False
T1000002362,C101549,Term Life,2700,monthly,2024-03-16,True,bank_debit,True,False
T1000002363,C101549,Unit Linked,15700,annual,2024-09-25,True,bank_debit,True,False
T1000002364,C101550,Unit Linked,15550,annual,2016-08-27,True,credit_card,False,False
T1000002365,C101550,Whole Life,6050,annual,2019-11-20,True,bank_debit,True,False
T1000002366,C101551,Health Rider,1700,annual,2025-08-28,False,,False,False
T1000002367,C101552,Term Life,2800,annual,2018-02-09,True,bank_debit,True,False
T1000002368,C101552,Health Rider,850,monthly,2016-06-08,True,bank_debit,True,False
T1000002369,C101553,Endowment,3250,monthly,2023-11-19,False,,False,False
T1000002370,C101553,Term Life,2700,quarterly,2021-08-31,False,,False,False
T1000002371,C101554,Term Life,2750,quarterly,2021-12-30,False,,False,False
T1000002372,C101554,Unit Linked,10750,quarterly,2020-12-23,True,credit_card,False,False
T1000002373,C101555,Whole Life,6100,annual,2025-11-15,False,,False,False
T1000002374,C101556,Whole Life,8200,annual,2021-08-20,True,bank_debit,True,False
T1000002375,C101556,Unit Linked,9900,annual,2020-10-29,False,,False,False
T1000002376,C101557,Unit Linked,10500,annual,2017-04-18,False,,False,False
T1000002377,C101557,Health Rider,1000,monthly,2018-11-02,False,,False,False
T1000002378,C101558,Health Rider,1000,semi-annual,2024-10-17,False,,False,False
T1000002379,C101559,Unit Linked,8100,semi-annual,2017-08-05,False,,False,False
T1000002380,C101559,Term Life,1900,semi-annual,2023-03-15,False,,False,False
T1000002381,C101560,Whole Life,11450,annual,2020-01-25,False,,False,False
T1000002382,C101560,Term Life,600,monthly,2020-12-14,False,,False,False
T1000002383,C101561,Health Rider,500,monthly,2022-10-15,True,bank_debit,True,False
T1000002384,C101562,Whole Life,11900,semi-annual,2019-02-20,True,credit_card,False,False
T1000002385,C101563,Whole Life,3250,monthly,2025-11-21,True,bank_debit,True,False
T1000002386,C101564,Health Rider,1250,semi-annual,2022-07-24,True,credit_card,True,False
T1000002387,C101564,Health Rider,1450,quarterly,2019-08-17,False,,False,False
T1000002388,C101565,Unit Linked,6650,quarterly,2022-05-05,True,credit_card,False,False
T1000002389,C101566,Health Rider,1950,monthly,2021-07-08,False,,True,False
T1000002390,C101567,Whole Life,13700,monthly,2022-08-29,True,bank_debit,True,False
T1000002391,C101568,Health Rider,950,monthly,2020-09-14,False,,False,False
T1000002392,C101568,Term Life,1850,monthly,2022-10-04,False,,False,False
T1000002393,C101569,Health Rider,1550,annual,2023-06-13,True,credit_card,False,False
T1000002394,C101569,Whole Life,13650,annual,2023-02-20,True,credit_card,False,False
T1000002395,C101570,Term Life,600,semi-annual,2022-05-07,False,,False,False
T1000002396,C101571,Term Life,1650,quarterly,2023-07-12,False,,True,False
T1000002397,C101572,Health Rider,1200,annual,2023-12-29,True,bank_debit,True,False
T1000002398,C101573,Endowment,6950,annual,2023-02-16,True,bank_debit,True,False
T1000002399,C101574,Term Life,1950,monthly,2022-03-16,False,,False,False
T1000002400,C101574,Term Life,2200,monthly,2012-09-10,False,,False,False
T1000002401,C101575,Term Life,1500,annual,2024-08-05,False,,False,False
T1000002402,C101576,Health Rider,1950,monthly,2025-03-23,False,,False,False
T1000002403,C101576,Whole Life,9600,semi-annual,2024-08-31,False,,False,False
T1000002404,C101577,Endowment,3900,semi-annual,2024-10-23,False,,False,False
T1000002405,C101577,Whole Life,4900,quarterly,2025-03-28,True,bank_debit,True,False
T1000002406,C101578,Term Life,1350,annual,2017-08-07,True,credit_card,False,False
T1000002407,C101578,Personal Accident,700,monthly,2022-08-13,False,,False,False
T1000002408,C101579,Term Life,1900,quarterly,2020-08-26,False,,False,False
T1000002409,C101580,Term Life,1900,monthly,2016-12-27,False,,False,False
T1000002410,C101581,Health Rider,1500,quarterly,2024-08-08,False,,False,False
T1000002411,C101582,Unit Linked,13050,monthly,2021-04-20,False,,False,False
T1000002412,C101582,Health Rider,1100,monthly,2021-08-17,True,bank_debit,True,False
T1000002413,C101582,Term Life,2400,quarterly,2016-11-12,False,,True,False
T1000002414,C101583,Health Rider,450,monthly,2023-06-24,True,credit_card,False,False
T1000002415,C101583,Unit Linked,12800,annual,2021-02-04,False,,False,False
T1000002416,C101584,Term Life,1800,quarterly,2024-11-29,False,,False,False
T1000002417,C101584,Personal Accident,400,monthly,2024-11-26,False,,False,False
T1000002418,C101585,Health Rider,1850,monthly,2023-08-24,False,,False,False
T1000002419,C101585,Term Life,1600,quarterly,2021-04-01,True,bank_debit,True,False
T1000002420,C101586,Personal Accident,500,semi-annual,2024-06-29,True,bank_debit,True,False
T1000002421,C101587,Whole Life,2950,monthly,2021-06-28,False,,False,False
T1000002422,C101587,Term Life,800,semi-annual,2019-03-12,True,credit_card,False,False
T1000002423,C101588,Health Rider,1550,quarterly,2023-04-14,False,,False,False
T1000002424,C101588,Personal Accident,700,monthly,2021-03-15,False,,False,False
T1000002425,C101589,Term Life,850,quarterly,2018-06-22,False,,False,False
T1000002426,C101590,Term Life,850,semi-annual,2023-02-12,False,,False,False
T1000002427,C101590,Health Rider,550,semi-annual,2023-11-18,False,,False,False
T1000002428,C101590,Whole Life,8950,semi-annual,2024-03-28,False,,False,False
T1000002429,C101591,Whole Life,9500,annual,2025-04-23,True,credit_card,False,False
T1000002430,C101591,Health Rider,1350,quarterly,2024-09-16,True,credit_card,False,False
T1000002431,C101592,Personal Accident,250,monthly,2021-03-11,True,bank_debit,True,False
T1000002432,C101592,Personal Accident,850,monthly,2023-09-05,False,,False,False
T1000002433,C101592,Whole Life,4050,annual,2023-03-30,False,,False,False
T1000002434,C101593,Unit Linked,11600,monthly,2018-06-14,True,credit_card,False,False
T1000002435,C101593,Endowment,8200,annual,2020-02-02,True,credit_card,True,False
T1000002436,C101594,Endowment,9250,quarterly,2024-12-18,False,,False,False
T1000002437,C101595,Term Life,2250,quarterly,2025-03-24,False,,False,False
T1000002438,C101596,Endowment,10750,semi-annual,2024-01-14,False,,False,False
T1000002439,C101597,Health Rider,1400,monthly,2023-04-29,False,,False,False
T1000002440,C101597,Personal Accident,850,annual,2020-05-20,True,credit_card,False,False
T1000002441,C101598,Whole Life,5300,annual,2014-12-20,True,credit_card,False,False
T1000002442,C101599,Whole Life,6150,monthly,2020-04-22,False,,False,False
T1000002443,C101599,Term Life,2600,monthly,2019-10-05,False,,False,False
T1000002444,C101600,Term Life,2350,annual,2018-05-07,True,bank_debit,True,False
T1000002445,C101601,Whole Life,2400,semi-annual,2021-11-12,False,,False,False
T1000002446,C101602,Whole Life,5950,monthly,2023-09-07,False,,False,False
T1000002447,C101603,Whole Life,9950,semi-annual,2023-05-31,True,bank_debit,True,False
T1000002448,C101603,Health Rider,800,monthly,2023-08-06,False,,False,False
T1000002449,C101604,Personal Accident,400,monthly,2025-01-29,True,bank_debit,True,False
T1000002450,C101605,Health Rider,1950,semi-annual,2024-04-22,True,bank_debit,True,False
T1000002451,C101606,Whole Life,8500,monthly,2023-02-11,False,,False,False
T1000002452,C101607,Health Rider,400,quarterly,2020-02-01,True,bank_debit,True,False
T1000002453,C101608,Unit Linked,13250,monthly,2022-06-13,True,bank_debit,True,False
T1000002454,C101608,Health Rider,600,quarterly,2020-09-27,False,,False,False
T1000002455,C101608,Unit Linked,13650,monthly,2024-05-28,False,,False,False
T1000002456,C101609,Whole Life,9500,monthly,2025-12-03,True,bank_debit,True,False
T1000002457,C101610,Unit Linked,9850,monthly,2015-04-25,False,,False,False
T1000002458,C101611,Whole Life,3350,annual,2024-11-16,False,,False,False
T1000002459,C101612,Health Rider,1850,monthly,2011-02-07,True,credit_card,False,False
T1000002460,C101613,Personal Accident,900,annual,2025-04-26,True,bank_debit,True,False
T1000002461,C101614,Whole Life,11200,monthly,2024-08-14,True,credit_card,False,False
T1000002462,C101615,Unit Linked,6550,monthly,2025-10-26,True,credit_card,False,False
T1000002463,C101616,Personal Accident,400,monthly,2017-08-23,False,,False,False
T1000002464,C101617,Whole Life,7300,quarterly,2025-03-12,True,bank_debit,True,False
T1000002465,C101618,Whole Life,13350,monthly,2023-06-06,False,,False,False
T1000002466,C101618,Health Rider,550,monthly,2025-04-05,False,,False,False
T1000002467,C101619,Health Rider,1750,quarterly,2025-03-14,False,,False,False
T1000002468,C101620,Whole Life,5800,quarterly,2021-11-21,False,,False,False
T1000002469,C101620,Endowment,4300,annual,2022-03-02,True,credit_card,False,False
T1000002470,C101621,Unit Linked,12700,monthly,2020-11-04,False,,False,False
T1000002471,C101621,Personal Accident,400,quarterly,2018-11-02,False,,True,False
T1000002472,C101622,Term Life,2900,quarterly,2021-11-04,True,bank_debit,True,False
T1000002473,C101622,Endowment,10500,annual,2012-06-26,False,,False,False
T1000002474,C101623,Whole Life,9250,monthly,2024-12-08,False,,False,False
T1000002475,C101624,Personal Accident,450,annual,2022-01-04,True,bank_debit,True,False
T1000002476,C101624,Unit Linked,10350,annual,2022-04-19,False,,True,False
T1000002477,C101625,Health Rider,1900,quarterly,2024-04-15,False,,True,False
T1000002478,C101625,Health Rider,1400,monthly,2024-12-31,True,bank_debit,True,False
T1000002479,C101626,Personal Accident,950,semi-annual,2023-06-27,True,bank_debit,True,False
T1000002480,C101626,Term Life,2450,quarterly,2023-01-15,True,credit_card,False,False
T1000002481,C101626,Term Life,1350,monthly,2022-07-16,True,credit_card,True,False
T1000002482,C101627,Personal Accident,750,annual,2024-05-01,False,,False,False
T1000002483,C101627,Term Life,550,monthly,2021-07-25,True,credit_card,False,False
T1000002484,C101628,Health Rider,950,annual,2022-03-09,False,,False,False
T1000002485,C101629,Endowment,6100,annual,2018-04-30,True,bank_debit,True,False
T1000002486,C101629,Endowment,4900,semi-annual,2020-12-02,True,bank_debit,True,False
T1000002487,C101629,Unit Linked,4000,quarterly,2020-08-04,True,bank_debit,True,False
T1000002488,C101630,Endowment,8800,monthly,2015-11-08,False,,False,False
T1000002489,C101630,Unit Linked,5850,monthly,2015-09-03,True,credit_card,False,False
T1000002490,C101631,Whole Life,8950,annual,2025-01-24,True,bank_debit,True,False
T1000002491,C101632,Health Rider,1300,quarterly,2017-01-01,False,,False,False
T1000002492,C101633,Health Rider,950,monthly,2023-04-30,True,credit_card,False,False
T1000002493,C101633,Unit Linked,3550,monthly,2019-09-24,False,,False,False
T1000002494,C101633,Endowment,3350,annual,2024-08-26,True,credit_card,False,False
T1000002495,C101634,Whole Life,12050,monthly,2021-11-03,True,credit_card,False,False
T1000002496,C101635,Term Life,2700,quarterly,2023-06-10,True,credit_card,False,False
T1000002497,C101635,Unit Linked,14050,annual,2023-03-25,False,,False,False
T1000002498,C101636,Unit Linked,10550,annual,2022-06-10,False,,False,False
T1000002499,C101637,Term Life,2600,annual,2020-03-19,False,,False,False
T1000002500,C101637,Personal Accident,950,quarterly,2012-07-25,False,,False,False
T1000002501,C101638,Health Rider,500,monthly,2023-01-14,True,credit_card,False,False
T1000002502,C101639,Health Rider,1800,semi-annual,2019-01-07,True,credit_card,True,False
T1000002503,C101639,Whole Life,4950,monthly,2018-09-18,False,,False,False
T1000002504,C101640,Health Rider,850,annual,2024-10-08,False,,False,False
T1000002505,C101641,Health Rider,1700,monthly,2016-08-18,True,bank_debit,True,False
T1000002506,C101641,Whole Life,12100,annual,2013-04-22,False,,False,False
T1000002507,C101641,Health Rider,800,quarterly,2010-08-22,False,,False,False
T1000002508,C101642,Whole Life,11100,monthly,2017-10-02,True,credit_card,False,False
T1000002509,C101643,Health Rider,550,monthly,2023-10-12,False,,False,False
T1000002510,C101644,Health Rider,1800,monthly,2021-12-01,True,bank_debit,True,False
T1000002511,C101645,Health Rider,1750,annual,2020-04-17,True,credit_card,False,False
T1000002512,C101646,Health Rider,600,quarterly,2023-12-28,True,credit_card,False,False
T1000002513,C101646,Personal Accident,400,semi-annual,2021-07-26,False,,False,False
T1000002514,C101646,Personal Accident,850,annual,2024-04-26,False,,False,False
T1000002515,C101647,Health Rider,1800,monthly,2024-10-31,False,,False,False
T1000002516,C101648,Unit Linked,18150,semi-annual,2019-05-04,True,credit_card,False,False
T1000002517,C101649,Unit Linked,12800,monthly,2020-02-11,False,,False,False
T1000002518,C101649,Whole Life,13700,monthly,2018-09-02,False,,False,False
T1000002519,C101650,Whole Life,4700,monthly,2025-06-13,False,,False,False
T1000002520,C101651,Whole Life,10850,monthly,2023-08-04,False,,False,False
T1000002521,C101652,Endowment,7600,quarterly,2021-03-14,True,bank_debit,True,False
T1000002522,C101652,Unit Linked,12600,annual,2023-07-02,True,credit_card,True,False
T1000002523,C101653,Health Rider,550,monthly,2023-08-02,False,,True,False
T1000002524,C101654,Endowment,5500,monthly,2021-12-22,False,,False,False
T1000002525,C101654,Endowment,3400,monthly,2019-07-11,False,,False,False
T1000002526,C101655,Health Rider,850,annual,2017-11-19,True,credit_card,False,False
T1000002527,C101655,Whole Life,11100,semi-annual,2023-05-02,False,,False,False
T1000002528,C101656,Health Rider,1200,quarterly,2018-08-29,False,,True,False
T1000002529,C101657,Term Life,1800,semi-annual,2021-10-17,False,,False,False
T1000002530,C101658,Term Life,2600,annual,2020-12-01,False,,False,False
T1000002531,C101658,Endowment,7600,quarterly,2022-08-04,False,,False,True
T1000002532,C101659,Endowment,4300,quarterly,2025-09-15,True,bank_debit,True,False
T1000002533,C101660,Unit Linked,13350,monthly,2015-10-01,True,credit_card,False,False
T1000002534,C101660,Health Rider,1150,monthly,2016-12-14,False,,False,False
T1000002535,C101661,Term Life,2800,annual,2019-04-17,False,,False,False
T1000002536,C101662,Endowment,8900,semi-annual,2018-12-13,True,credit_card,False,False
T1000002537,C101663,Personal Accident,350,annual,2023-09-15,True,credit_card,False,False
T1000002538,C101663,Whole Life,14450,monthly,2022-12-21,True,bank_debit,True,False
T1000002539,C101664,Health Rider,1200,monthly,2021-02-27,False,,False,False
T1000002540,C101665,Personal Accident,800,quarterly,2021-06-20,False,,False,False
T1000002541,C101666,Term Life,1550,monthly,2015-12-11,False,,False,False
T1000002542,C101667,Term Life,2750,monthly,2025-04-11,False,,False,False
T1000002543,C101667,Term Life,2400,monthly,2025-02-21,True,credit_card,False,False
T1000002544,C101668,Health Rider,650,monthly,2017-05-30,False,,False,False
T1000002545,C101668,Whole Life,13950,semi-annual,2018-08-14,False,,False,False
T1000002546,C101669,Whole Life,10750,semi-annual,2024-06-07,False,,False,False
T1000002547,C101670,Term Life,1800,annual,2025-02-28,True,bank_debit,True,False
T1000002548,C101671,Personal Accident,550,monthly,2025-09-19,False,,False,False
T1000002549,C101671,Whole Life,10400,quarterly,2025-12-09,True,credit_card,False,False
T1000002550,C101671,Unit Linked,6300,monthly,2025-09-14,False,,False,False
T1000002551,C101672,Health Rider,450,monthly,2023-08-03,False,,False,False
T1000002552,C101673,Term Life,1500,annual,2021-06-24,True,credit_card,False,False
T1000002553,C101674,Endowment,4750,semi-annual,2021-10-14,False,,False,False
T1000002554,C101675,Term Life,2550,annual,2020-01-16,False,,False,False
T1000002555,C101676,Term Life,800,monthly,2018-11-17,True,credit_card,True,False
T1000002556,C101677,Term Life,2700,monthly,2021-07-30,False,,True,False
T1000002557,C101677,Term Life,600,semi-annual,2022-06-05,False,,False,False
T1000002558,C101678,Unit Linked,18500,monthly,2017-05-29,False,,False,False
T1000002559,C101678,Unit Linked,5100,annual,2018-08-22,False,,False,False
T1000002560,C101679,Unit Linked,19250,monthly,2025-01-02,True,bank_debit,True,False
T1000002561,C101680,Unit Linked,7750,semi-annual,2021-10-18,False,,False,False
T1000002562,C101681,Personal Accident,800,annual,2024-08-14,False,,True,False
T1000002563,C101682,Endowment,3150,semi-annual,2025-12-08,True,credit_card,False,False
T1000002564,C101683,Term Life,2650,annual,2015-03-10,False,,False,False
T1000002565,C101683,Whole Life,8350,annual,2021-05-20,True,credit_card,False,False
T1000002566,C101684,Health Rider,1300,annual,2023-12-23,True,bank_debit,True,False
T1000002567,C101685,Term Life,950,monthly,2024-06-18,False,,False,False
T1000002568,C101685,Whole Life,7850,monthly,2024-12-24,False,,False,False
T1000002569,C101686,Health Rider,600,quarterly,2025-06-16,False,,False,False
T1000002570,C101687,Health Rider,1200,monthly,2021-04-13,False,,False,False
T1000002571,C101688,Term Life,1750,monthly,2017-07-08,True,credit_card,False,False
T1000002572,C101688,Term Life,1300,semi-annual,2017-11-22,True,bank_debit,True,False
T1000002573,C101688,Whole Life,6950,quarterly,2018-12-05,False,,False,False
T1000002574,C101689,Whole Life,14900,quarterly,2015-02-03,True,credit_card,False,False
T1000002575,C101690,Health Rider,800,annual,2025-11-25,False,,False,False
T1000002576,C101691,Term Life,2700,monthly,2022-07-09,True,bank_debit,True,False
T1000002577,C101692,Term Life,2000,semi-annual,2025-01-11,True,bank_debit,True,False
T1000002578,C101692,Unit Linked,4750,quarterly,2023-09-29,False,,False,False
T1000002579,C101692,Endowment,8250,quarterly,2025-06-18,False,,False,False
T1000002580,C101693,Term Life,1800,annual,2017-02-09,True,credit_card,False,False
T1000002581,C101694,Health Rider,550,quarterly,2019-05-22,True,bank_debit,True,False
T1000002582,C101695,Health Rider,1400,monthly,2024-02-23,False,,False,False
T1000002583,C101696,Term Life,1550,monthly,2021-09-29,False,,False,False
T1000002584,C101697,Endowment,5300,quarterly,2022-11-24,False,,False,False
T1000002585,C101698,Term Life,1850,monthly,2019-01-23,True,bank_debit,True,False
T1000002586,C101699,Unit Linked,17400,monthly,2017-09-10,False,,False,False
T1000002587,C101699,Unit Linked,17100,semi-annual,2024-02-14,False,,False,False
T1000002588,C101700,Term Life,2550,annual,2021-09-19,False,,False,False
T1000002589,C101700,Whole Life,11050,annual,2020-11-03,True,credit_card,False,False
T1000002590,C101701,Term Life,1400,quarterly,2025-11-23,False,,False,False
T1000002591,C101702,Term Life,2650,quarterly,2020-08-31,True,bank_debit,True,False
T1000002592,C101703,Health Rider,1800,semi-annual,2020-03-18,True,credit_card,False,False
T1000002593,C101704,Endowment,7350,monthly,2022-07-15,False,,False,False
T1000002594,C101705,Health Rider,2000,annual,2025-10-06,False,,False,False
T1000002595,C101705,Health Rider,900,monthly,2025-12-07,True,credit_card,False,False
T1000002596,C101706,Whole Life,13000,annual,2024-09-11,False,,True,False
T1000002597,C101707,Endowment,7800,annual,2025-05-28,False,,False,False
T1000002598,C101707,Health Rider,1850,quarterly,2024-03-03,False,,False,False
T1000002599,C101708,Unit Linked,8350,semi-annual,2020-01-23,True,credit_card,False,False
T1000002600,C101709,Term Life,2400,annual,2023-12-01,False,,False,False
T1000002601,C101709,Health Rider,450,annual,2023-03-25,False,,False,False
T1000002602,C101710,Whole Life,14050,monthly,2023-11-03,False,,False,False
T1000002603,C101710,Unit Linked,11750,quarterly,2023-05-17,True,bank_debit,True,False
T1000002604,C101711,Endowment,11450,quarterly,2023-03-28,True,credit_card,False,False
T1000002605,C101711,Endowment,11050,annual,2020-02-16,False,,False,True
T1000002606,C101712,Term Life,2050,monthly,2025-10-30,False,,False,False
T1000002607,C101712,Whole Life,13250,quarterly,2025-10-20,False,,False,False
T1000002608,C101713,Health Rider,1650,annual,2024-10-07,True,bank_debit,True,False
T1000002609,C101713,Health Rider,550,monthly,2023-08-17,True,bank_debit,True,False
T1000002610,C101714,Health Rider,750,quarterly,2023-10-27,True,bank_debit,True,False
T1000002611,C101715,Health Rider,900,monthly,2015-11-11,False,,False,False
T1000002612,C101716,Personal Accident,350,quarterly,2025-09-20,False,,False,False
T1000002613,C101717,Health Rider,550,monthly,2021-12-03,True,bank_debit,True,False
T1000002614,C101717,Term Life,1500,quarterly,2021-11-18,True,credit_card,True,False
T1000002615,C101718,Term Life,2900,quarterly,2021-11-05,False,,False,False
T1000002616,C101719,Term Life,1050,semi-annual,2025-09-29,False,,False,False
T1000002617,C101719,Health Rider,450,monthly,2025-05-23,False,,False,False
T1000002618,C101719,Term Life,2150,annual,2025-05-09,False,,False,False
T1000002619,C101720,Health Rider,1750,monthly,2021-03-29,True,bank_debit,True,False
T1000002620,C101721,Health Rider,450,annual,2024-02-21,True,credit_card,True,False
T1000002621,C101721,Health Rider,850,semi-annual,2019-06-10,True,bank_debit,True,False
T1000002622,C101722,Health Rider,750,monthly,2013-10-25,True,credit_card,False,False
T1000002623,C101723,Health Rider,1400,quarterly,2021-12-12,True,bank_debit,True,False
T1000002624,C101723,Health Rider,1800,annual,2021-03-06,True,credit_card,False,False
T1000002625,C101723,Whole Life,7500,monthly,2022-11-27,False,,False,False
T1000002626,C101724,Personal Accident,950,annual,2020-05-10,False,,False,False
T1000002627,C101725,Health Rider,1950,quarterly,2020-06-16,False,,False,False
T1000002628,C101726,Whole Life,9750,quarterly,2025-01-31,False,,False,False
T1000002629,C101726,Health Rider,900,monthly,2025-05-08,False,,False,False
T1000002630,C101727,Unit Linked,10500,quarterly,2020-03-21,True,bank_debit,True,False
T1000002631,C101728,Unit Linked,14900,monthly,2024-11-15,False,,False,False
T1000002632,C101729,Whole Life,6500,monthly,2022-08-02,False,,True,False
T1000002633,C101729,Term Life,500,semi-annual,2024-04-25,False,,False,False
T1000002634,C101730,Endowment,11350,quarterly,2021-11-03,True,credit_card,False,False
T1000002635,C101730,Personal Accident,950,monthly,2016-07-10,True,credit_card,False,False
T1000002636,C101731,Endowment,6800,monthly,2018-03-31,True,bank_debit,True,False
T1000002637,C101732,Unit Linked,13300,annual,2025-03-12,True,bank_debit,True,False
T1000002638,C101733,Endowment,4950,semi-annual,2023-01-29,False,,False,False
T1000002639,C101734,Term Life,1850,monthly,2015-11-26,True,credit_card,False,False
T1000002640,C101735,Health Rider,900,monthly,2023-12-21,False,,False,False
T1000002641,C101735,Health Rider,400,annual,2022-07-10,True,bank_debit,True,False
T1000002642,C101736,Unit Linked,4100,monthly,2021-09-13,False,,False,False
T1000002643,C101737,Personal Accident,350,monthly,2024-01-09,False,,False,False
T1000002644,C101738,Whole Life,11450,monthly,2024-05-12,True,credit_card,False,False
T1000002645,C101739,Unit Linked,3500,annual,2025-09-15,True,credit_card,False,False
T1000002646,C101739,Personal Accident,600,monthly,2025-11-08,False,,False,False
T1000002647,C101740,Whole Life,12500,annual,2018-11-03,False,,False,False
T1000002648,C101741,Whole Life,7650,quarterly,2021-11-29,True,bank_debit,True,False
T1000002649,C101742,Health Rider,1100,monthly,2019-02-04,True,bank_debit,True,False
T1000002650,C101742,Health Rider,1200,semi-annual,2023-06-18,False,,False,False
T1000002651,C101742,Term Life,2500,quarterly,2017-08-11,True,credit_card,False,False
T1000002652,C101743,Whole Life,2600,quarterly,2023-03-23,False,,False,False
T1000002653,C101743,Health Rider,600,annual,2024-04-27,True,bank_debit,True,False
T1000002654,C101744,Term Life,2300,annual,2023-03-16,True,bank_debit,True,False
T1000002655,C101745,Unit Linked,10650,annual,2018-02-15,True,credit_card,True,False
T1000002656,C101745,Health Rider,1000,monthly,2022-11-07,False,,False,False
T1000002657,C101745,Health Rider,850,monthly,2017-08-20,True,bank_debit,True,False
T1000002658,C101746,Term Life,1800,quarterly,2020-01-01,False,,False,False
T1000002659,C101747,Term Life,2500,monthly,2021-07-04,True,bank_debit,True,False
T1000002660,C101748,Whole Life,3800,monthly,2021-12-10,True,bank_debit,True,False
T1000002661,C101749,Unit Linked,9400,monthly,2023-09-03,False,,False,False
T1000002662,C101750,Health Rider,700,quarterly,2022-03-03,False,,False,False
T1000002663,C101750,Whole Life,14450,monthly,2019-08-24,True,bank_debit,True,False
T1000002664,C101751,Whole Life,11300,monthly,2024-09-04,True,credit_card,False,False
T1000002665,C101752,Term Life,1850,monthly,2020-07-02,False,,False,False
T1000002666,C101752,Health Rider,750,annual,2015-12-26,False,,False,False
T1000002667,C101753,Whole Life,14550,quarterly,2025-02-06,True,credit_card,False,False
T1000002668,C101754,Personal Accident,950,quarterly,2013-03-15,True,bank_debit,True,False
T1000002669,C101755,Whole Life,12050,annual,2021-01-13,False,,False,False
T1000002670,C101756,Term Life,2400,annual,2021-12-31,True,bank_debit,True,False
T1000002671,C101757,Health Rider,1300,quarterly,2016-01-17,False,,False,False
T1000002672,C101757,Health Rider,900,quarterly,2017-11-30,False,,False,False
T1000002673,C101757,Whole Life,13200,quarterly,2016-11-04,False,,False,False
T1000002674,C101758,Term Life,2350,quarterly,2021-04-02,False,,False,False
T1000002675,C101758,Health Rider,1050,semi-annual,2023-06-30,True,credit_card,False,False
T1000002676,C101759,Health Rider,1450,semi-annual,2023-03-07,False,,False,False
T1000002677,C101759,Endowment,7650,annual,2024-06-05,False,,False,False
T1000002678,C101760,Term Life,2900,monthly,2022-01-09,True,bank_debit,True,False
T1000002679,C101760,Personal Accident,750,annual,2023-01-13,False,,False,False
T1000002680,C101761,Whole Life,7350,monthly,2022-01-16,False,,False,True
T1000002681,C101762,Whole Life,5600,annual,2023-04-01,False,,False,False
T1000002682,C101763,Personal Accident,400,monthly,2021-11-20,False,,False,False
T1000002683,C101764,Health Rider,1800,monthly,2021-01-23,False,,False,False
T1000002684,C101764,Health Rider,750,annual,2023-07-04,True,credit_card,False,False
T1000002685,C101765,Whole Life,4950,annual,2015-11-26,False,,True,False
T1000002686,C101766,Unit Linked,10000,monthly,2023-12-22,True,credit_card,False,False
T1000002687,C101767,Term Life,1800,semi-annual,2016-05-31,False,,False,False
T1000002688,C101767,Whole Life,9500,quarterly,2018-07-04,False,,False,True
T1000002689,C101768,Health Rider,1150,semi-annual,2024-03-07,False,,False,False
T1000002690,C101769,Unit Linked,10900,quarterly,2020-08-28,True,bank_debit,True,False
T1000002691,C101770,Whole Life,14950,annual,2021-06-10,False,,False,False
T1000002692,C101771,Endowment,5450,annual,2025-05-08,False,,False,False
T1000002693,C101772,Health Rider,1450,monthly,2024-05-04,False,,False,False
T1000002694,C101773,Health Rider,1950,semi-annual,2021-03-14,False,,False,False
T1000002695,C101773,Personal Accident,250,quarterly,2022-12-06,False,,False,False
T1000002696,C101774,Unit Linked,11500,monthly,2014-06-25,False,,False,False
T1000002697,C101774,Health Rider,550,monthly,2021-02-04,False,,False,False
T1000002698,C101775,Unit Linked,8450,quarterly,2021-08-08,False,,False,False
T1000002699,C101776,Whole Life,13800,semi-annual,2024-07-31,False,,False,False
T1000002700,C101776,Health Rider,600,annual,2024-10-25,False,,False,False
T1000002701,C101777,Endowment,4650,annual,2023-04-08,True,credit_card,True,False
T1000002702,C101777,Unit Linked,12750,monthly,2020-02-01,True,credit_card,False,False
T1000002703,C101778,Health Rider,1450,annual,2020-01-22,True,bank_debit,True,False
T1000002704,C101778,Health Rider,1600,monthly,2015-10-28,True,bank_debit,True,False
T1000002705,C101779,Unit Linked,5150,annual,2017-05-04,True,bank_debit,True,False
T1000002706,C101779,Health Rider,1750,monthly,2021-01-19,False,,False,False
T1000002707,C101779,Term Life,1550,quarterly,2021-10-05,True,bank_debit,True,False
T1000002708,C101780,Whole Life,14700,monthly,2025-02-26,False,,False,False
T1000002709,C101780,Health Rider,550,semi-annual,2023-04-11,False,,False,False
T1000002710,C101781,Term Life,1200,semi-annual,2023-09-22,False,,False,False
T1000002711,C101782,Health Rider,1850,semi-annual,2021-07-20,False,,False,False
T1000002712,C101783,Whole Life,7700,semi-annual,2023-08-10,False,,False,False
T1000002713,C101784,Unit Linked,15050,quarterly,2022-09-22,False,,False,False
T1000002714,C101785,Term Life,1950,semi-annual,2017-10-16,True,credit_card,False,False
T1000002715,C101785,Personal Accident,650,quarterly,2022-06-10,False,,False,False
T1000002716,C101785,Health Rider,1800,quarterly,2017-01-24,False,,False,False
T1000002717,C101786,Term Life,1050,annual,2018-08-05,False,,False,False
T1000002718,C101786,Whole Life,4650,monthly,2018-11-22,False,,False,True
T1000002719,C101787,Whole Life,8000,monthly,2022-04-05,True,bank_debit,True,False
T1000002720,C101788,Unit Linked,4400,semi-annual,2023-08-02,True,bank_debit,True,False
T1000002721,C101788,Unit Linked,14700,annual,2021-02-25,True,credit_card,False,False
T1000002722,C101788,Unit Linked,10550,quarterly,2020-01-26,True,credit_card,False,False
T1000002723,C101789,Term Life,1050,monthly,2022-02-08,True,bank_debit,True,False
T1000002724,C101789,Health Rider,850,monthly,2020-02-16,False,,False,False
T1000002725,C101790,Personal Accident,900,annual,2024-09-05,False,,False,False
T1000002726,C101791,Health Rider,700,monthly,2019-07-06,False,,True,False
T1000002727,C101791,Endowment,7150,annual,2019-10-09,True,bank_debit,True,True
T1000002728,C101791,Health Rider,1200,semi-annual,2021-06-01,True,bank_debit,True,False
T1000002729,C101792,Term Life,2250,quarterly,2023-09-15,True,credit_card,False,False
T1000002730,C101793,Term Life,600,monthly,2024-12-29,True,credit_card,False,False
T1000002731,C101794,Health Rider,1700,semi-annual,2021-12-25,True,credit_card,False,False
T1000002732,C101795,Term Life,1950,monthly,2023-01-12,False,,False,False
T1000002733,C101795,Health Rider,550,monthly,2020-02-08,False,,False,False
T1000002734,C101795,Term Life,2250,monthly,2023-11-09,True,bank_debit,True,False
T1000002735,C101796,Endowment,8050,annual,2023-08-27,True,bank_debit,True,False
T1000002736,C101797,Personal Accident,600,annual,2022-04-13,False,,False,False
T1000002737,C101798,Endowment,8100,annual,2021-02-16,False,,False,False
T1000002738,C101798,Health Rider,1300,monthly,2023-04-02,False,,False,False
T1000002739,C101799,Personal Accident,350,annual,2025-07-18,True,credit_card,False,False
T1000002740,C101799,Unit Linked,13700,monthly,2024-05-14,True,bank_debit,True,False
T1000002741,C101800,Health Rider,400,semi-annual,2021-05-02,True,bank_debit,True,False
T1000002742,C101801,Whole Life,4800,semi-annual,2018-07-10,True,credit_card,False,False
T1000002743,C101802,Unit Linked,14850,monthly,2023-05-24,False,,False,False
T1000002744,C101802,Term Life,2900,monthly,2022-10-05,True,credit_card,False,False
T1000002745,C101802,Unit Linked,13150,monthly,2020-09-17,False,,False,False
T1000002746,C101803,Endowment,9500,semi-annual,2020-07-08,True,credit_card,False,False
T1000002747,C101803,Health Rider,750,monthly,2021-10-18,True,bank_debit,True,False
T1000002748,C101804,Health Rider,1900,monthly,2024-03-10,True,bank_debit,True,False
T1000002749,C101805,Personal Accident,600,semi-annual,2025-11-03,False,,False,False
T1000002750,C101806,Personal Accident,700,annual,2020-07-31,False,,False,False
T1000002751,C101807,Health Rider,1350,quarterly,2014-06-19,True,credit_card,False,False
T1000002752,C101807,Whole Life,11150,semi-annual,2021-06-21,True,credit_card,False,False
T1000002753,C101808,Endowment,9650,monthly,2020-03-25,False,,False,False
T1000002754,C101809,Whole Life,9600,monthly,2023-04-12,False,,False,False
T1000002755,C101809,Term Life,1200,monthly,2021-01-15,False,,False,False
T1000002756,C101810,Health Rider,1500,annual,2016-12-12,True,bank_debit,True,False
T1000002757,C101811,Health Rider,1650,monthly,2013-05-28,False,,False,False
T1000002758,C101811,Endowment,7500,quarterly,2019-08-29,True,bank_debit,True,False
T1000002759,C101812,Unit Linked,13200,monthly,2015-10-08,False,,False,False
T1000002760,C101813,Term Life,1100,quarterly,2025-09-28,False,,True,False
T1000002761,C101813,Term Life,1500,monthly,2025-10-12,False,,False,False
T1000002762,C101814,Endowment,6600,quarterly,2018-03-29,False,,False,False
T1000002763,C101815,Endowment,9550,annual,2018-09-22,True,bank_debit,True,False
T1000002764,C101816,Unit Linked,5300,monthly,2019-02-23,False,,False,False
T1000002765,C101817,Unit Linked,3900,monthly,2025-01-07,True,bank_debit,True,False
T1000002766,C101818,Whole Life,4200,semi-annual,2019-03-31,True,credit_card,False,False
T1000002767,C101819,Endowment,4150,quarterly,2025-06-26,True,bank_debit,True,False
T1000002768,C101819,Health Rider,500,monthly,2024-08-01,False,,False,False
T1000002769,C101820,Unit Linked,3550,annual,2021-09-25,True,credit_card,False,False
T1000002770,C101820,Health Rider,700,quarterly,2014-12-28,False,,False,False
T1000002771,C101821,Health Rider,1750,monthly,2022-12-28,False,,False,False
T1000002772,C101822,Personal Accident,850,quarterly,2020-09-07,False,,False,False
T1000002773,C101823,Unit Linked,13150,annual,2025-04-10,False,,False,False
T1000002774,C101824,Health Rider,650,quarterly,2024-09-02,False,,False,False
T1000002775,C101824,Unit Linked,12450,monthly,2022-11-14,False,,False,False
T1000002776,C101825,Whole Life,8600,semi-annual,2018-03-23,False,,False,False
T1000002777,C101826,Whole Life,8650,semi-annual,2019-06-25,True,bank_debit,True,False
T1000002778,C101827,Term Life,1150,annual,2023-10-12,True,bank_debit,True,False
T1000002779,C101828,Endowment,4050,monthly,2025-06-22,False,,False,False
T1000002780,C101829,Unit Linked,19800,annual,2025-11-03,True,credit_card,False,False
T1000002781,C101830,Health Rider,1300,monthly,2024-12-08,False,,False,False
T1000002782,C101831,Health Rider,1500,quarterly,2022-10-26,False,,False,False
T1000002783,C101832,Unit Linked,4750,annual,2017-08-29,True,credit_card,False,False
T1000002784,C101832,Health Rider,850,quarterly,2018-12-26,False,,False,False
T1000002785,C101833,Endowment,10850,annual,2023-11-01,True,bank_debit,True,False
T1000002786,C101834,Health Rider,600,annual,2014-07-31,True,credit_card,False,False
T1000002787,C101834,Term Life,2750,quarterly,2022-10-12,False,,False,False
T1000002788,C101835,Unit Linked,9150,semi-annual,2024-04-25,True,bank_debit,True,False
T1000002789,C101836,Unit Linked,16800,monthly,2024-09-10,False,,False,False
T1000002790,C101836,Term Life,1900,quarterly,2024-04-01,False,,False,False
T1000002791,C101837,Health Rider,1600,monthly,2024-01-25,False,,False,False
T1000002792,C101837,Health Rider,950,semi-annual,2024-04-01,False,,False,False
T1000002793,C101838,Health Rider,800,annual,2021-01-10,True,bank_debit,True,False
T1000002794,C101839,Personal Accident,850,quarterly,2012-02-24,True,bank_debit,True,False
T1000002795,C101839,Whole Life,7750,quarterly,2021-04-06,True,bank_debit,True,False
T1000002796,C101840,Unit Linked,11900,monthly,2025-12-09,False,,False,False
T1000002797,C101841,Term Life,1950,annual,2021-08-10,False,,False,False
T1000002798,C101842,Unit Linked,11850,semi-annual,2019-06-06,False,,False,False
T1000002799,C101842,Term Life,650,semi-annual,2020-12-19,False,,False,False
T1000002800,C101843,Endowment,3000,quarterly,2025-08-13,True,bank_debit,True,False
T1000002801,C101843,Endowment,5350,annual,2025-09-09,False,,False,False
T1000002802,C101844,Personal Accident,800,quarterly,2019-03-17,False,,False,False
T1000002803,C101845,Term Life,1900,monthly,2020-02-12,False,,False,False
T1000002804,C101846,Health Rider,1300,semi-annual,2021-07-23,False,,False,False
T1000002805,C101847,Whole Life,13600,monthly,2022-09-28,True,credit_card,False,False
T1000002806,C101848,Term Life,2150,quarterly,2012-05-02,True,bank_debit,True,False
T1000002807,C101848,Endowment,7200,annual,2020-12-14,False,,True,False
T1000002808,C101848,Health Rider,1850,quarterly,2015-10-22,True,bank_debit,True,False
T1000002809,C101849,Health Rider,500,annual,2019-05-25,True,credit_card,True,False
T1000002810,C101850,Unit Linked,18550,monthly,2023-06-05,True,bank_debit,True,False
T1000002811,C101850,Health Rider,1850,monthly,2023-12-17,True,bank_debit,True,False
T1000002812,C101850,Term Life,2750,monthly,2020-09-21,False,,False,False
T1000002813,C101851,Health Rider,1750,quarterly,2023-10-06,True,bank_debit,True,False
T1000002814,C101852,Unit Linked,19350,semi-annual,2024-05-30,True,credit_card,False,False
T1000002815,C101852,Whole Life,3200,annual,2024-06-26,False,,False,False
T1000002816,C101853,Health Rider,1700,annual,2022-05-29,True,bank_debit,True,False
T1000002817,C101853,Term Life,900,semi-annual,2020-08-29,False,,False,False
T1000002818,C101853,Health Rider,1450,monthly,2023-02-04,True,credit_card,False,False
T1000002819,C101854,Term Life,2500,monthly,2024-09-06,False,,True,False
T1000002820,C101854,Unit Linked,5450,quarterly,2024-09-19,True,credit_card,False,False
T1000002821,C101855,Health Rider,900,monthly,2022-12-12,True,bank_debit,True,False
T1000002822,C101856,Whole Life,10650,monthly,2022-10-29,False,,False,False
T1000002823,C101857,Whole Life,3450,monthly,2024-06-30,False,,False,False
T1000002824,C101858,Term Life,2300,semi-annual,2021-12-14,False,,False,False
T1000002825,C101858,Unit Linked,10450,monthly,2021-10-05,False,,False,False
T1000002826,C101859,Personal Accident,300,annual,2012-08-03,False,,False,False
T1000002827,C101859,Term Life,1500,annual,2021-04-10,False,,False,False
T1000002828,C101859,Health Rider,650,semi-annual,2021-07-09,False,,False,False
T1000002829,C101860,Unit Linked,17450,quarterly,2022-01-22,True,credit_card,False,False
T1000002830,C101861,Health Rider,350,monthly,2023-05-20,True,credit_card,False,False
T1000002831,C101862,Whole Life,10200,monthly,2017-04-04,True,bank_debit,True,True
T1000002832,C101863,Term Life,2350,semi-annual,2024-04-22,True,bank_debit,True,False
T1000002833,C101864,Health Rider,750,semi-annual,2017-02-12,False,,False,False
T1000002834,C101865,Whole Life,4450,annual,2020-10-20,False,,False,True
T1000002835,C101866,Term Life,2050,monthly,2020-08-31,True,credit_card,False,False
T1000002836,C101866,Health Rider,1700,monthly,2022-10-04,False,,False,False
T1000002837,C101867,Whole Life,12100,monthly,2025-11-16,False,,False,False
T1000002838,C101868,Whole Life,7050,monthly,2025-09-22,False,,False,False
T1000002839,C101868,Whole Life,2650,quarterly,2025-11-25,True,bank_debit,True,False
T1000002840,C101869,Health Rider,1450,annual,2025-12-04,False,,False,False
T1000002841,C101870,Term Life,2050,annual,2023-08-06,False,,False,False
T1000002842,C101871,Unit Linked,17950,semi-annual,2025-03-14,False,,False,False
T1000002843,C101871,Health Rider,2000,annual,2025-01-01,False,,False,False
T1000002844,C101872,Endowment,6800,quarterly,2018-07-11,False,,False,False
T1000002845,C101872,Health Rider,1700,annual,2017-04-23,True,credit_card,False,False
T1000002846,C101873,Health Rider,500,quarterly,2022-12-31,False,,False,False
T1000002847,C101874,Whole Life,3500,annual,2023-10-24,False,,False,False
T1000002848,C101874,Health Rider,350,semi-annual,2020-07-30,False,,False,False
T1000002849,C101875,Endowment,12000,monthly,2024-09-01,True,credit_card,False,False
T1000002850,C101876,Endowment,4200,annual,2023-08-17,False,,False,False
T1000002851,C101877,Health Rider,1450,annual,2025-01-29,True,bank_debit,True,False
T1000002852,C101877,Term Life,1900,quarterly,2022-03-30,False,,False,False
T1000002853,C101877,Health Rider,1500,annual,2024-12-06,False,,False,False
T1000002854,C101878,Term Life,2050,monthly,2025-04-08,False,,False,False
T1000002855,C101878,Term Life,2000,semi-annual,2023-08-28,False,,False,False
T1000002856,C101878,Whole Life,3800,quarterly,2024-05-18,False,,False,False
T1000002857,C101879,Term Life,2650,annual,2017-05-16,True,bank_debit,True,False
T1000002858,C101880,Unit Linked,4950,quarterly,2018-08-09,False,,True,False
T1000002859,C101880,Whole Life,13200,monthly,2020-10-16,False,,False,False
T1000002860,C101880,Whole Life,11750,monthly,2022-06-18,True,credit_card,False,False
T1000002861,C101881,Unit Linked,16700,quarterly,2022-07-13,False,,False,False
T1000002862,C101881,Personal Accident,950,monthly,2020-03-20,True,credit_card,False,False
T1000002863,C101882,Endowment,4000,annual,2020-11-07,False,,False,False
T1000002864,C101883,Whole Life,14450,semi-annual,2021-01-09,True,credit_card,False,True
T1000002865,C101884,Term Life,2350,monthly,2022-06-13,False,,False,False
T1000002866,C101885,Whole Life,10500,monthly,2024-04-14,True,credit_card,False,False
T1000002867,C101886,Whole Life,6750,monthly,2016-08-20,False,,True,False
T1000002868,C101886,Term Life,1100,monthly,2021-04-27,False,,False,False
T1000002869,C101886,Health Rider,700,monthly,2018-02-28,False,,False,False
T1000002870,C101887,Whole Life,14950,semi-annual,2024-11-26,False,,False,False
T1000002871,C101888,Health Rider,1900,monthly,2013-10-08,True,bank_debit,True,False
T1000002872,C101889,Unit Linked,15150,monthly,2024-01-31,True,bank_debit,True,False
T1000002873,C101890,Term Life,950,annual,2017-05-16,False,,False,False
T1000002874,C101891,Whole Life,8950,semi-annual,2019-03-17,True,credit_card,False,False
T1000002875,C101891,Term Life,600,monthly,2016-06-02,False,,True,False
T1000002876,C101892,Endowment,4650,annual,2016-08-18,False,,False,False
T1000002877,C101893,Health Rider,1100,annual,2023-03-29,False,,False,False
T1000002878,C101894,Endowment,5600,monthly,2020-05-21,False,,False,False
T1000002879,C101895,Whole Life,3800,monthly,2012-02-29,True,bank_debit,True,True
T1000002880,C101895,Term Life,2950,quarterly,2019-03-28,True,bank_debit,True,False
T1000002881,C101896,Term Life,1550,semi-annual,2024-02-04,True,credit_card,False,False
T1000002882,C101896,Term Life,2500,annual,2020-12-18,False,,False,False
T1000002883,C101897,Health Rider,1350,quarterly,2024-06-28,True,credit_card,False,False
T1000002884,C101897,Term Life,3000,monthly,2019-03-29,True,credit_card,False,False
T1000002885,C101898,Personal Accident,250,quarterly,2021-11-12,True,credit_card,False,False
T1000002886,C101899,Health Rider,1850,monthly,2022-01-29,False,,False,False
T1000002887,C101900,Endowment,5450,quarterly,2023-04-09,False,,False,False
T1000002888,C101900,Personal Accident,900,semi-annual,2013-09-08,False,,False,False
T1000002889,C101901,Unit Linked,10650,annual,2023-09-17,False,,False,False
T1000002890,C101901,Endowment,10100,annual,2025-05-12,True,credit_card,False,False
T1000002891,C101902,Health Rider,1100,quarterly,2025-01-31,True,credit_card,False,False
T1000002892,C101903,Health Rider,1950,annual,2019-01-29,False,,False,False
T1000002893,C101903,Health Rider,1050,annual,2016-06-25,True,bank_debit,True,False
T1000002894,C101904,Health Rider,1750,monthly,2019-02-03,True,credit_card,False,False
T1000002895,C101905,Health Rider,950,annual,2014-05-14,True,credit_card,False,False
T1000002896,C101906,Health Rider,1650,quarterly,2023-10-18,False,,False,False
T1000002897,C101906,Term Life,2300,monthly,2023-08-10,False,,False,False
T1000002898,C101906,Whole Life,7950,monthly,2024-01-29,False,,False,False
T1000002899,C101907,Term Life,2600,monthly,2022-05-07,False,,False,False
T1000002900,C101908,Term Life,1900,annual,2022-06-01,True,credit_card,False,False
T1000002901,C101908,Term Life,1150,quarterly,2023-11-16,False,,False,False
T1000002902,C101908,Whole Life,13700,annual,2023-11-14,False,,False,False
T1000002903,C101909,Endowment,8900,semi-annual,2022-05-11,False,,False,False
T1000002904,C101909,Whole Life,13950,quarterly,2023-09-02,False,,False,False
T1000002905,C101910,Whole Life,5550,annual,2025-09-16,True,bank_debit,True,False
T1000002906,C101910,Term Life,1750,monthly,2025-10-17,True,credit_card,False,False
T1000002907,C101910,Health Rider,800,semi-annual,2025-11-08,True,credit_card,False,False
T1000002908,C101911,Health Rider,700,semi-annual,2021-12-28,False,,False,False
T1000002909,C101912,Health Rider,1900,monthly,2018-09-02,False,,False,False
T1000002910,C101912,Unit Linked,8450,monthly,2023-10-26,False,,False,False
T1000002911,C101913,Term Life,2700,semi-annual,2023-12-04,False,,False,False
T1000002912,C101913,Health Rider,450,monthly,2020-02-18,False,,False,False
T1000002913,C101914,Endowment,6250,annual,2024-03-25,True,credit_card,False,False
T1000002914,C101915,Whole Life,2350,annual,2024-04-09,False,,False,False
T1000002915,C101916,Unit Linked,16100,annual,2019-03-01,False,,True,False
T1000002916,C101917,Term Life,2000,monthly,2025-03-19,True,bank_debit,True,False
T1000002917,C101918,Health Rider,350,semi-annual,2023-10-06,False,,False,False
T1000002918,C101918,Whole Life,8050,monthly,2021-07-31,False,,False,False
T1000002919,C101918,Term Life,1900,quarterly,2020-04-13,False,,False,False
T1000002920,C101919,Health Rider,950,monthly,2015-07-05,False,,False,False
T1000002921,C101920,Endowment,8800,annual,2022-06-16,False,,False,False
T1000002922,C101920,Term Life,2350,monthly,2022-11-01,True,bank_debit,True,False
T1000002923,C101921,Health Rider,550,monthly,2025-02-12,False,,False,False
T1000002924,C101922,Whole Life,13800,quarterly,2024-10-31,False,,False,False
T1000002925,C101923,Term Life,1500,quarterly,2019-11-20,True,credit_card,True,False
T1000002926,C101923,Health Rider,600,quarterly,2020-04-16,False,,False,False
T1000002927,C101923,Term Life,2700,annual,2017-05-17,False,,True,False
T1000002928,C101924,Health Rider,750,annual,2024-09-04,False,,True,False
T1000002929,C101925,Health Rider,1400,monthly,2025-06-16,False,,False,False
T1000002930,C101926,Unit Linked,12350,monthly,2019-08-03,True,credit_card,False,False
T1000002931,C101927,Health Rider,1650,monthly,2023-03-15,True,bank_debit,True,False
T1000002932,C101928,Whole Life,12750,quarterly,2016-02-12,False,,False,False
T1000002933,C101929,Endowment,11050,semi-annual,2024-01-09,False,,False,False
T1000002934,C101929,Whole Life,2900,monthly,2020-11-30,False,,False,True
T1000002935,C101930,Term Life,1500,monthly,2018-08-17,True,bank_debit,True,False
T1000002936,C101931,Unit Linked,7500,semi-annual,2024-09-07,True,credit_card,False,False
T1000002937,C101931,Health Rider,1400,annual,2025-03-07,True,bank_debit,True,False
T1000002938,C101932,Unit Linked,9350,annual,2024-04-18,True,bank_debit,True,False
T1000002939,C101932,Health Rider,1650,semi-annual,2025-06-30,False,,False,False
T1000002940,C101933,Health Rider,1450,monthly,2016-05-26,True,bank_debit,True,False
T1000002941,C101934,Unit Linked,10850,annual,2018-05-17,True,credit_card,False,False
T1000002942,C101935,Health Rider,550,monthly,2024-12-30,False,,False,False
T1000002943,C101936,Term Life,1250,annual,2020-04-04,False,,False,False
T1000002944,C101936,Term Life,2750,quarterly,2020-06-18,False,,False,False
T1000002945,C101937,Whole Life,6450,monthly,2025-05-15,True,credit_card,False,False
T1000002946,C101938,Endowment,3750,monthly,2021-07-14,False,,False,False
T1000002947,C101939,Endowment,7250,monthly,2022-04-16,True,credit_card,False,False
T1000002948,C101940,Term Life,2700,annual,2022-05-24,True,bank_debit,True,False
T1000002949,C101941,Health Rider,450,quarterly,2024-07-23,False,,False,False
T1000002950,C101941,Whole Life,7450,monthly,2021-02-20,False,,False,True
T1000002951,C101942,Health Rider,1750,annual,2025-01-11,True,credit_card,False,False
T1000002952,C101943,Term Life,2450,semi-annual,2025-02-11,False,,False,False
T1000002953,C101944,Endowment,3150,quarterly,2016-10-03,True,bank_debit,True,False
T1000002954,C101945,Term Life,2950,monthly,2019-12-05,True,bank_debit,True,False
T1000002955,C101945,Whole Life,14250,monthly,2023-06-28,True,credit_card,False,False
T1000002956,C101946,Whole Life,8700,annual,2023-08-22,False,,False,False
T1000002957,C101946,Whole Life,2900,annual,2023-12-05,False,,False,False
T1000002958,C101947,Term Life,1750,monthly,2022-12-06,True,bank_debit,True,False
T1000002959,C101948,Endowment,11750,annual,2025-10-05,False,,False,False
T1000002960,C101949,Whole Life,3200,monthly,2023-06-14,True,credit_card,False,False
T1000002961,C101949,Whole Life,12650,annual,2023-12-02,True,bank_debit,True,False
T1000002962,C101950,Unit Linked,15650,monthly,2014-12-16,True,credit_card,False,False
T1000002963,C101951,Health Rider,500,annual,2020-05-26,False,,False,False
T1000002964,C101952,Personal Accident,1000,annual,2018-11-17,True,bank_debit,True,False
T1000002965,C101953,Health Rider,550,monthly,2020-03-10,False,,False,False
T1000002966,C101954,Personal Accident,600,monthly,2019-10-17,False,,True,False
T1000002967,C101955,Term Life,1400,monthly,2022-07-28,True,credit_card,False,False
T1000002968,C101956,Health Rider,1300,monthly,2025-09-30,False,,False,False
T1000002969,C101957,Health Rider,1650,annual,2020-04-13,True,credit_card,False,False
T1000002970,C101958,Personal Accident,600,monthly,2022-04-29,True,bank_debit,True,False
T1000002971,C101959,Unit Linked,19100,monthly,2013-09-20,False,,False,False
T1000002972,C101960,Endowment,11200,annual,2022-08-21,False,,False,False
T1000002973,C101961,Whole Life,6550,monthly,2024-09-05,True,credit_card,False,False
T1000002974,C101961,Unit Linked,18350,annual,2025-07-04,True,credit_card,False,False
T1000002975,C101962,Personal Accident,200,monthly,2015-11-19,False,,False,False
T1000002976,C101962,Term Life,2650,quarterly,2016-04-19,False,,False,False
T1000002977,C101963,Endowment,11450,quarterly,2024-10-15,False,,False,False
T1000002978,C101963,Endowment,9550,monthly,2024-04-25,True,bank_debit,True,False
T1000002979,C101963,Health Rider,1200,annual,2024-07-27,False,,False,False
T1000002980,C101964,Health Rider,1350,annual,2024-08-03,False,,False,False
T1000002981,C101965,Personal Accident,400,monthly,2020-09-03,False,,False,False
T1000002982,C101966,Whole Life,9750,monthly,2022-05-02,True,credit_card,False,False
T1000002983,C101967,Whole Life,4050,quarterly,2023-01-01,False,,False,False
T1000002984,C101967,Health Rider,1800,annual,2022-10-08,False,,False,False
T1000002985,C101968,Term Life,2600,monthly,2022-10-02,False,,False,False
T1000002986,C101969,Endowment,11550,monthly,2019-07-11,True,credit_card,False,False
T1000002987,C101970,Personal Accident,300,annual,2018-03-08,True,bank_debit,True,False
T1000002988,C101970,Whole Life,9450,quarterly,2020-07-30,False,,False,False
T1000002989,C101971,Health Rider,550,annual,2016-03-03,False,,False,False
T1000002990,C101972,Term Life,1050,quarterly,2023-05-05,False,,False,False
T1000002991,C101973,Health Rider,1350,monthly,2015-11-10,False,,False,False
T1000002992,C101974,Term Life,900,monthly,2022-05-17,True,bank_debit,True,False
T1000002993,C101974,Term Life,2550,monthly,2021-11-22,True,bank_debit,True,False
T1000002994,C101975,Term Life,1750,semi-annual,2019-10-07,False,,False,False
T1000002995,C101975,Whole Life,3450,quarterly,2020-10-31,True,bank_debit,True,False
T1000002996,C101976,Term Life,2850,annual,2019-09-04,True,bank_debit,True,False
T1000002997,C101977,Term Life,2700,annual,2023-10-27,True,credit_card,False,False
T1000002998,C101977,Health Rider,850,monthly,2023-04-30,True,bank_debit,True,False
T1000002999,C101978,Whole Life,8050,annual,2024-04-06,False,,False,False
T1000003000,C101979,Health Rider,700,annual,2023-02-16,False,,False,False
T1000003001,C101980,Whole Life,11900,semi-annual,2019-12-13,True,credit_card,False,True
T1000003002,C101980,Health Rider,1700,quarterly,2015-01-05,True,bank_debit,True,False
T1000003003,C101981,Personal Accident,800,monthly,2021-05-23,True,bank_debit,True,False
T1000003004,C101981,Endowment,4700,quarterly,2023-01-18,False,,False,False
T1000003005,C101982,Term Life,1000,annual,2024-10-24,False,,False,False
T1000003006,C101982,Personal Accident,450,annual,2021-02-10,False,,False,False
T1000003007,C101982,Health Rider,1900,monthly,2021-10-06,True,bank_debit,True,False
T1000003008,C101983,Term Life,3000,monthly,2017-11-23,False,,False,False
T1000003009,C101983,Whole Life,9250,semi-annual,2014-05-20,False,,False,False
T1000003010,C101984,Health Rider,1150,semi-annual,2017-05-24,True,credit_card,False,False
T1000003011,C101985,Personal Accident,550,annual,2023-02-14,False,,True,False
T1000003012,C101986,Health Rider,1900,annual,2021-11-02,True,credit_card,False,False
T1000003013,C101987,Unit Linked,7650,annual,2022-01-12,True,bank_debit,True,False
T1000003014,C101988,Unit Linked,7250,annual,2020-08-19,False,,False,False
T1000003015,C101989,Health Rider,1050,annual,2024-04-03,True,bank_debit,True,False
T1000003016,C101990,Term Life,2700,monthly,2020-09-01,False,,False,False
T1000003017,C101991,Personal Accident,850,annual,2021-11-03,False,,False,False
T1000003018,C101991,Unit Linked,3700,monthly,2023-02-25,False,,False,False
T1000003019,C101992,Unit Linked,6250,annual,2024-06-06,False,,False,False
T1000003020,C101993,Health Rider,600,monthly,2019-08-17,False,,False,False
T1000003021,C101994,Unit Linked,4300,annual,2019-07-23,True,credit_card,False,False
T1000003022,C101994,Whole Life,11150,annual,2019-05-23,True,bank_debit,True,False
T1000003023,C101995,Whole Life,2200,annual,2016-05-22,False,,True,False
T1000003024,C101995,Health Rider,800,monthly,2016-01-12,False,,False,False
T1000003025,C101996,Personal Accident,700,annual,2024-05-12,True,credit_card,False,False
T1000003026,C101997,Term Life,2250,semi-annual,2021-10-30,True,credit_card,False,False
T1000003027,C101997,Term Life,1150,monthly,2017-06-17,False,,False,False
T1000003028,C101998,Unit Linked,5300,quarterly,2021-11-22,True,bank_debit,True,False
T1000003029,C101998,Whole Life,14100,quarterly,2019-10-10,False,,False,False
T1000003030,C101999,Whole Life,10000,quarterly,2025-05-03,False,,False,False
T1000003031,C101999,Whole Life,14800,quarterly,2024-11-20,True,credit_card,False,False
T1000003032,C102000,Endowment,6900,semi-annual,2023-04-15,False,,False,False
T1000003033,C102001,Endowment,8450,monthly,2021-05-24,True,bank_debit,True,False
T1000003034,C102002,Term Life,1750,quarterly,2010-09-12,False,,True,False
T1000003035,C102002,Whole Life,9500,annual,2020-12-04,True,credit_card,False,False
T1000003036,C102003,Term Life,2050,annual,2013-10-04,False,,False,False
T1000003037,C102004,Health Rider,1650,quarterly,2021-06-12,True,credit_card,False,False
T1000003038,C102004,Whole Life,9300,annual,2023-10-05,False,,False,False
T1000003039,C102005,Personal Accident,450,monthly,2021-08-28,True,bank_debit,True,False
T1000003040,C102005,Unit Linked,16050,semi-annual,2018-08-10,False,,False,False
T1000003041,C102006,Whole Life,12450,semi-annual,2022-07-14,True,credit_card,False,False
T1000003042,C102006,Endowment,8350,monthly,2021-09-12,False,,False,True
T1000003043,C102007,Whole Life,2950,quarterly,2025-05-02,True,credit_card,False,False
T1000003044,C102007,Endowment,10900,annual,2024-04-02,False,,False,False
T1000003045,C102007,Whole Life,14500,annual,2024-11-09,True,bank_debit,True,False
T1000003046,C102008,Term Life,2800,monthly,2025-10-17,False,,False,False
T1000003047,C102009,Unit Linked,10550,monthly,2023-11-22,True,credit_card,False,False
T1000003048,C102009,Health Rider,1300,annual,2023-03-28,False,,False,False
T1000003049,C102009,Term Life,2350,semi-annual,2023-05-14,True,bank_debit,True,False
T1000003050,C102010,Whole Life,2400,annual,2021-12-27,True,bank_debit,True,False
T1000003051,C102010,Whole Life,4900,annual,2021-04-03,True,bank_debit,True,False
T1000003052,C102011,Unit Linked,7200,quarterly,2025-11-08,False,,False,False
T1000003053,C102012,Health Rider,650,monthly,2024-08-02,True,bank_debit,True,False
T1000003054,C102012,Whole Life,12800,annual,2022-04-22,True,credit_card,False,False
T1000003055,C102013,Whole Life,13350,monthly,2023-08-05,True,bank_debit,True,False
T1000003056,C102013,Personal Accident,700,annual,2020-06-06,True,credit_card,False,False
T1000003057,C102014,Whole Life,5500,quarterly,2021-08-09,False,,False,False
T1000003058,C102014,Health Rider,950,semi-annual,2020-06-14,True,bank_debit,True,False
T1000003059,C102014,Health Rider,1050,monthly,2020-06-10,True,bank_debit,True,False
T1000003060,C102015,Health Rider,1400,quarterly,2023-11-18,True,bank_debit,True,False
T1000003061,C102016,Personal Accident,250,monthly,2021-09-03,False,,False,False
T1000003062,C102017,Endowment,5450,annual,2015-10-01,False,,False,False
T1000003063,C102017,Personal Accident,500,monthly,2022-11-03,False,,False,False
T1000003064,C102018,Endowment,8700,semi-annual,2020-12-14,False,,False,False
T1000003065,C102019,Unit Linked,13500,semi-annual,2022-09-06,False,,False,False
T1000003066,C102019,Personal Accident,950,quarterly,2022-05-30,True,credit_card,True,False
T1000003067,C102020,Term Life,2800,semi-annual,2024-08-11,False,,False,False
T1000003068,C102021,Health Rider,500,semi-annual,2021-01-01,False,,False,False
T1000003069,C102022,Health Rider,1650,monthly,2024-06-06,False,,False,False
T1000003070,C102023,Term Life,1650,quarterly,2022-10-23,False,,False,False
T1000003071,C102023,Whole Life,6400,monthly,2023-04-20,False,,False,False
T1000003072,C102024,Term Life,750,quarterly,2020-10-27,True,bank_debit,True,False
T1000003073,C102025,Endowment,4750,quarterly,2021-12-07,False,,False,False
T1000003074,C102025,Health Rider,2000,annual,2023-02-23,False,,False,False
T1000003075,C102026,Whole Life,3100,annual,2023-07-24,False,,False,False
T1000003076,C102026,Term Life,2250,quarterly,2024-10-03,True,bank_debit,True,False
T1000003077,C102027,Personal Accident,900,monthly,2023-05-20,True,bank_debit,True,False
T1000003078,C102027,Unit Linked,11200,monthly,2019-11-08,False,,False,False
T1000003079,C102028,Health Rider,900,semi-annual,2021-10-18,True,bank_debit,True,False
T1000003080,C102029,Personal Accident,800,semi-annual,2025-09-27,False,,False,False
T1000003081,C102030,Whole Life,3700,annual,2019-01-12,False,,False,False
T1000003082,C102030,Whole Life,14050,annual,2021-08-08,False,,False,False
T1000003083,C102031,Term Life,1800,semi-annual,2023-07-11,True,bank_debit,True,False
T1000003084,C102032,Unit Linked,10000,quarterly,2020-09-21,True,credit_card,False,False
T1000003085,C102033,Health Rider,350,semi-annual,2016-08-22,False,,False,False
T1000003086,C102033,Health Rider,1950,annual,2011-09-25,True,bank_debit,True,False
T1000003087,C102033,Endowment,7900,semi-annual,2013-07-27,False,,False,False
T1000003088,C102034,Personal Accident,900,semi-annual,2021-03-18,True,bank_debit,True,False
T1000003089,C102035,Whole Life,5700,monthly,2018-01-28,False,,False,False
T1000003090,C102036,Whole Life,7150,quarterly,2014-02-03,False,,False,False
T1000003091,C102036,Endowment,7100,monthly,2008-08-06,False,,False,False
T1000003092,C102036,Health Rider,1050,annual,2015-04-05,True,credit_card,False,False
T1000003093,C102037,Endowment,3050,semi-annual,2018-01-24,True,credit_card,False,False
T1000003094,C102038,Health Rider,600,quarterly,2024-05-26,False,,False,False
T1000003095,C102039,Health Rider,1150,monthly,2022-08-30,True,bank_debit,True,False
T1000003096,C102040,Personal Accident,800,monthly,2021-04-07,True,credit_card,False,False
T1000003097,C102040,Whole Life,13150,quarterly,2021-08-14,False,,False,True
T1000003098,C102041,Term Life,1900,quarterly,2023-04-08,True,bank_debit,True,False
T1000003099,C102041,Whole Life,7700,monthly,2019-05-11,False,,False,False
T1000003100,C102042,Term Life,1800,monthly,2023-08-01,False,,False,False
T1000003101,C102042,Unit Linked,6700,quarterly,2023-01-22,True,bank_debit,True,False
T1000003102,C102043,Term Life,1500,annual,2019-10-15,False,,False,False
T1000003103,C102043,Whole Life,13450,annual,2021-05-25,False,,False,True
T1000003104,C102043,Endowment,3700,quarterly,2020-01-30,True,bank_debit,True,True
T1000003105,C102044,Personal Accident,850,monthly,2022-09-07,False,,False,False
T1000003106,C102045,Health Rider,1100,monthly,2022-08-06,False,,False,False
T1000003107,C102045,Unit Linked,12450,quarterly,2023-05-24,True,bank_debit,True,False
T1000003108,C102046,Endowment,3000,quarterly,2021-10-10,False,,False,False
T1000003109,C102047,Endowment,3000,annual,2021-07-05,False,,False,False
T1000003110,C102047,Whole Life,6650,annual,2021-08-11,False,,False,False
T1000003111,C102047,Personal Accident,750,quarterly,2022-02-23,False,,True,False
T1000003112,C102048,Whole Life,6300,monthly,2025-12-02,True,credit_card,False,False
T1000003113,C102048,Personal Accident,650,monthly,2025-11-27,True,bank_debit,True,False
T1000003114,C102048,Endowment,10450,monthly,2025-10-25,False,,False,False
T1000003115,C102049,Personal Accident,550,monthly,2025-04-26,False,,False,False
T1000003116,C102050,Health Rider,1000,quarterly,2024-11-05,False,,False,False
T1000003117,C102050,Term Life,1850,annual,2025-02-13,False,,False,False
T1000003118,C102051,Whole Life,5300,monthly,2025-05-21,False,,False,False
T1000003119,C102051,Term Life,2050,monthly,2023-05-25,False,,False,False
T1000003120,C102052,Whole Life,12650,quarterly,2017-07-07,False,,False,False
T1000003121,C102053,Whole Life,10950,monthly,2018-12-13,True,credit_card,False,False
T1000003122,C102053,Health Rider,1450,semi-annual,2019-11-24,False,,False,False
T1000003123,C102054,Term Life,950,semi-annual,2018-12-29,False,,False,False
T1000003124,C102054,Health Rider,1250,annual,2020-10-25,True,credit_card,False,False
T1000003125,C102054,Whole Life,13250,annual,2020-12-08,True,credit_card,True,False
T1000003126,C102055,Unit Linked,16900,annual,2018-07-22,False,,False,False
T1000003127,C102056,Unit Linked,5850,quarterly,2019-11-01,True,bank_debit,True,False
T1000003128,C102057,Endowment,3800,quarterly,2022-07-29,True,credit_card,False,False
T1000003129,C102057,Endowment,8700,semi-annual,2022-08-08,True,bank_debit,True,False
T1000003130,C102057,Whole Life,4500,quarterly,2020-07-13,True,credit_card,True,False
T1000003131,C102058,Term Life,2400,semi-annual,2020-10-14,False,,False,False
T1000003132,C102059,Health Rider,500,monthly,2016-06-26,True,bank_debit,True,False
T1000003133,C102060,Personal Accident,1000,quarterly,2019-09-05,True,bank_debit,True,False
T1000003134,C102060,Personal Accident,400,monthly,2016-09-26,True,credit_card,False,False
T1000003135,C102061,Whole Life,14400,monthly,2019-06-08,True,credit_card,False,False
T1000003136,C102061,Personal Accident,250,monthly,2019-04-14,False,,False,False
T1000003137,C102062,Personal Accident,900,semi-annual,2019-12-28,False,,False,False
T1000003138,C102063,Health Rider,800,quarterly,2025-09-28,False,,False,False
T1000003139,C102064,Term Life,900,monthly,2023-01-24,False,,False,False
T1000003140,C102064,Whole Life,6150,annual,2024-05-18,False,,False,False
T1000003141,C102065,Personal Accident,800,annual,2021-12-23,True,credit_card,False,False
T1000003142,C102066,Unit Linked,9350,annual,2016-07-23,False,,False,False
T1000003143,C102066,Personal Accident,850,monthly,2022-06-20,False,,False,False
T1000003144,C102067,Unit Linked,4900,quarterly,2016-05-23,False,,False,False
T1000003145,C102067,Endowment,7700,annual,2019-09-07,False,,False,False
T1000003146,C102068,Health Rider,1900,monthly,2025-02-02,False,,False,False
T1000003147,C102069,Unit Linked,16500,monthly,2017-07-06,False,,False,False
T1000003148,C102069,Endowment,3700,annual,2017-07-19,True,bank_debit,True,False
T1000003149,C102070,Personal Accident,450,annual,2024-11-13,True,credit_card,False,False
T1000003150,C102070,Term Life,1100,monthly,2024-12-29,False,,False,False
T1000003151,C102071,Health Rider,800,annual,2024-09-02,False,,False,False
T1000003152,C102071,Unit Linked,6250,monthly,2024-09-24,False,,False,False
T1000003153,C102071,Health Rider,1450,quarterly,2024-06-16,False,,False,False
T1000003154,C102072,Health Rider,1800,monthly,2021-05-03,False,,False,False
T1000003155,C102073,Term Life,2650,monthly,2022-09-01,False,,False,False
T1000003156,C102074,Endowment,6500,monthly,2025-10-22,True,credit_card,False,False
T1000003157,C102074,Personal Accident,950,annual,2025-11-03,False,,False,False
T1000003158,C102075,Health Rider,1950,monthly,2020-05-09,False,,False,False
T1000003159,C102075,Health Rider,950,quarterly,2017-03-09,True,bank_debit,True,False
T1000003160,C102075,Health Rider,1100,semi-annual,2020-09-15,True,bank_debit,True,False
T1000003161,C102076,Health Rider,750,annual,2024-01-10,False,,False,False
T1000003162,C102076,Whole Life,10150,annual,2019-06-06,False,,False,False
T1000003163,C102076,Unit Linked,8850,quarterly,2021-07-11,True,bank_debit,True,False
T1000003164,C102077,Health Rider,950,quarterly,2015-10-21,False,,False,False
T1000003165,C102078,Whole Life,13800,monthly,2023-06-01,False,,False,False
T1000003166,C102079,Whole Life,9500,quarterly,2022-09-23,False,,False,False
T1000003167,C102080,Whole Life,10800,annual,2023-05-03,False,,True,False
T1000003168,C102080,Whole Life,3650,semi-annual,2021-04-05,True,credit_card,True,False
T1000003169,C102081,Personal Accident,550,annual,2019-10-27,True,credit_card,False,False
T1000003170,C102081,Term Life,2250,quarterly,2013-02-06,False,,False,False
T1000003171,C102082,Endowment,8750,monthly,2025-10-23,True,credit_card,False,False
T1000003172,C102082,Endowment,3850,annual,2025-11-27,True,bank_debit,True,False
T1000003173,C102083,Term Life,850,monthly,2025-05-07,False,,False,False
T1000003174,C102084,Health Rider,1400,quarterly,2019-01-24,False,,False,False
T1000003175,C102084,Unit Linked,5400,monthly,2019-06-07,False,,False,False
T1000003176,C102084,Term Life,1900,monthly,2023-02-23,False,,False,False
T1000003177,C102085,Endowment,8850,quarterly,2024-10-19,False,,False,False
T1000003178,C102086,Unit Linked,6550,semi-annual,2021-09-23,False,,False,False
T1000003179,C102087,Whole Life,6350,annual,2024-01-31,False,,False,False
T1000003180,C102088,Whole Life,14550,annual,2022-11-30,False,,False,True
T1000003181,C102089,Health Rider,900,annual,2021-06-29,False,,False,False
T1000003182,C102089,Endowment,10550,monthly,2021-07-10,False,,False,False
T1000003183,C102090,Term Life,2800,monthly,2021-05-01,False,,False,False
T1000003184,C102090,Health Rider,1250,annual,2017-01-04,False,,False,False
T1000003185,C102091,Health Rider,1600,annual,2021-04-14,True,credit_card,False,False
T1000003186,C102092,Endowment,3900,monthly,2022-12-21,True,credit_card,False,True
T1000003187,C102093,Whole Life,5200,annual,2023-05-18,True,bank_debit,True,False
T1000003188,C102094,Whole Life,11350,semi-annual,2022-12-13,True,credit_card,False,False
T1000003189,C102094,Health Rider,1950,monthly,2024-04-07,False,,False,False
T1000003190,C102095,Term Life,2350,quarterly,2025-11-08,True,bank_debit,True,False
T1000003191,C102096,Whole Life,7350,monthly,2017-05-08,False,,False,False
T1000003192,C102097,Term Life,1550,annual,2024-11-27,True,bank_debit,True,False
T1000003193,C102098,Health Rider,1700,semi-annual,2020-01-06,True,credit_card,False,False
T1000003194,C102098,Personal Accident,400,monthly,2021-12-27,False,,False,False
T1000003195,C102099,Term Life,1550,annual,2022-12-31,False,,False,False
T1000003196,C102100,Health Rider,850,semi-annual,2021-01-09,True,bank_debit,True,False
T1000003197,C102101,Whole Life,14700,semi-annual,2024-11-26,False,,False,False
T1000003198,C102102,Endowment,5600,quarterly,2021-07-23,True,credit_card,False,False
T1000003199,C102103,Whole Life,9150,monthly,2025-04-19,False,,False,False
T1000003200,C102104,Whole Life,5950,monthly,2022-04-18,True,bank_debit,True,False
T1000003201,C102105,Whole Life,7700,semi-annual,2015-06-01,False,,False,False
T1000003202,C102105,Term Life,1450,annual,2023-05-01,False,,False,False
T1000003203,C102106,Whole Life,8300,monthly,2014-08-11,False,,False,False
T1000003204,C102107,Term Life,1400,quarterly,2024-05-25,True,bank_debit,True,False
T1000003205,C102108,Unit Linked,10250,semi-annual,2025-01-08,False,,False,False
T1000003206,C102108,Unit Linked,11250,annual,2023-07-14,False,,False,False
T1000003207,C102108,Whole Life,2350,semi-annual,2023-03-31,False,,False,False
T1000003208,C102109,Endowment,8750,monthly,2022-01-10,True,bank_debit,True,False
T1000003209,C102110,Unit Linked,6600,monthly,2022-01-27,True,credit_card,False,False
T1000003210,C102111,Whole Life,6650,monthly,2025-11-19,False,,False,False
T1000003211,C102112,Health Rider,1750,semi-annual,2025-08-23,True,credit_card,False,False
T1000003212,C102113,Unit Linked,3800,monthly,2023-11-06,True,bank_debit,True,False
T1000003213,C102114,Health Rider,1400,semi-annual,2025-10-05,False,,False,False
T1000003214,C102114,Health Rider,850,annual,2025-11-30,False,,False,False
T1000003215,C102115,Term Life,1550,monthly,2021-12-30,True,bank_debit,True,False
T1000003216,C102116,Health Rider,1300,annual,2023-09-06,False,,False,False
T1000003217,C102116,Health Rider,1650,annual,2021-02-03,True,bank_debit,True,False
T1000003218,C102117,Unit Linked,3300,semi-annual,2018-06-30,True,credit_card,False,False
T1000003219,C102117,Whole Life,5700,quarterly,2019-05-18,True,bank_debit,True,True
T1000003220,C102117,Health Rider,900,semi-annual,2022-10-18,False,,False,False
T1000003221,C102118,Whole Life,8650,semi-annual,2020-01-18,False,,False,False
T1000003222,C102119,Unit Linked,12050,monthly,2021-12-14,False,,False,False
T1000003223,C102119,Term Life,700,quarterly,2022-10-14,True,bank_debit,True,False
T1000003224,C102120,Health Rider,650,annual,2017-05-30,False,,False,False
T1000003225,C102121,Personal Accident,500,monthly,2023-07-14,False,,False,False
T1000003226,C102122,Term Life,2250,quarterly,2023-02-10,False,,False,False
T1000003227,C102122,Whole Life,5400,monthly,2023-09-30,True,bank_debit,True,False
T1000003228,C102123,Endowment,6750,monthly,2022-02-20,False,,False,False
T1000003229,C102124,Term Life,1100,monthly,2022-05-02,False,,False,False
T1000003230,C102124,Personal Accident,750,quarterly,2017-09-20,True,credit_card,False,False
T1000003231,C102124,Unit Linked,3950,annual,2021-11-29,False,,False,False
T1000003232,C102125,Whole Life,14600,quarterly,2014-09-18,False,,False,False
T1000003233,C102126,Term Life,2300,annual,2017-07-19,False,,False,False
T1000003234,C102127,Term Life,2550,semi-annual,2023-05-26,True,bank_debit,True,False
T1000003235,C102128,Health Rider,1650,annual,2024-11-10,True,bank_debit,True,False
T1000003236,C102129,Health Rider,1750,annual,2024-03-04,False,,False,False
T1000003237,C102130,Personal Accident,800,quarterly,2021-02-16,False,,False,False
T1000003238,C102131,Health Rider,1750,monthly,2020-01-10,True,credit_card,False,False
T1000003239,C102132,Whole Life,10150,semi-annual,2023-09-14,True,credit_card,False,False
T1000003240,C102133,Health Rider,1050,semi-annual,2023-02-07,False,,True,False
T1000003241,C102133,Term Life,850,semi-annual,2017-12-20,False,,True,False
T1000003242,C102133,Term Life,1500,semi-annual,2022-08-25,False,,False,False
T1000003243,C102134,Personal Accident,550,monthly,2023-02-23,True,bank_debit,True,False
T1000003244,C102135,Health Rider,1550,monthly,2021-02-27,True,credit_card,False,False
T1000003245,C102136,Term Life,2400,monthly,2023-04-09,False,,False,False
T1000003246,C102136,Health Rider,1400,monthly,2019-04-28,False,,False,False
T1000003247,C102137,Whole Life,10800,annual,2022-03-11,False,,False,False
T1000003248,C102137,Health Rider,650,monthly,2020-06-13,False,,False,False
T1000003249,C102138,Personal Accident,700,annual,2016-12-08,False,,False,False
T1000003250,C102138,Whole Life,12700,monthly,2023-06-27,False,,False,False
T1000003251,C102139,Whole Life,9900,monthly,2024-06-15,False,,False,False
T1000003252,C102139,Endowment,8050,monthly,2024-10-25,False,,False,False
T1000003253,C102139,Whole Life,14850,monthly,2025-02-04,False,,False,False
T1000003254,C102140,Personal Accident,350,monthly,2024-05-24,False,,False,False
T1000003255,C102141,Health Rider,1700,monthly,2019-12-21,False,,False,False
T1000003256,C102142,Term Life,2350,semi-annual,2021-03-24,True,credit_card,False,False
T1000003257,C102142,Whole Life,13800,monthly,2021-10-01,True,credit_card,False,False
T1000003258,C102143,Term Life,950,monthly,2023-09-03,False,,False,False
T1000003259,C102144,Term Life,1750,annual,2025-10-08,True,bank_debit,True,False
T1000003260,C102144,Whole Life,8650,monthly,2025-09-22,False,,False,False
T1000003261,C102145,Unit Linked,9750,monthly,2025-03-16,False,,False,False
T1000003262,C102146,Term Life,1750,monthly,2022-06-13,False,,False,False
T1000003263,C102146,Endowment,9250,monthly,2024-05-01,True,credit_card,False,False
T1000003264,C102146,Health Rider,1250,annual,2021-11-12,False,,False,False
T1000003265,C102147,Endowment,7050,annual,2020-12-28,False,,False,True
T1000003266,C102147,Personal Accident,450,quarterly,2024-02-16,False,,True,False
T1000003267,C102148,Personal Accident,350,monthly,2014-05-23,True,bank_debit,True,False
T1000003268,C102149,Unit Linked,7300,monthly,2023-10-30,False,,False,False
T1000003269,C102150,Health Rider,1600,monthly,2021-07-21,False,,False,False
T1000003270,C102150,Term Life,2150,monthly,2021-11-28,True,credit_card,False,False
T1000003271,C102150,Unit Linked,11350,monthly,2024-03-23,True,credit_card,False,False
T1000003272,C102151,Endowment,7400,monthly,2021-06-27,False,,False,False
T1000003273,C102151,Term Life,2250,annual,2022-03-17,True,bank_debit,True,False
T1000003274,C102152,Term Life,2350,semi-annual,2021-04-09,True,credit_card,False,False
T1000003275,C102152,Health Rider,1450,monthly,2017-05-10,True,credit_card,False,False
T1000003276,C102153,Health Rider,650,monthly,2024-05-13,False,,False,False
T1000003277,C102153,Endowment,4300,monthly,2022-11-12,False,,False,False
T1000003278,C102154,Health Rider,1000,annual,2022-07-19,False,,False,False
T1000003279,C102155,Personal Accident,500,semi-annual,2024-03-28,False,,True,False
T1000003280,C102156,Unit Linked,6950,annual,2015-06-25,False,,False,False
T1000003281,C102157,Health Rider,1250,monthly,2018-12-29,False,,False,False
T1000003282,C102157,Health Rider,350,semi-annual,2021-04-12,False,,False,False
T1000003283,C102158,Health Rider,1550,semi-annual,2023-08-26,False,,False,False
T1000003284,C102158,Endowment,3200,quarterly,2022-07-06,True,credit_card,False,False
T1000003285,C102159,Whole Life,7600,monthly,2024-01-28,False,,False,False
T1000003286,C102160,Whole Life,5000,semi-annual,2017-08-25,False,,False,False
T1000003287,C102160,Personal Accident,500,monthly,2019-05-13,False,,False,False
T1000003288,C102160,Unit Linked,16950,monthly,2022-04-05,False,,False,False
T1000003289,C102161,Whole Life,6900,annual,2020-09-30,False,,False,False
T1000003290,C102162,Endowment,8200,quarterly,2021-03-21,True,credit_card,False,True
T1000003291,C102162,Term Life,650,semi-annual,2023-03-13,False,,False,False
T1000003292,C102163,Health Rider,950,annual,2022-03-01,False,,False,False
T1000003293,C102164,Personal Accident,850,annual,2024-04-07,False,,False,False
T1000003294,C102165,Term Life,2250,quarterly,2023-10-02,False,,False,False
T1000003295,C102166,Unit Linked,4850,quarterly,2022-03-02,False,,False,False
T1000003296,C102166,Term Life,2950,annual,2021-10-18,True,bank_debit,True,False
T1000003297,C102167,Unit Linked,17200,annual,2025-08-18,True,credit_card,False,False
T1000003298,C102167,Health Rider,500,semi-annual,2025-05-15,True,bank_debit,True,False
T1000003299,C102168,Term Life,1850,monthly,2021-10-24,True,bank_debit,True,False
T1000003300,C102169,Personal Accident,800,monthly,2021-07-30,True,bank_debit,True,False
T1000003301,C102170,Endowment,11400,monthly,2021-03-18,False,,False,False
T1000003302,C102170,Term Life,2250,annual,2023-09-24,True,credit_card,False,False
T1000003303,C102171,Personal Accident,450,quarterly,2022-01-12,False,,False,False
T1000003304,C102172,Endowment,8450,monthly,2023-01-18,False,,False,False
T1000003305,C102172,Unit Linked,7500,annual,2021-04-01,False,,True,False
T1000003306,C102173,Health Rider,800,quarterly,2017-12-03,False,,False,False
T1000003307,C102174,Health Rider,1000,monthly,2019-05-05,False,,False,False
T1000003308,C102174,Health Rider,1750,quarterly,2020-08-26,True,bank_debit,True,False
T1000003309,C102175,Term Life,2100,monthly,2022-07-09,False,,False,False
T1000003310,C102175,Health Rider,1350,quarterly,2022-07-26,True,bank_debit,True,False
T1000003311,C102176,Health Rider,1500,semi-annual,2024-04-10,False,,False,False
T1000003312,C102177,Endowment,4100,annual,2024-02-12,False,,False,False
T1000003313,C102177,Health Rider,1250,semi-annual,2025-05-04,False,,False,False
T1000003314,C102178,Endowment,4000,monthly,2024-11-10,False,,False,False
T1000003315,C102179,Personal Accident,600,semi-annual,2021-01-12,False,,False,False
T1000003316,C102179,Term Life,800,semi-annual,2022-12-31,False,,False,False
T1000003317,C102179,Health Rider,750,quarterly,2021-05-14,False,,False,False
T1000003318,C102180,Term Life,2800,monthly,2024-03-26,True,bank_debit,True,False
T1000003319,C102180,Term Life,1100,monthly,2025-02-15,False,,False,False
T1000003320,C102181,Health Rider,1650,semi-annual,2024-03-17,False,,False,False
T1000003321,C102182,Term Life,2700,monthly,2024-11-16,False,,False,False
T1000003322,C102182,Term Life,2900,annual,2023-09-24,True,credit_card,False,False
T1000003323,C102183,Health Rider,400,quarterly,2025-11-21,False,,False,False
T1000003324,C102184,Unit Linked,7150,quarterly,2019-12-16,False,,False,False
T1000003325,C102184,Whole Life,7850,monthly,2019-11-19,False,,True,False
T1000003326,C102185,Health Rider,1250,monthly,2022-09-06,True,bank_debit,True,False
T1000003327,C102185,Whole Life,6350,annual,2024-07-02,False,,False,False
T1000003328,C102185,Health Rider,1950,monthly,2022-09-27,True,bank_debit,True,False
T1000003329,C102186,Health Rider,300,annual,2023-02-28,True,credit_card,False,False
T1000003330,C102186,Whole Life,11550,monthly,2025-04-07,True,bank_debit,True,False
T1000003331,C102187,Endowment,9400,quarterly,2023-11-07,False,,False,False
T1000003332,C102188,Personal Accident,850,monthly,2022-11-13,False,,False,False
T1000003333,C102188,Health Rider,1200,annual,2021-06-01,False,,True,False
T1000003334,C102189,Term Life,2750,quarterly,2016-04-04,False,,False,False
T1000003335,C102190,Unit Linked,16800,quarterly,2022-03-03,False,,False,False
T1000003336,C102191,Health Rider,500,annual,2023-03-30,True,credit_card,False,False
T1000003337,C102191,Health Rider,2000,quarterly,2020-06-05,False,,False,False
T1000003338,C102191,Health Rider,650,annual,2022-11-08,True,credit_card,False,False
T1000003339,C102192,Whole Life,2300,annual,2023-07-21,False,,False,False
T1000003340,C102193,Personal Accident,950,annual,2025-11-05,True,credit_card,False,False
T1000003341,C102194,Whole Life,14000,monthly,2018-07-25,True,bank_debit,True,False
T1000003342,C102195,Whole Life,7600,monthly,2016-05-26,False,,False,False
T1000003343,C102195,Term Life,850,quarterly,2011-01-15,False,,True,False
T1000003344,C102195,Health Rider,1700,annual,2012-03-18,False,,True,False
T1000003345,C102196,Term Life,2900,quarterly,2025-10-11,False,,False,False
T1000003346,C102196,Personal Accident,500,quarterly,2025-11-18,False,,False,False
T1000003347,C102196,Personal Accident,450,annual,2025-11-08,False,,False,False
T1000003348,C102197,Whole Life,5850,annual,2021-04-22,False,,False,False
T1000003349,C102198,Unit Linked,14600,quarterly,2024-02-17,True,bank_debit,True,False
T1000003350,C102199,Personal Accident,500,quarterly,2023-05-02,True,credit_card,False,False
T1000003351,C102199,Health Rider,400,annual,2020-09-11,False,,False,False
T1000003352,C102200,Term Life,2850,annual,2024-10-05,False,,False,False
T1000003353,C102201,Health Rider,1000,semi-annual,2018-04-12,False,,False,False
T1000003354,C102201,Endowment,4650,annual,2021-04-16,True,credit_card,False,False
T1000003355,C102201,Term Life,2000,monthly,2023-12-26,False,,False,False
T1000003356,C102202,Unit Linked,5250,annual,2019-10-24,True,credit_card,False,False
T1000003357,C102202,Term Life,1700,semi-annual,2023-08-27,False,,False,False
T1000003358,C102202,Whole Life,9200,monthly,2020-12-02,False,,False,False
T1000003359,C102203,Term Life,2250,monthly,2024-10-27,False,,False,False
T1000003360,C102203,Term Life,1300,semi-annual,2024-09-28,False,,True,False
T1000003361,C102204,Whole Life,3550,monthly,2020-04-16,False,,False,True
T1000003362,C102205,Endowment,8600,quarterly,2023-06-10,False,,False,False
T1000003363,C102205,Personal Accident,650,monthly,2023-05-27,False,,True,False
T1000003364,C102206,Term Life,1850,quarterly,2024-09-01,False,,False,False
T1000003365,C102206,Health Rider,1800,monthly,2025-07-18,False,,False,False
T1000003366,C102206,Term Life,1300,quarterly,2024-06-18,False,,False,False
T1000003367,C102207,Endowment,7900,monthly,2025-10-16,False,,False,False
T1000003368,C102208,Whole Life,3300,annual,2016-01-27,True,credit_card,False,False
T1000003369,C102208,Health Rider,1300,monthly,2019-06-28,False,,False,False
T1000003370,C102209,Health Rider,1100,monthly,2022-12-09,True,credit_card,False,False
T1000003371,C102210,Unit Linked,10700,monthly,2021-05-15,True,credit_card,False,False
T1000003372,C102210,Unit Linked,5550,monthly,2022-04-24,False,,False,False
T1000003373,C102210,Term Life,2500,quarterly,2021-08-31,True,bank_debit,True,False
T1000003374,C102211,Whole Life,14650,monthly,2024-04-07,True,credit_card,False,False
T1000003375,C102211,Health Rider,1000,annual,2021-01-20,False,,False,False
T1000003376,C102212,Personal Accident,200,quarterly,2019-04-04,False,,False,False
T1000003377,C102213,Health Rider,800,annual,2022-06-02,False,,False,False
T1000003378,C102214,Health Rider,1650,monthly,2018-07-30,False,,True,False
T1000003379,C102215,Term Life,1000,monthly,2025-05-31,False,,False,False
T1000003380,C102216,Whole Life,3050,semi-annual,2025-05-10,False,,False,False
T1000003381,C102216,Unit Linked,14950,semi-annual,2025-01-13,True,credit_card,False,False
T1000003382,C102216,Health Rider,500,monthly,2025-05-01,True,bank_debit,True,False
T1000003383,C102217,Whole Life,3050,monthly,2024-10-28,False,,False,False
T1000003384,C102218,Term Life,950,monthly,2021-03-21,False,,False,False
T1000003385,C102218,Whole Life,6000,monthly,2024-11-13,False,,False,False
T1000003386,C102218,Whole Life,11350,annual,2024-01-22,False,,False,False
T1000003387,C102219,Term Life,800,monthly,2025-12-06,False,,False,False
T1000003388,C102220,Whole Life,5300,monthly,2020-10-24,False,,True,False
T1000003389,C102220,Unit Linked,17250,monthly,2023-02-28,True,credit_card,False,False
T1000003390,C102221,Unit Linked,5350,monthly,2024-07-01,True,credit_card,False,False
T1000003391,C102221,Whole Life,9750,monthly,2023-10-27,False,,False,False
T1000003392,C102221,Health Rider,300,monthly,2025-02-10,False,,False,False
T1000003393,C102222,Personal Accident,550,annual,2022-11-01,False,,False,False
T1000003394,C102222,Health Rider,1650,quarterly,2016-12-14,False,,False,False
T1000003395,C102223,Whole Life,14800,annual,2017-07-06,False,,False,False
T1000003396,C102223,Whole Life,8250,monthly,2022-12-19,False,,False,False
T1000003397,C102224,Unit Linked,7600,quarterly,2021-11-29,True,bank_debit,True,False
T1000003398,C102224,Health Rider,800,monthly,2022-06-25,False,,False,False
T1000003399,C102224,Whole Life,14650,annual,2024-01-12,False,,False,False
T1000003400,C102225,Whole Life,11800,monthly,2018-08-05,True,credit_card,False,True
T1000003401,C102225,Health Rider,500,monthly,2017-12-14,False,,False,False
T1000003402,C102226,Health Rider,350,quarterly,2024-04-19,False,,False,False
T1000003403,C102226,Term Life,2250,monthly,2024-06-08,True,bank_debit,True,False
T1000003404,C102227,Endowment,9600,annual,2020-01-22,False,,False,False
T1000003405,C102228,Health Rider,350,monthly,2022-01-06,True,credit_card,False,False
T1000003406,C102229,Endowment,6350,monthly,2024-02-07,True,credit_card,False,False
T1000003407,C102230,Endowment,8650,monthly,2022-06-23,False,,False,False
T1000003408,C102230,Personal Accident,200,quarterly,2023-05-11,False,,False,False
T1000003409,C102231,Whole Life,7250,semi-annual,2025-01-14,False,,False,False
T1000003410,C102231,Personal Accident,900,annual,2022-04-17,False,,False,False
T1000003411,C102232,Whole Life,12600,quarterly,2021-09-17,True,credit_card,False,False
T1000003412,C102232,Term Life,2350,monthly,2021-02-03,False,,False,False
T1000003413,C102233,Personal Accident,550,annual,2019-11-24,True,bank_debit,True,False
T1000003414,C102233,Whole Life,4450,monthly,2015-03-11,True,credit_card,False,False
T1000003415,C102233,Health Rider,1950,monthly,2019-08-04,True,bank_debit,True,False
T1000003416,C102234,Term Life,1700,annual,2024-08-08,False,,False,False
T1000003417,C102235,Health Rider,800,annual,2016-06-15,True,credit_card,False,False
T1000003418,C102235,Personal Accident,200,monthly,2020-04-19,False,,False,False
T1000003419,C102235,Unit Linked,4050,quarterly,2017-12-21,False,,False,False
T1000003420,C102236,Term Life,1900,semi-annual,2025-06-13,False,,False,False
T1000003421,C102237,Health Rider,1650,quarterly,2013-04-21,True,bank_debit,True,False
T1000003422,C102238,Health Rider,1800,quarterly,2023-10-22,False,,False,False
T1000003423,C102238,Personal Accident,600,annual,2023-11-17,True,credit_card,False,False
T1000003424,C102239,Health Rider,1600,semi-annual,2019-09-24,False,,False,False
T1000003425,C102240,Unit Linked,14850,monthly,2023-12-12,True,credit_card,False,False
T1000003426,C102240,Health Rider,1100,annual,2021-10-03,True,bank_debit,True,False
T1000003427,C102241,Personal Accident,950,quarterly,2021-06-30,False,,False,False
T1000003428,C102241,Term Life,2400,monthly,2021-08-12,True,bank_debit,True,False
T1000003429,C102242,Term Life,2350,monthly,2020-06-12,True,bank_debit,True,False
T1000003430,C102242,Health Rider,700,monthly,2023-09-13,True,bank_debit,True,False
T1000003431,C102243,Unit Linked,15300,monthly,2021-04-26,True,credit_card,False,False
T1000003432,C102244,Health Rider,1900,monthly,2020-07-19,False,,False,False
T1000003433,C102245,Endowment,8800,semi-annual,2023-05-22,False,,False,False
T1000003434,C102246,Personal Accident,650,quarterly,2020-09-16,True,bank_debit,True,False
T1000003435,C102247,Whole Life,10150,quarterly,2022-12-15,False,,False,False
T1000003436,C102248,Term Life,1450,monthly,2025-03-20,False,,False,False
T1000003437,C102249,Term Life,800,monthly,2025-05-30,False,,False,False
T1000003438,C102249,Health Rider,900,quarterly,2024-02-26,True,credit_card,False,False
T1000003439,C102250,Whole Life,2750,quarterly,2021-04-25,False,,False,False
T1000003440,C102250,Health Rider,1800,monthly,2021-04-23,False,,False,False
T1000003441,C102250,Whole Life,5100,monthly,2021-10-01,False,,False,False
T1000003442,C102251,Personal Accident,900,monthly,2022-12-13,False,,False,False
T1000003443,C102251,Endowment,10050,monthly,2020-09-08,False,,False,True
T1000003444,C102252,Health Rider,1550,monthly,2025-10-30,False,,False,False
T1000003445,C102253,Health Rider,750,monthly,2023-02-25,True,bank_debit,True,False
T1000003446,C102254,Health Rider,1700,monthly,2014-06-24,False,,False,False
T1000003447,C102255,Health Rider,800,semi-annual,2021-02-01,False,,False,False
T1000003448,C102256,Unit Linked,6250,monthly,2023-11-03,False,,False,False
T1000003449,C102257,Term Life,500,monthly,2025-06-17,False,,False,False
T1000003450,C102257,Personal Accident,650,monthly,2024-11-25,True,credit_card,False,False
T1000003451,C102257,Whole Life,14700,quarterly,2024-11-08,False,,False,False
T1000003452,C102258,Term Life,1400,annual,2024-01-02,False,,False,False
T1000003453,C102258,Unit Linked,6650,monthly,2020-06-05,False,,False,False
T1000003454,C102259,Endowment,7350,monthly,2025-10-18,True,bank_debit,True,False
T1000003455,C102260,Unit Linked,3600,monthly,2016-03-17,False,,False,False
T1000003456,C102260,Whole Life,6450,monthly,2017-08-14,False,,False,False
T1000003457,C102261,Endowment,9550,monthly,2021-07-27,False,,False,False
T1000003458,C102261,Health Rider,1300,monthly,2024-01-25,True,bank_debit,True,False
T1000003459,C102261,Endowment,10500,quarterly,2022-09-29,False,,False,False
T1000003460,C102262,Personal Accident,550,quarterly,2018-10-29,False,,False,False
T1000003461,C102263,Unit Linked,7200,annual,2025-10-26,False,,True,False
T1000003462,C102263,Term Life,2850,semi-annual,2025-11-30,False,,True,False
T1000003463,C102264,Term Life,1100,monthly,2023-07-13,False,,False,False
T1000003464,C102265,Endowment,8300,quarterly,2019-06-11,False,,False,False
T1000003465,C102266,Health Rider,400,annual,2021-06-23,True,bank_debit,True,False
T1000003466,C102266,Unit Linked,7800,annual,2024-01-07,True,bank_debit,True,False
T1000003467,C102267,Unit Linked,15600,quarterly,2025-07-11,False,,False,False
T1000003468,C102268,Whole Life,4500,quarterly,2020-05-30,False,,True,False
T1000003469,C102268,Term Life,1150,semi-annual,2019-12-04,False,,False,False
T1000003470,C102269,Endowment,11750,quarterly,2019-02-25,True,bank_debit,True,False
T1000003471,C102270,Personal Accident,1000,annual,2017-08-07,False,,True,False
T1000003472,C102270,Health Rider,1550,semi-annual,2018-12-03,False,,False,False
T1000003473,C102271,Personal Accident,550,monthly,2016-04-01,False,,False,False
T1000003474,C102271,Personal Accident,750,semi-annual,2017-11-12,False,,False,False
T1000003475,C102272,Endowment,9550,monthly,2021-08-29,True,credit_card,True,False
T1000003476,C102272,Term Life,2400,monthly,2023-08-09,False,,False,False
T1000003477,C102273,Health Rider,1600,semi-annual,2024-06-18,True,bank_debit,True,False
T1000003478,C102273,Endowment,8000,annual,2023-12-07,True,credit_card,False,False
T1000003479,C102274,Endowment,3700,annual,2025-01-12,False,,False,False
T1000003480,C102274,Unit Linked,8950,semi-annual,2025-07-25,False,,False,False
T1000003481,C102275,Whole Life,12700,monthly,2019-11-18,False,,False,True
T1000003482,C102276,Health Rider,1000,monthly,2025-01-20,False,,False,False
T1000003483,C102277,Term Life,950,quarterly,2019-12-27,True,credit_card,False,False
T1000003484,C102277,Term Life,1200,monthly,2013-08-08,False,,False,False
T1000003485,C102278,Unit Linked,9800,monthly,2017-06-02,True,bank_debit,True,False
T1000003486,C102279,Health Rider,1300,monthly,2020-09-20,False,,False,False
T1000003487,C102280,Endowment,3350,annual,2021-08-12,False,,False,True
T1000003488,C102280,Personal Accident,700,annual,2022-03-13,False,,False,False
T1000003489,C102280,Whole Life,6600,annual,2021-07-13,False,,False,False
T1000003490,C102281,Unit Linked,12050,semi-annual,2022-04-19,True,bank_debit,True,False
T1000003491,C102282,Endowment,6000,annual,2023-12-19,False,,False,False
T1000003492,C102283,Term Life,2550,annual,2021-12-29,False,,True,False
T1000003493,C102283,Term Life,2000,monthly,2021-05-14,False,,False,False
T1000003494,C102283,Term Life,2500,monthly,2020-10-20,False,,False,False
T1000003495,C102284,Whole Life,10200,monthly,2023-04-09,False,,False,False
T1000003496,C102285,Endowment,11050,monthly,2021-08-05,True,credit_card,False,False
T1000003497,C102285,Personal Accident,700,quarterly,2023-11-18,False,,False,False
T1000003498,C102286,Whole Life,2350,monthly,2024-10-03,True,credit_card,False,False
T1000003499,C102287,Term Life,1200,quarterly,2016-10-17,False,,False,False
T1000003500,C102288,Health Rider,1150,monthly,2020-03-11,False,,False,False
T1000003501,C102288,Health Rider,700,monthly,2019-12-27,False,,False,False
T1000003502,C102289,Unit Linked,8050,semi-annual,2020-05-11,False,,False,False
T1000003503,C102290,Endowment,11800,annual,2021-06-30,False,,True,False
T1000003504,C102290,Whole Life,10750,monthly,2024-11-05,False,,False,False
T1000003505,C102291,Unit Linked,10800,annual,2023-11-12,True,bank_debit,True,False
T1000003506,C102292,Personal Accident,300,semi-annual,2017-01-03,False,,False,False
T1000003507,C102293,Health Rider,1300,annual,2018-06-18,False,,False,False
T1000003508,C102294,Endowment,11550,monthly,2021-11-17,True,credit_card,False,False
T1000003509,C102295,Whole Life,6200,monthly,2020-08-15,False,,False,False
T1000003510,C102296,Term Life,2300,quarterly,2021-09-02,False,,True,False
T1000003511,C102296,Health Rider,1550,monthly,2021-07-17,False,,False,False
T1000003512,C102297,Health Rider,1500,monthly,2022-02-02,False,,False,False
T1000003513,C102298,Health Rider,1500,monthly,2020-11-24,False,,False,False
T1000003514,C102299,Term Life,1000,annual,2023-04-06,False,,False,False
T1000003515,C102300,Health Rider,1800,monthly,2020-07-23,True,credit_card,True,False
T1000003516,C102301,Term Life,2550,monthly,2021-07-28,True,bank_debit,True,False
T1000003517,C102302,Term Life,2500,monthly,2019-05-14,False,,False,False
T1000003518,C102302,Term Life,1750,annual,2013-11-07,True,credit_card,False,False
T1000003519,C102303,Term Life,1750,annual,2025-02-06,False,,False,False
T1000003520,C102303,Unit Linked,11450,quarterly,2024-12-14,False,,False,False
T1000003521,C102304,Health Rider,1300,monthly,2017-05-21,False,,False,False
T1000003522,C102304,Whole Life,12850,monthly,2018-09-09,False,,False,False
T1000003523,C102305,Health Rider,600,monthly,2015-10-20,True,bank_debit,True,False
T1000003524,C102306,Personal Accident,350,quarterly,2022-10-11,False,,False,False
T1000003525,C102307,Endowment,9850,annual,2022-05-28,False,,False,False
T1000003526,C102307,Health Rider,1350,annual,2022-02-23,False,,False,False
T1000003527,C102308,Whole Life,6650,annual,2025-06-04,True,credit_card,False,False
T1000003528,C102309,Term Life,700,annual,2015-06-25,False,,False,False
T1000003529,C102309,Unit Linked,9850,annual,2016-12-09,False,,False,False
T1000003530,C102310,Whole Life,11850,semi-annual,2024-10-12,False,,False,False
T1000003531,C102310,Health Rider,1500,monthly,2022-10-22,True,bank_debit,True,False
T1000003532,C102310,Personal Accident,950,monthly,2023-01-04,True,credit_card,False,False
T1000003533,C102311,Term Life,800,annual,2020-01-09,False,,False,False
T1000003534,C102312,Term Life,900,monthly,2024-02-11,False,,False,False
T1000003535,C102312,Personal Accident,200,quarterly,2023-11-18,False,,False,False
T1000003536,C102313,Endowment,9850,monthly,2017-03-04,True,credit_card,False,False
T1000003537,C102314,Health Rider,450,semi-annual,2014-11-08,False,,False,False
T1000003538,C102315,Personal Accident,300,monthly,2023-08-27,False,,False,False
T1000003539,C102316,Endowment,6700,monthly,2024-04-07,False,,False,False
T1000003540,C102316,Whole Life,13900,monthly,2024-12-12,True,credit_card,False,False
T1000003541,C102317,Whole Life,4500,quarterly,2021-06-13,False,,False,False
T1000003542,C102318,Health Rider,1200,monthly,2023-01-25,False,,False,False
T1000003543,C102318,Health Rider,1750,monthly,2024-03-30,True,bank_debit,True,False
T1000003544,C102319,Health Rider,350,quarterly,2025-02-01,False,,False,False
T1000003545,C102319,Health Rider,950,annual,2023-11-23,False,,False,False
T1000003546,C102320,Term Life,2350,annual,2025-11-12,False,,False,False
T1000003547,C102321,Personal Accident,650,annual,2022-11-18,True,credit_card,False,False
T1000003548,C102322,Term Life,1600,quarterly,2025-05-04,False,,False,False
T1000003549,C102322,Endowment,11300,quarterly,2025-02-01,True,bank_debit,True,False
T1000003550,C102323,Health Rider,1850,quarterly,2024-07-25,False,,False,False
T1000003551,C102324,Health Rider,600,quarterly,2017-01-22,True,bank_debit,True,False
T1000003552,C102324,Health Rider,1200,monthly,2019-06-28,False,,False,False
T1000003553,C102325,Whole Life,13400,semi-annual,2023-10-08,True,credit_card,True,False
T1000003554,C102326,Endowment,9050,annual,2022-10-12,False,,False,False
T1000003555,C102326,Health Rider,350,annual,2020-12-06,False,,True,False
T1000003556,C102326,Unit Linked,5750,quarterly,2023-04-06,False,,False,False
T1000003557,C102327,Unit Linked,13950,monthly,2021-12-27,False,,False,False
T1000003558,C102328,Term Life,2500,annual,2022-03-28,False,,False,False
T1000003559,C102329,Health Rider,1200,monthly,2015-09-19,True,credit_card,False,False
T1000003560,C102329,Health Rider,700,annual,2013-01-14,False,,False,False
T1000003561,C102330,Term Life,1350,annual,2023-09-05,True,bank_debit,True,False
T1000003562,C102331,Term Life,2050,annual,2018-06-27,True,bank_debit,True,False
T1000003563,C102332,Term Life,2550,annual,2025-10-19,True,credit_card,False,False
T1000003564,C102333,Term Life,1100,monthly,2022-04-21,False,,False,False
T1000003565,C102333,Term Life,2000,monthly,2023-03-17,True,bank_debit,True,False
T1000003566,C102334,Personal Accident,400,monthly,2021-12-27,True,bank_debit,True,False
T1000003567,C102335,Endowment,4250,monthly,2017-10-27,False,,False,False
T1000003568,C102336,Whole Life,7600,monthly,2024-06-12,False,,False,False
T1000003569,C102337,Whole Life,8200,annual,2020-06-21,True,bank_debit,True,False
T1000003570,C102338,Endowment,6050,quarterly,2016-10-02,False,,False,False
T1000003571,C102338,Term Life,2550,semi-annual,2018-10-19,False,,False,False
T1000003572,C102338,Unit Linked,13500,quarterly,2023-08-19,False,,True,False
T1000003573,C102339,Whole Life,8200,quarterly,2024-10-05,True,bank_debit,True,False
T1000003574,C102340,Personal Accident,600,annual,2019-08-18,True,bank_debit,True,False
T1000003575,C102341,Term Life,2800,monthly,2024-03-03,False,,False,False
T1000003576,C102342,Unit Linked,8750,annual,2021-06-04,True,credit_card,False,False
T1000003577,C102343,Personal Accident,650,annual,2024-03-13,False,,False,False
T1000003578,C102343,Term Life,1100,annual,2023-03-04,False,,False,False
T1000003579,C102343,Health Rider,850,semi-annual,2021-10-26,False,,False,False
T1000003580,C102344,Health Rider,800,monthly,2024-01-14,False,,False,False
T1000003581,C102345,Whole Life,9300,annual,2022-10-25,False,,False,False
T1000003582,C102345,Unit Linked,17700,annual,2023-05-13,True,credit_card,False,False
T1000003583,C102346,Personal Accident,1000,monthly,2019-12-02,True,bank_debit,True,False
T1000003584,C102347,Health Rider,500,monthly,2025-07-08,True,bank_debit,True,False
T1000003585,C102347,Unit Linked,8650,quarterly,2024-05-07,True,credit_card,True,False
T1000003586,C102348,Health Rider,1950,annual,2020-10-22,False,,False,False
T1000003587,C102349,Personal Accident,200,quarterly,2021-11-27,False,,False,False
T1000003588,C102350,Term Life,900,annual,2021-04-16,True,credit_card,False,False
T1000003589,C102351,Term Life,550,semi-annual,2023-12-15,False,,False,False
T1000003590,C102352,Unit Linked,7850,semi-annual,2023-11-10,False,,False,False
T1000003591,C102352,Unit Linked,12850,monthly,2024-05-06,True,bank_debit,True,False
T1000003592,C102352,Endowment,3550,quarterly,2023-12-07,False,,False,False
T1000003593,C102353,Health Rider,1250,monthly,2023-03-27,True,credit_card,False,False
T1000003594,C102353,Unit Linked,19000,monthly,2024-03-06,True,bank_debit,True,False
T1000003595,C102354,Whole Life,14050,quarterly,2020-04-19,False,,False,False
T1000003596,C102355,Endowment,10700,semi-annual,2024-05-15,False,,False,False
T1000003597,C102356,Personal Accident,350,monthly,2019-03-26,False,,False,False
T1000003598,C102356,Health Rider,1000,annual,2012-02-22,False,,False,False
T1000003599,C102357,Health Rider,700,quarterly,2015-07-08,False,,False,False
T1000003600,C102358,Term Life,2050,annual,2019-07-13,False,,False,False
T1000003601,C102359,Whole Life,5350,semi-annual,2015-02-27,False,,False,False
T1000003602,C102359,Health Rider,1050,quarterly,2014-03-30,False,,False,False
T1000003603,C102360,Term Life,950,semi-annual,2025-09-22,False,,False,False
T1000003604,C102361,Health Rider,1050,quarterly,2025-10-24,True,bank_debit,True,False
T1000003605,C102362,Health Rider,400,monthly,2023-02-18,False,,False,False
T1000003606,C102363,Health Rider,1000,monthly,2025-09-10,True,bank_debit,True,False
T1000003607,C102364,Term Life,2050,monthly,2023-03-24,True,credit_card,False,False
T1000003608,C102364,Unit Linked,15100,monthly,2024-01-01,False,,False,False
T1000003609,C102365,Health Rider,800,monthly,2022-02-21,True,credit_card,True,False
T1000003610,C102365,Endowment,3250,annual,2021-05-21,True,bank_debit,True,True
T1000003611,C102366,Whole Life,14300,semi-annual,2018-05-26,False,,False,False
T1000003612,C102366,Whole Life,10700,quarterly,2021-03-28,True,credit_card,False,True
T1000003613,C102366,Whole Life,10650,annual,2019-08-30,False,,False,True
T1000003614,C102367,Whole Life,3100,annual,2024-08-24,False,,False,False
T1000003615,C102368,Health Rider,500,monthly,2018-04-06,False,,False,False
T1000003616,C102368,Term Life,2050,quarterly,2023-12-01,False,,False,False
T1000003617,C102369,Term Life,1700,semi-annual,2020-03-26,False,,False,False
T1000003618,C102369,Term Life,1700,annual,2019-05-27,False,,False,False
T1000003619,C102369,Personal Accident,350,monthly,2022-04-13,False,,True,False
T1000003620,C102370,Term Life,2450,semi-annual,2023-11-21,True,credit_card,False,False
T1000003621,C102370,Whole Life,14900,semi-annual,2021-09-18,True,credit_card,False,False
T1000003622,C102371,Health Rider,600,quarterly,2023-12-02,False,,False,False
T1000003623,C102371,Health Rider,1050,quarterly,2022-05-30,False,,False,False
T1000003624,C102371,Term Life,1850,annual,2022-04-03,False,,False,False
T1000003625,C102372,Unit Linked,10400,quarterly,2015-09-05,True,credit_card,True,False
T1000003626,C102372,Health Rider,650,quarterly,2020-12-01,False,,False,False
T1000003627,C102372,Term Life,1700,annual,2022-05-07,False,,False,False
T1000003628,C102373,Health Rider,800,monthly,2020-03-05,True,credit_card,True,False
T1000003629,C102373,Endowment,8000,monthly,2022-01-08,True,bank_debit,True,False
T1000003630,C102374,Personal Accident,450,monthly,2013-03-07,False,,False,False
T1000003631,C102374,Health Rider,950,quarterly,2013-11-06,False,,False,False
T1000003632,C102374,Personal Accident,500,annual,2019-08-19,False,,False,False
T1000003633,C102375,Endowment,9500,annual,2023-05-25,False,,False,False
T1000003634,C102375,Unit Linked,18100,monthly,2025-01-08,True,credit_card,False,False
T1000003635,C102376,Term Life,600,monthly,2019-05-31,True,credit_card,False,False
T1000003636,C102377,Unit Linked,9750,annual,2022-03-24,True,bank_debit,True,False
T1000003637,C102377,Term Life,1950,quarterly,2020-07-14,False,,False,False
T1000003638,C102377,Term Life,2300,monthly,2024-04-02,False,,False,False
T1000003639,C102378,Whole Life,8250,quarterly,2024-10-15,False,,False,False
T1000003640,C102378,Whole Life,13200,quarterly,2020-09-01,True,bank_debit,True,False
T1000003641,C102379,Personal Accident,850,semi-annual,2018-03-25,True,credit_card,False,False
T1000003642,C102380,Endowment,5150,monthly,2024-05-12,False,,True,False
T1000003643,C102381,Health Rider,1150,monthly,2025-10-10,True,bank_debit,True,False
T1000003644,C102382,Personal Accident,800,quarterly,2025-10-20,True,bank_debit,True,False
T1000003645,C102382,Term Life,1700,annual,2025-10-02,True,credit_card,False,False
T1000003646,C102383,Term Life,2650,semi-annual,2016-09-05,True,bank_debit,True,False
T1000003647,C102384,Term Life,650,semi-annual,2014-10-15,False,,True,False
T1000003648,C102385,Whole Life,6500,monthly,2022-11-07,True,bank_debit,True,True
T1000003649,C102386,Endowment,10850,annual,2020-09-09,True,bank_debit,True,False
T1000003650,C102387,Health Rider,1400,annual,2024-12-09,False,,False,False
T1000003651,C102387,Whole Life,6750,quarterly,2025-04-26,False,,False,False
T1000003652,C102387,Unit Linked,17650,monthly,2024-04-25,False,,False,False
T1000003653,C102388,Endowment,7550,annual,2023-09-22,False,,False,False
T1000003654,C102389,Term Life,2150,monthly,2021-01-22,True,credit_card,False,False
T1000003655,C102390,Whole Life,3300,semi-annual,2025-04-15,False,,False,False
T1000003656,C102391,Whole Life,8150,annual,2013-02-03,True,credit_card,False,False
T1000003657,C102391,Term Life,1050,quarterly,2021-05-15,False,,False,False
T1000003658,C102392,Personal Accident,650,semi-annual,2020-10-08,False,,False,False
T1000003659,C102392,Whole Life,9900,monthly,2019-04-22,True,bank_debit,True,False
T1000003660,C102393,Health Rider,600,monthly,2023-07-05,True,bank_debit,True,False
T1000003661,C102394,Whole Life,5850,annual,2024-08-23,True,credit_card,False,False
T1000003662,C102395,Whole Life,13650,semi-annual,2025-03-24,True,credit_card,False,False
T1000003663,C102395,Personal Accident,300,quarterly,2025-06-26,False,,False,False
T1000003664,C102395,Unit Linked,6800,annual,2024-10-05,True,bank_debit,True,False
T1000003665,C102396,Unit Linked,15600,monthly,2022-11-25,False,,False,False
T1000003666,C102396,Endowment,8250,annual,2023-02-15,True,bank_debit,True,False
T1000003667,C102397,Health Rider,1450,annual,2021-06-20,True,bank_debit,True,False
T1000003668,C102397,Term Life,2150,annual,2021-12-26,False,,False,False
T1000003669,C102398,Unit Linked,15400,annual,2020-08-15,False,,False,False
T1000003670,C102399,Health Rider,1550,quarterly,2024-01-04,False,,False,False
T1000003671,C102399,Term Life,1350,monthly,2023-10-31,False,,False,False
T1000003672,C102399,Unit Linked,8150,semi-annual,2018-10-28,False,,False,False
T1000003673,C102400,Term Life,700,annual,2022-02-13,True,bank_debit,True,False
T1000003674,C102400,Health Rider,1600,semi-annual,2024-11-14,False,,False,False
T1000003675,C102401,Unit Linked,3750,monthly,2023-09-18,True,credit_card,False,False
T1000003676,C102402,Personal Accident,750,monthly,2025-03-04,False,,False,False
T1000003677,C102402,Unit Linked,7150,semi-annual,2025-02-13,False,,False,False
T1000003678,C102402,Term Life,2600,monthly,2025-02-20,False,,False,False
T1000003679,C102403,Term Life,850,monthly,2017-06-09,False,,False,False
T1000003680,C102403,Health Rider,1200,quarterly,2016-10-19,False,,False,False
T1000003681,C102404,Whole Life,6400,monthly,2020-05-15,True,credit_card,False,False
T1000003682,C102404,Endowment,4500,monthly,2020-03-25,True,bank_debit,True,False
T1000003683,C102405,Health Rider,850,monthly,2023-04-16,False,,False,False
T1000003684,C102405,Whole Life,11750,annual,2019-09-30,False,,False,False
T1000003685,C102406,Health Rider,1200,quarterly,2024-03-26,True,bank_debit,True,False
T1000003686,C102407,Personal Accident,350,quarterly,2024-06-11,True,bank_debit,True,False
T1000003687,C102408,Personal Accident,350,monthly,2025-08-12,False,,False,False
T1000003688,C102409,Endowment,5250,monthly,2023-12-28,False,,False,False
T1000003689,C102410,Term Life,1950,monthly,2025-04-25,False,,False,False
T1000003690,C102411,Term Life,1100,monthly,2023-07-06,False,,False,False
T1000003691,C102412,Endowment,9350,annual,2023-10-19,True,bank_debit,True,False
T1000003692,C102412,Unit Linked,17950,annual,2022-06-15,False,,False,False
T1000003693,C102412,Health Rider,1800,semi-annual,2024-05-30,True,credit_card,True,False
T1000003694,C102413,Term Life,2050,annual,2020-03-04,True,credit_card,False,False
T1000003695,C102414,Whole Life,8300,semi-annual,2025-11-10,True,bank_debit,True,False
T1000003696,C102414,Health Rider,700,quarterly,2025-10-26,True,bank_debit,True,False
T1000003697,C102415,Whole Life,5000,monthly,2022-05-02,False,,True,False
T1000003698,C102416,Whole Life,5250,monthly,2022-09-24,False,,False,False
T1000003699,C102417,Health Rider,350,monthly,2023-05-07,True,credit_card,False,False
T1000003700,C102418,Health Rider,1300,semi-annual,2024-01-06,True,credit_card,False,False
T1000003701,C102419,Unit Linked,10050,semi-annual,2021-01-04,False,,False,False
T1000003702,C102420,Health Rider,400,monthly,2021-06-11,True,credit_card,False,False
T1000003703,C102421,Endowment,3400,quarterly,2024-06-13,False,,False,False
T1000003704,C102421,Personal Accident,800,semi-annual,2024-04-23,False,,False,False
T1000003705,C102422,Health Rider,700,annual,2021-06-21,True,bank_debit,True,False
T1000003706,C102423,Endowment,8250,monthly,2023-11-01,True,bank_debit,True,False
T1000003707,C102424,Personal Accident,650,quarterly,2023-06-09,False,,False,False
T1000003708,C102425,Personal Accident,750,quarterly,2021-03-16,True,bank_debit,True,False
T1000003709,C102426,Endowment,5300,monthly,2024-06-01,True,bank_debit,True,False
T1000003710,C102427,Term Life,1450,annual,2017-02-04,False,,False,False
T1000003711,C102428,Health Rider,950,quarterly,2023-06-21,True,credit_card,False,False
T1000003712,C102428,Term Life,600,semi-annual,2019-11-14,False,,False,False
T1000003713,C102429,Unit Linked,5050,monthly,2024-06-08,False,,False,False
T1000003714,C102429,Health Rider,800,monthly,2024-04-19,False,,False,False
T1000003715,C102430,Health Rider,1800,quarterly,2021-01-23,False,,False,False
T1000003716,C102430,Whole Life,6250,monthly,2024-01-16,True,credit_card,False,False
T1000003717,C102431,Term Life,1350,annual,2025-03-28,True,credit_card,False,False
T1000003718,C102431,Whole Life,11950,quarterly,2024-08-06,False,,True,False
T1000003719,C102432,Whole Life,8000,monthly,2025-04-19,True,bank_debit,True,False
T1000003720,C102433,Health Rider,1300,annual,2025-06-08,False,,False,False
T1000003721,C102434,Whole Life,4250,monthly,2024-02-05,True,bank_debit,True,False
T1000003722,C102435,Health Rider,750,annual,2015-09-15,False,,False,False
T1000003723,C102435,Personal Accident,850,annual,2023-06-10,False,,False,False
T1000003724,C102436,Term Life,750,semi-annual,2023-10-08,False,,False,False
T1000003725,C102437,Personal Accident,500,annual,2019-07-23,True,credit_card,False,False
T1000003726,C102438,Endowment,4700,annual,2022-04-23,False,,False,False
T1000003727,C102438,Endowment,8450,quarterly,2024-02-22,False,,False,False
T1000003728,C102438,Endowment,6750,quarterly,2024-07-14,False,,True,False
T1000003729,C102439,Whole Life,12200,monthly,2018-07-02,True,credit_card,False,False
T1000003730,C102440,Endowment,7950,annual,2024-12-26,True,bank_debit,True,False
T1000003731,C102441,Personal Accident,350,monthly,2018-12-02,True,bank_debit,True,False
T1000003732,C102441,Unit Linked,3250,quarterly,2024-05-17,True,credit_card,True,False
T1000003733,C102441,Term Life,2850,monthly,2019-03-02,False,,False,False
T1000003734,C102442,Unit Linked,17100,semi-annual,2020-07-05,True,credit_card,False,False
T1000003735,C102443,Unit Linked,18050,monthly,2015-07-20,False,,False,False
T1000003736,C102444,Term Life,2000,monthly,2023-08-10,True,bank_debit,True,False
T1000003737,C102445,Unit Linked,4450,monthly,2023-12-09,False,,False,False
T1000003738,C102446,Term Life,2450,annual,2018-11-30,False,,False,False
T1000003739,C102446,Whole Life,12000,monthly,2021-08-01,True,bank_debit,True,False
T1000003740,C102446,Term Life,600,quarterly,2023-04-13,False,,False,False
T1000003741,C102447,Unit Linked,5500,semi-annual,2017-11-23,True,bank_debit,True,False
T1000003742,C102447,Personal Accident,500,quarterly,2021-10-15,False,,False,False
T1000003743,C102448,Health Rider,400,monthly,2025-08-09,True,bank_debit,True,False
T1000003744,C102449,Health Rider,1950,monthly,2023-06-29,True,credit_card,False,False
T1000003745,C102450,Unit Linked,8350,monthly,2022-05-20,False,,False,False
T1000003746,C102451,Whole Life,6600,semi-annual,2024-05-31,False,,False,False
T1000003747,C102451,Health Rider,900,monthly,2021-02-19,False,,False,False
T1000003748,C102452,Personal Accident,500,semi-annual,2024-04-22,False,,False,False
T1000003749,C102453,Term Life,850,quarterly,2025-07-16,False,,False,False
T1000003750,C102454,Whole Life,14300,semi-annual,2019-12-28,True,credit_card,False,False
T1000003751,C102454,Whole Life,5550,quarterly,2022-03-17,True,bank_debit,True,False
T1000003752,C102455,Whole Life,5500,monthly,2025-08-10,True,credit_card,False,False
T1000003753,C102455,Whole Life,14450,annual,2025-07-19,False,,False,False
T1000003754,C102456,Health Rider,1300,quarterly,2019-12-17,False,,False,False
T1000003755,C102456,Whole Life,11100,annual,2024-09-17,True,credit_card,False,False
T1000003756,C102456,Health Rider,1950,monthly,2021-06-01,False,,False,False
T1000003757,C102457,Endowment,8850,semi-annual,2018-08-30,False,,False,False
T1000003758,C102457,Endowment,8350,semi-annual,2016-10-30,True,credit_card,False,False
T1000003759,C102458,Unit Linked,18450,monthly,2021-02-07,False,,False,False
T1000003760,C102459,Health Rider,550,monthly,2025-02-01,False,,False,False
T1000003761,C102459,Health Rider,700,quarterly,2024-06-16,True,bank_debit,True,False
T1000003762,C102460,Endowment,3900,quarterly,2025-04-14,True,bank_debit,True,False
T1000003763,C102460,Term Life,2850,semi-annual,2024-12-14,True,credit_card,False,False
T1000003764,C102460,Unit Linked,9000,semi-annual,2025-01-04,False,,False,False
T1000003765,C102461,Unit Linked,15650,monthly,2024-02-14,False,,False,False
T1000003766,C102462,Whole Life,13550,annual,2024-02-27,False,,False,False
T1000003767,C102463,Unit Linked,15700,annual,2020-04-19,True,bank_debit,True,False
T1000003768,C102464,Term Life,950,monthly,2025-06-08,True,bank_debit,True,False
T1000003769,C102464,Health Rider,500,semi-annual,2025-05-06,False,,False,False
T1000003770,C102464,Endowment,8650,quarterly,2025-02-24,True,bank_debit,True,False
T1000003771,C102465,Whole Life,11400,monthly,2022-02-26,False,,False,True
T1000003772,C102465,Endowment,10650,quarterly,2020-04-17,False,,False,True
T1000003773,C102465,Whole Life,13250,quarterly,2016-02-24,False,,False,False
T1000003774,C102466,Whole Life,13800,quarterly,2024-07-05,True,bank_debit,True,False
T1000003775,C102466,Endowment,3250,monthly,2019-05-28,False,,False,True
T1000003776,C102467,Health Rider,1500,monthly,2018-02-24,False,,False,False
T1000003777,C102468,Term Life,2900,annual,2016-12-28,False,,False,False
T1000003778,C102468,Term Life,1300,annual,2016-07-18,False,,False,False
T1000003779,C102468,Whole Life,3000,monthly,2013-06-30,True,bank_debit,True,False
T1000003780,C102469,Personal Accident,450,semi-annual,2021-07-19,False,,False,False
T1000003781,C102470,Whole Life,5350,annual,2022-10-21,True,bank_debit,True,True
T1000003782,C102471,Term Life,1400,annual,2023-09-14,True,bank_debit,True,False
T1000003783,C102471,Personal Accident,500,annual,2023-08-09,False,,False,False
T1000003784,C102472,Health Rider,1250,monthly,2021-01-15,True,bank_debit,True,False
T1000003785,C102472,Endowment,8100,annual,2022-01-30,False,,True,False
T1000003786,C102473,Endowment,4150,annual,2019-12-26,False,,False,False
T1000003787,C102473,Whole Life,14850,monthly,2022-02-24,True,bank_debit,True,True
T1000003788,C102474,Term Life,2800,quarterly,2024-06-25,True,bank_debit,True,False
T1000003789,C102475,Unit Linked,11600,monthly,2025-10-11,False,,False,False
T1000003790,C102476,Unit Linked,6450,monthly,2024-04-20,False,,False,False
T1000003791,C102477,Personal Accident,800,annual,2021-12-26,True,bank_debit,True,False
T1000003792,C102478,Health Rider,2000,semi-annual,2019-10-26,False,,False,False
T1000003793,C102478,Term Life,2350,semi-annual,2021-04-06,False,,False,False
T1000003794,C102479,Personal Accident,800,semi-annual,2022-12-01,True,bank_debit,True,False
T1000003795,C102480,Whole Life,3950,monthly,2019-06-08,True,credit_card,False,False
T1000003796,C102481,Personal Accident,600,annual,2022-08-18,True,bank_debit,True,False
T1000003797,C102482,Personal Accident,950,quarterly,2015-02-25,True,credit_card,False,False
T1000003798,C102482,Unit Linked,6800,quarterly,2019-04-10,False,,False,False
T1000003799,C102483,Term Life,1300,monthly,2020-01-24,True,bank_debit,True,False
T1000003800,C102483,Term Life,1850,quarterly,2022-12-16,True,credit_card,False,False
T1000003801,C102484,Whole Life,3200,annual,2019-08-03,True,bank_debit,True,False
T1000003802,C102485,Term Life,900,quarterly,2020-03-15,True,credit_card,False,False
T1000003803,C102486,Health Rider,1850,monthly,2022-10-18,False,,False,False
T1000003804,C102486,Term Life,1700,monthly,2023-11-06,False,,False,False
T1000003805,C102486,Health Rider,1900,annual,2019-12-09,False,,False,False
T1000003806,C102487,Whole Life,14250,semi-annual,2021-10-18,False,,False,False
T1000003807,C102488,Term Life,2650,annual,2023-02-17,True,bank_debit,True,False
T1000003808,C102489,Health Rider,1150,annual,2020-01-01,False,,False,False
T1000003809,C102490,Unit Linked,8400,monthly,2022-06-11,False,,False,False
T1000003810,C102490,Endowment,4400,monthly,2021-08-29,False,,False,False
T1000003811,C102490,Personal Accident,250,annual,2023-10-10,False,,False,False
T1000003812,C102491,Whole Life,14200,quarterly,2021-08-21,False,,False,True
T1000003813,C102491,Term Life,2250,semi-annual,2020-09-26,False,,False,False
T1000003814,C102492,Term Life,700,monthly,2022-10-22,False,,False,False
T1000003815,C102493,Term Life,2000,monthly,2022-02-19,False,,False,False
T1000003816,C102494,Whole Life,14250,monthly,2025-11-30,False,,False,False
T1000003817,C102495,Health Rider,1150,quarterly,2017-12-29,True,bank_debit,True,False
T1000003818,C102496,Term Life,1900,semi-annual,2020-03-01,False,,False,False
T1000003819,C102497,Personal Accident,400,quarterly,2019-08-21,False,,False,False
T1000003820,C102498,Unit Linked,18700,monthly,2015-06-23,True,bank_debit,True,False
T1000003821,C102499,Whole Life,9550,monthly,2023-05-22,False,,False,False
T1000003822,C102500,Term Life,1850,annual,2016-02-08,False,,False,False
T1000003823,C102501,Health Rider,950,monthly,2025-06-12,False,,False,False
T1000003824,C102502,Whole Life,8450,monthly,2015-08-18,False,,False,False
T1000003825,C102502,Term Life,2150,annual,2013-06-04,False,,False,False
T1000003826,C102503,Whole Life,3950,annual,2023-04-07,False,,False,False
T1000003827,C102504,Health Rider,1550,quarterly,2023-07-02,False,,False,False
T1000003828,C102504,Whole Life,4950,annual,2023-12-25,True,credit_card,False,False
T1000003829,C102505,Endowment,11700,semi-annual,2022-04-03,False,,False,False
T1000003830,C102505,Unit Linked,10100,monthly,2017-03-26,True,credit_card,False,False
T1000003831,C102505,Whole Life,2950,annual,2018-09-18,False,,False,False
T1000003832,C102506,Health Rider,900,monthly,2023-10-07,False,,False,False
T1000003833,C102506,Whole Life,13200,annual,2024-08-10,True,bank_debit,True,False
T1000003834,C102506,Term Life,1750,quarterly,2024-05-13,True,bank_debit,True,False
T1000003835,C102507,Personal Accident,400,annual,2022-04-04,True,credit_card,False,False
T1000003836,C102508,Health Rider,800,monthly,2018-09-24,True,bank_debit,True,False
T1000003837,C102509,Personal Accident,700,annual,2025-10-24,True,bank_debit,True,False
T1000003838,C102509,Health Rider,1050,quarterly,2025-11-24,True,bank_debit,True,False
T1000003839,C102510,Endowment,11000,semi-annual,2018-02-28,False,,False,False
T1000003840,C102511,Term Life,550,annual,2018-03-05,False,,False,False
T1000003841,C102512,Whole Life,3000,monthly,2012-01-18,True,credit_card,False,False
T1000003842,C102513,Whole Life,2950,quarterly,2025-07-11,True,bank_debit,True,False
T1000003843,C102513,Whole Life,5450,semi-annual,2025-07-10,True,credit_card,False,False
T1000003844,C102514,Health Rider,1150,semi-annual,2022-06-17,False,,False,False
T1000003845,C102514,Whole Life,3800,semi-annual,2018-12-02,True,bank_debit,True,False
T1000003846,C102515,Health Rider,650,monthly,2024-07-03,False,,False,False
T1000003847,C102516,Unit Linked,12800,monthly,2024-08-17,False,,False,False
T1000003848,C102516,Personal Accident,800,annual,2021-10-03,True,credit_card,False,False
T1000003849,C102516,Health Rider,1950,monthly,2022-08-02,False,,False,False
T1000003850,C102517,Endowment,6150,annual,2025-05-10,False,,False,False
T1000003851,C102517,Unit Linked,5050,monthly,2024-10-10,False,,False,False
T1000003852,C102518,Health Rider,1300,monthly,2023-08-10,True,credit_card,False,False
T1000003853,C102519,Personal Accident,450,monthly,2020-05-19,True,bank_debit,True,False
T1000003854,C102520,Unit Linked,14700,monthly,2024-12-04,False,,True,False
T1000003855,C102521,Health Rider,1650,annual,2017-10-25,False,,False,False
T1000003856,C102521,Term Life,2450,monthly,2018-03-08,True,bank_debit,True,False
T1000003857,C102521,Term Life,800,monthly,2017-08-26,False,,False,False
T1000003858,C102522,Health Rider,1100,annual,2024-07-08,True,bank_debit,True,False
T1000003859,C102522,Health Rider,450,quarterly,2023-04-24,False,,False,False
T1000003860,C102523,Endowment,5450,semi-annual,2024-09-02,True,credit_card,False,False
T1000003861,C102523,Endowment,6050,annual,2024-10-23,False,,False,False
T1000003862,C102524,Term Life,1050,annual,2024-10-05,False,,False,False
T1000003863,C102524,Health Rider,1250,annual,2024-11-12,False,,False,False
T1000003864,C102525,Unit Linked,14450,monthly,2023-04-26,False,,False,False
T1000003865,C102526,Health Rider,1100,annual,2021-02-17,False,,False,False
T1000003866,C102526,Term Life,1150,annual,2023-07-26,False,,False,False
T1000003867,C102526,Unit Linked,5650,monthly,2021-10-17,True,bank_debit,True,False
T1000003868,C102527,Term Life,1950,quarterly,2023-09-13,True,bank_debit,True,False
T1000003869,C102527,Term Life,2700,monthly,2021-09-17,True,bank_debit,True,False
T1000003870,C102527,Unit Linked,14400,semi-annual,2019-07-13,False,,False,False
T1000003871,C102528,Unit Linked,13550,semi-annual,2020-09-05,False,,False,False
T1000003872,C102528,Health Rider,1100,annual,2020-12-10,True,bank_debit,True,False
T1000003873,C102529,Unit Linked,4950,semi-annual,2016-04-17,False,,False,False
T1000003874,C102530,Term Life,2650,annual,2024-08-06,True,bank_debit,True,False
T1000003875,C102531,Term Life,2450,monthly,2023-11-26,True,bank_debit,True,False
T1000003876,C102532,Unit Linked,13100,monthly,2022-09-15,False,,False,False
T1000003877,C102533,Health Rider,1200,annual,2020-03-20,True,bank_debit,True,False
T1000003878,C102534,Health Rider,1450,annual,2025-06-10,False,,False,False
T1000003879,C102534,Health Rider,2000,monthly,2025-05-15,False,,False,False
T1000003880,C102535,Unit Linked,6000,quarterly,2024-10-16,False,,True,False
T1000003881,C102535,Personal Accident,700,annual,2024-10-25,False,,False,False
T1000003882,C102535,Health Rider,400,annual,2024-10-09,False,,False,False
T1000003883,C102536,Health Rider,1400,monthly,2024-07-10,False,,False,False
T1000003884,C102537,Whole Life,10800,annual,2020-06-14,False,,False,False
T1000003885,C102538,Personal Accident,250,monthly,2024-05-25,False,,False,False
T1000003886,C102539,Term Life,1900,semi-annual,2017-05-15,False,,False,False
T1000003887,C102539,Personal Accident,950,monthly,2023-03-02,False,,False,False
T1000003888,C102539,Whole Life,3050,monthly,2018-12-22,False,,False,False
T1000003889,C102540,Endowment,11650,quarterly,2025-09-25,False,,False,False
T1000003890,C102540,Whole Life,7650,quarterly,2025-09-12,False,,False,False
T1000003891,C102541,Whole Life,4150,quarterly,2025-06-04,False,,False,False
T1000003892,C102542,Endowment,11700,monthly,2022-06-26,True,credit_card,False,False
T1000003893,C102543,Whole Life,3200,monthly,2020-07-15,False,,False,False
T1000003894,C102544,Term Life,750,annual,2025-07-06,False,,False,False
T1000003895,C102545,Personal Accident,800,monthly,2024-08-10,True,bank_debit,True,False
T1000003896,C102546,Term Life,2950,monthly,2022-02-09,True,bank_debit,True,False
T1000003897,C102547,Whole Life,3350,monthly,2020-06-26,False,,False,True
T1000003898,C102548,Personal Accident,350,monthly,2019-11-22,False,,False,False
T1000003899,C102549,Health Rider,950,quarterly,2024-10-22,False,,False,False
T1000003900,C102550,Whole Life,9250,monthly,2014-08-22,True,bank_debit,True,False
T1000003901,C102550,Endowment,5800,annual,2016-07-16,True,bank_debit,True,False
T1000003902,C102551,Health Rider,1400,quarterly,2018-08-16,True,bank_debit,True,False
T1000003903,C102552,Health Rider,1000,quarterly,2024-11-07,False,,False,False
T1000003904,C102553,Health Rider,450,annual,2024-03-04,False,,False,False
T1000003905,C102553,Term Life,2800,quarterly,2024-07-04,False,,False,False
T1000003906,C102553,Health Rider,900,monthly,2022-09-28,False,,False,False
T1000003907,C102554,Health Rider,750,quarterly,2018-10-01,False,,False,False
T1000003908,C102555,Personal Accident,300,quarterly,2020-03-31,True,credit_card,False,False
T1000003909,C102555,Health Rider,1000,monthly,2021-05-26,False,,False,False
T1000003910,C102556,Endowment,5250,quarterly,2024-05-19,False,,True,False
T1000003911,C102557,Whole Life,7600,monthly,2017-09-11,False,,False,False
T1000003912,C102557,Health Rider,550,monthly,2018-11-26,False,,False,False
T1000003913,C102558,Unit Linked,4900,annual,2020-07-22,False,,False,False
T1000003914,C102559,Whole Life,9900,quarterly,2018-12-21,False,,False,False
T1000003915,C102560,Whole Life,3900,monthly,2017-01-12,False,,False,False
T1000003916,C102561,Health Rider,450,quarterly,2019-07-27,True,bank_debit,True,False
T1000003917,C102561,Health Rider,600,quarterly,2018-11-16,True,credit_card,False,False
T1000003918,C102562,Term Life,850,semi-annual,2019-12-01,True,credit_card,False,False
T1000003919,C102562,Personal Accident,750,semi-annual,2020-03-07,False,,False,False
T1000003920,C102563,Endowment,4500,semi-annual,2022-04-22,True,credit_card,False,False
T1000003921,C102563,Term Life,1200,monthly,2016-12-25,True,credit_card,False,False
T1000003922,C102564,Endowment,9950,semi-annual,2022-01-14,False,,False,False
T1000003923,C102565,Whole Life,2650,monthly,2018-01-30,False,,False,False
T1000003924,C102565,Unit Linked,11650,quarterly,2013-12-18,True,bank_debit,True,False
T1000003925,C102566,Term Life,2900,monthly,2024-05-31,False,,False,False
T1000003926,C102567,Term Life,1850,quarterly,2023-06-12,True,bank_debit,True,False
T1000003927,C102568,Health Rider,950,semi-annual,2023-07-07,True,credit_card,False,False
T1000003928,C102569,Endowment,11400,annual,2024-05-12,False,,False,False
T1000003929,C102570,Term Life,1150,quarterly,2018-05-27,False,,False,False
T1000003930,C102570,Term Life,1450,quarterly,2018-09-05,True,bank_debit,True,False
T1000003931,C102571,Health Rider,1250,monthly,2023-04-27,False,,False,False
T1000003932,C102572,Health Rider,650,quarterly,2020-12-24,False,,False,False
T1000003933,C102573,Personal Accident,550,quarterly,2024-12-13,True,bank_debit,True,False
T1000003934,C102573,Term Life,2350,semi-annual,2024-04-22,True,credit_card,False,False
T1000003935,C102573,Term Life,1000,annual,2024-12-21,False,,False,False
T1000003936,C102574,Term Life,800,semi-annual,2021-03-18,True,bank_debit,True,False
T1000003937,C102574,Endowment,7250,monthly,2023-10-11,True,bank_debit,True,False
T1000003938,C102575,Unit Linked,14550,monthly,2019-08-27,False,,False,False
T1000003939,C102576,Personal Accident,750,quarterly,2025-10-27,False,,False,False
T1000003940,C102576,Whole Life,12900,annual,2025-09-16,True,credit_card,False,False
T1000003941,C102576,Term Life,2800,annual,2025-10-24,False,,False,False
T1000003942,C102577,Unit Linked,10200,monthly,2011-06-08,True,bank_debit,True,False
T1000003943,C102578,Term Life,1500,monthly,2024-08-01,False,,False,False
T1000003944,C102578,Personal Accident,900,quarterly,2023-03-31,True,credit_card,False,False
T1000003945,C102579,Health Rider,1950,monthly,2018-10-08,False,,False,False
T1000003946,C102580,Personal Accident,650,monthly,2023-02-12,False,,False,False
T1000003947,C102581,Endowment,6350,monthly,2019-08-12,False,,False,True
T1000003948,C102581,Whole Life,2400,annual,2019-12-18,True,bank_debit,True,True
T1000003949,C102581,Health Rider,1100,semi-annual,2021-12-03,True,credit_card,False,False
T1000003950,C102582,Endowment,4250,semi-annual,2020-09-29,False,,False,True
T1000003951,C102583,Health Rider,1600,monthly,2016-02-08,True,bank_debit,True,False
T1000003952,C102583,Unit Linked,16500,monthly,2021-07-07,False,,False,False
T1000003953,C102584,Health Rider,600,quarterly,2020-12-28,True,bank_debit,True,False
T1000003954,C102585,Health Rider,450,monthly,2021-06-26,False,,False,False
T1000003955,C102586,Endowment,10050,monthly,2021-09-07,True,bank_debit,True,False
T1000003956,C102586,Health Rider,650,annual,2019-05-18,False,,False,False
T1000003957,C102586,Health Rider,1550,monthly,2023-04-24,False,,False,False
T1000003958,C102587,Health Rider,1600,annual,2018-07-02,False,,False,False
T1000003959,C102588,Whole Life,8300,quarterly,2022-12-10,False,,False,False
T1000003960,C102588,Term Life,1300,semi-annual,2019-08-16,False,,False,False
T1000003961,C102589,Whole Life,12050,annual,2025-11-28,False,,False,False
T1000003962,C102589,Health Rider,850,semi-annual,2025-09-21,True,credit_card,False,False
T1000003963,C102590,Whole Life,14150,annual,2012-08-22,False,,False,False
T1000003964,C102591,Whole Life,5850,monthly,2023-07-10,False,,False,False
T1000003965,C102592,Term Life,2050,quarterly,2018-07-20,False,,False,False
T1000003966,C102593,Whole Life,6500,annual,2019-03-05,False,,False,False
T1000003967,C102594,Term Life,1200,monthly,2023-09-13,False,,False,False
T1000003968,C102595,Health Rider,1750,semi-annual,2023-03-19,False,,False,False
T1000003969,C102596,Endowment,8000,monthly,2019-01-08,False,,False,False
T1000003970,C102596,Endowment,11650,annual,2021-09-04,False,,False,False
T1000003971,C102597,Term Life,2850,semi-annual,2021-12-23,False,,False,False
T1000003972,C102598,Whole Life,8500,annual,2022-05-02,True,credit_card,False,True
T1000003973,C102598,Endowment,10500,monthly,2022-01-01,False,,False,False
T1000003974,C102599,Unit Linked,10300,monthly,2017-04-19,True,credit_card,False,False
T1000003975,C102600,Term Life,1200,quarterly,2018-09-14,False,,False,False
T1000003976,C102601,Whole Life,8950,monthly,2025-10-18,False,,False,False
T1000003977,C102602,Term Life,2350,monthly,2024-01-25,True,bank_debit,True,False
T1000003978,C102603,Term Life,1500,semi-annual,2023-06-17,True,bank_debit,True,False
T1000003979,C102603,Term Life,1750,monthly,2021-08-31,False,,False,False
T1000003980,C102604,Health Rider,700,annual,2023-02-27,False,,False,False
T1000003981,C102605,Personal Accident,400,semi-annual,2021-05-21,True,bank_debit,True,False
T1000003982,C102605,Whole Life,7300,quarterly,2019-12-11,False,,False,False
T1000003983,C102606,Health Rider,700,annual,2023-12-18,True,credit_card,False,False
T1000003984,C102606,Term Life,1400,quarterly,2022-11-11,False,,False,False
T1000003985,C102607,Whole Life,7350,quarterly,2020-08-27,True,credit_card,False,True
T1000003986,C102608,Whole Life,10900,annual,2020-10-04,True,bank_debit,True,False
T1000003987,C102608,Unit Linked,6200,annual,2021-05-02,False,,False,False
T1000003988,C102609,Whole Life,13950,semi-annual,2025-09-23,False,,False,False
T1000003989,C102609,Term Life,950,annual,2025-09-18,True,bank_debit,True,False
T1000003990,C102609,Personal Accident,650,quarterly,2025-11-23,False,,False,False
T1000003991,C102610,Health Rider,1050,semi-annual,2023-07-12,False,,True,False
T1000003992,C102611,Unit Linked,17050,annual,2024-03-10,False,,True,False
T1000003993,C102611,Whole Life,12700,monthly,2022-10-29,False,,False,False
T1000003994,C102611,Unit Linked,9900,quarterly,2022-12-29,False,,False,False
T1000003995,C102612,Term Life,2250,quarterly,2023-08-10,True,bank_debit,True,False
T1000003996,C102613,Term Life,2000,monthly,2020-12-31,False,,True,False
T1000003997,C102613,Term Life,850,quarterly,2022-11-11,False,,False,False
T1000003998,C102614,Personal Accident,200,annual,2021-05-18,True,credit_card,False,False
T1000003999,C102615,Unit Linked,15550,quarterly,2022-12-20,False,,False,False
T1000004000,C102615,Health Rider,1600,annual,2018-10-01,True,credit_card,False,False
T1000004001,C102616,Health Rider,1800,monthly,2023-04-28,True,credit_card,False,False
T1000004002,C102616,Whole Life,9500,monthly,2022-04-10,False,,False,False
T1000004003,C102617,Endowment,6650,monthly,2016-01-04,True,bank_debit,True,False
T1000004004,C102617,Endowment,7300,annual,2023-11-13,False,,False,False
T1000004005,C102617,Health Rider,1850,annual,2022-01-20,False,,False,False
T1000004006,C102618,Unit Linked,16250,monthly,2020-02-17,True,bank_debit,True,False
T1000004007,C102618,Unit Linked,5550,semi-annual,2022-10-29,False,,False,False
T1000004008,C102618,Unit Linked,12900,quarterly,2018-10-09,False,,False,False
T1000004009,C102619,Health Rider,1000,semi-annual,2019-10-18,False,,False,False
T1000004010,C102620,Term Life,1850,monthly,2023-03-20,False,,False,False
T1000004011,C102620,Whole Life,11150,monthly,2024-07-24,False,,False,False
T1000004012,C102621,Term Life,2600,monthly,2023-11-06,False,,True,False
T1000004013,C102622,Term Life,2300,quarterly,2020-05-21,False,,False,False
T1000004014,C102623,Whole Life,9700,annual,2020-06-08,True,bank_debit,True,False
T1000004015,C102624,Health Rider,650,monthly,2023-08-22,True,credit_card,False,False
T1000004016,C102624,Term Life,950,annual,2025-02-26,True,bank_debit,True,False
T1000004017,C102624,Whole Life,11500,monthly,2024-04-20,False,,False,False
T1000004018,C102625,Health Rider,700,annual,2025-11-22,False,,False,False
T1000004019,C102625,Health Rider,400,monthly,2025-09-26,False,,False,False
T1000004020,C102626,Whole Life,7250,annual,2023-01-14,False,,False,False
T1000004021,C102627,Health Rider,400,monthly,2023-10-20,False,,False,False
T1000004022,C102627,Unit Linked,19950,monthly,2021-08-08,True,bank_debit,True,False
T1000004023,C102627,Term Life,2900,semi-annual,2024-07-20,False,,False,False
T1000004024,C102628,Health Rider,1250,monthly,2023-09-23,True,bank_debit,True,False
T1000004025,C102628,Unit Linked,12150,quarterly,2019-03-15,True,bank_debit,True,False
T1000004026,C102629,Whole Life,5750,monthly,2022-05-03,True,bank_debit,True,False
T1000004027,C102630,Whole Life,3950,annual,2025-08-26,False,,False,False
T1000004028,C102631,Unit Linked,7900,monthly,2019-08-20,False,,False,False
T1000004029,C102631,Endowment,6900,semi-annual,2024-03-15,False,,False,False
T1000004030,C102632,Whole Life,4550,monthly,2022-08-02,False,,False,False
T1000004031,C102632,Endowment,5350,quarterly,2022-04-02,False,,False,False
T1000004032,C102633,Term Life,2300,monthly,2021-10-14,True,credit_card,False,False
T1000004033,C102634,Term Life,1800,semi-annual,2022-11-15,True,credit_card,False,False
T1000004034,C102635,Whole Life,5400,quarterly,2024-04-08,False,,False,False
T1000004035,C102636,Unit Linked,9300,annual,2023-08-14,False,,False,False
T1000004036,C102637,Unit Linked,19700,annual,2016-05-31,False,,False,False
T1000004037,C102638,Term Life,1800,monthly,2022-05-23,True,credit_card,False,False
T1000004038,C102639,Whole Life,10600,annual,2020-07-31,True,credit_card,False,False
T1000004039,C102640,Health Rider,450,monthly,2023-07-30,False,,True,False
T1000004040,C102640,Health Rider,1050,quarterly,2019-03-06,False,,False,False
T1000004041,C102641,Health Rider,1400,monthly,2024-03-03,False,,False,False
T1000004042,C102642,Whole Life,7450,annual,2019-02-11,False,,False,False
T1000004043,C102643,Term Life,2950,quarterly,2019-12-23,False,,False,False
T1000004044,C102644,Whole Life,5000,semi-annual,2025-05-09,True,bank_debit,True,False
T1000004045,C102644,Unit Linked,13150,monthly,2023-12-28,True,credit_card,True,False
T1000004046,C102644,Health Rider,2000,quarterly,2023-08-15,True,bank_debit,True,False
T1000004047,C102645,Endowment,8250,annual,2023-08-11,False,,False,False
T1000004048,C102646,Term Life,1850,quarterly,2017-12-09,True,bank_debit,True,False
T1000004049,C102647,Term Life,950,quarterly,2021-10-13,False,,False,False
T1000004050,C102648,Term Life,2450,monthly,2025-06-24,True,bank_debit,True,False
T1000004051,C102648,Health Rider,1500,monthly,2025-06-19,True,credit_card,False,False
T1000004052,C102649,Unit Linked,9450,monthly,2022-10-15,False,,False,False
T1000004053,C102650,Term Life,2950,monthly,2024-07-16,False,,False,False
T1000004054,C102651,Endowment,3150,quarterly,2025-04-14,False,,False,False
T1000004055,C102651,Health Rider,900,monthly,2024-09-05,True,bank_debit,True,False
T1000004056,C102652,Whole Life,9300,quarterly,2022-06-12,False,,False,False
T1000004057,C102652,Term Life,2250,monthly,2020-10-28,True,bank_debit,True,False
T1000004058,C102653,Unit Linked,7700,quarterly,2025-10-02,False,,False,False
T1000004059,C102654,Whole Life,7000,annual,2018-07-19,False,,False,True
T1000004060,C102655,Health Rider,1950,quarterly,2024-03-11,False,,False,False
T1000004061,C102655,Whole Life,13600,quarterly,2021-08-17,False,,False,False
T1000004062,C102655,Health Rider,600,semi-annual,2021-06-23,True,bank_debit,True,False
T1000004063,C102656,Whole Life,5400,semi-annual,2025-11-15,False,,False,False
T1000004064,C102656,Health Rider,1650,quarterly,2025-09-18,False,,False,False
T1000004065,C102656,Health Rider,1450,annual,2025-11-12,False,,False,False
T1000004066,C102657,Personal Accident,500,quarterly,2022-04-15,False,,True,False
T1000004067,C102657,Personal Accident,650,monthly,2024-02-29,False,,False,False
T1000004068,C102658,Health Rider,1200,quarterly,2023-02-14,True,bank_debit,True,False
T1000004069,C102658,Term Life,2450,monthly,2021-05-11,True,bank_debit,True,False
T1000004070,C102659,Endowment,6200,monthly,2017-10-28,True,bank_debit,True,False
T1000004071,C102659,Endowment,8550,semi-annual,2022-04-02,True,credit_card,False,False
T1000004072,C102660,Term Life,600,annual,2021-07-20,False,,False,False
T1000004073,C102660,Personal Accident,750,quarterly,2022-02-11,False,,False,False
T1000004074,C102660,Unit Linked,12950,monthly,2024-12-17,True,credit_card,False,False
T1000004075,C102661,Health Rider,1300,monthly,2023-08-21,True,credit_card,False,False
T1000004076,C102662,Health Rider,500,semi-annual,2024-01-17,True,credit_card,False,False
T1000004077,C102662,Endowment,7100,monthly,2024-02-29,True,bank_debit,True,False
T1000004078,C102662,Term Life,1500,quarterly,2023-11-24,True,credit_card,True,False
T1000004079,C102663,Term Life,2050,semi-annual,2024-07-09,False,,False,False
T1000004080,C102663,Term Life,2200,semi-annual,2024-12-31,False,,False,False
T1000004081,C102664,Personal Accident,250,annual,2023-10-02,True,bank_debit,True,False
T1000004082,C102665,Endowment,5650,monthly,2020-08-15,True,credit_card,False,False
T1000004083,C102666,Unit Linked,14100,monthly,2020-03-01,False,,False,False
T1000004084,C102667,Unit Linked,14750,semi-annual,2021-10-22,True,bank_debit,True,False
T1000004085,C102667,Endowment,11650,monthly,2023-09-27,True,bank_debit,True,False
T1000004086,C102668,Personal Accident,750,monthly,2021-04-22,False,,False,False
T1000004087,C102668,Unit Linked,14400,semi-annual,2021-03-18,False,,False,False
T1000004088,C102669,Endowment,6350,monthly,2012-12-08,False,,False,False
T1000004089,C102670,Health Rider,350,quarterly,2022-09-29,True,credit_card,False,False
T1000004090,C102670,Health Rider,700,monthly,2025-03-03,False,,False,False
T1000004091,C102671,Health Rider,1250,annual,2021-11-18,False,,False,False
T1000004092,C102672,Whole Life,11850,quarterly,2016-09-03,False,,False,False
T1000004093,C102673,Term Life,1200,annual,2019-06-02,False,,False,False
T1000004094,C102674,Whole Life,7600,semi-annual,2025-05-20,False,,False,False
T1000004095,C102674,Term Life,1550,semi-annual,2025-09-12,False,,True,False
T1000004096,C102675,Whole Life,12550,monthly,2020-02-28,True,bank_debit,True,False
T1000004097,C102676,Health Rider,600,annual,2025-01-08,False,,False,False
T1000004098,C102677,Personal Accident,850,annual,2015-10-07,False,,False,False
T1000004099,C102678,Endowment,9800,semi-annual,2020-07-30,False,,False,True
T1000004100,C102678,Endowment,7300,semi-annual,2023-12-02,True,bank_debit,True,False
T1000004101,C102679,Health Rider,900,monthly,2022-10-05,True,credit_card,False,False
T1000004102,C102679,Whole Life,13000,semi-annual,2024-07-31,True,bank_debit,True,False
T1000004103,C102679,Endowment,6000,annual,2024-01-26,False,,False,False
T1000004104,C102680,Term Life,2200,annual,2012-12-19,True,bank_debit,True,False
T1000004105,C102680,Whole Life,3950,monthly,2015-08-23,True,credit_card,False,False
T1000004106,C102681,Term Life,2200,monthly,2021-06-01,True,bank_debit,True,False
T1000004107,C102681,Unit Linked,7200,monthly,2019-01-15,False,,False,False
T1000004108,C102682,Whole Life,2350,quarterly,2020-02-24,False,,False,False
T1000004109,C102683,Endowment,6150,annual,2018-09-12,False,,False,False
T1000004110,C102684,Health Rider,750,monthly,2023-03-13,False,,False,False
T1000004111,C102684,Endowment,10800,annual,2022-08-03,True,bank_debit,True,False
T1000004112,C102685,Health Rider,1100,monthly,2017-07-26,False,,False,False
T1000004113,C102686,Unit Linked,13450,monthly,2021-05-14,False,,False,False
T1000004114,C102687,Term Life,1800,monthly,2019-12-21,True,bank_debit,True,False
T1000004115,C102688,Term Life,2000,quarterly,2012-02-29,False,,False,False
T1000004116,C102688,Term Life,1250,annual,2022-03-20,False,,False,False
T1000004117,C102689,Health Rider,1650,semi-annual,2017-11-29,True,bank_debit,True,False
T1000004118,C102690,Term Life,2950,quarterly,2024-04-02,True,credit_card,False,False
T1000004119,C102691,Personal Accident,300,semi-annual,2022-01-14,False,,False,False
T1000004120,C102691,Endowment,7500,monthly,2021-09-17,True,bank_debit,True,False
T1000004121,C102692,Endowment,8200,semi-annual,2019-03-03,True,credit_card,False,False
T1000004122,C102693,Health Rider,1950,annual,2025-07-21,True,bank_debit,True,False
T1000004123,C102694,Health Rider,1450,monthly,2022-03-14,True,credit_card,False,False
T1000004124,C102694,Endowment,8350,monthly,2021-01-02,True,bank_debit,True,False
T1000004125,C102695,Endowment,4900,annual,2019-09-29,True,credit_card,False,False
T1000004126,C102695,Health Rider,400,semi-annual,2022-04-14,False,,False,False
T1000004127,C102695,Personal Accident,700,annual,2022-10-20,True,credit_card,False,False
T1000004128,C102696,Personal Accident,750,annual,2024-07-01,True,bank_debit,True,False
T1000004129,C102697,Personal Accident,300,semi-annual,2020-03-24,False,,False,False
T1000004130,C102698,Health Rider,750,annual,2021-08-27,False,,False,False
T1000004131,C102699,Health Rider,1050,annual,2020-10-01,False,,False,False
T1000004132,C102700,Whole Life,14400,semi-annual,2022-09-21,False,,False,False
T1000004133,C102700,Term Life,2600,monthly,2019-02-25,False,,False,False
T1000004134,C102701,Endowment,4450,annual,2019-08-03,False,,False,True
T1000004135,C102701,Unit Linked,9500,monthly,2023-02-16,True,bank_debit,True,False
T1000004136,C102702,Whole Life,11250,annual,2025-03-31,True,bank_debit,True,False
T1000004137,C102703,Health Rider,900,semi-annual,2020-10-29,False,,False,False
T1000004138,C102703,Endowment,11400,quarterly,2020-08-31,False,,False,False
T1000004139,C102704,Term Life,2700,semi-annual,2021-04-26,True,bank_debit,True,False
T1000004140,C102705,Health Rider,1250,annual,2022-01-29,False,,False,False
T1000004141,C102706,Health Rider,900,annual,2023-08-09,False,,False,False
T1000004142,C102706,Personal Accident,950,annual,2023-02-20,False,,False,False
T1000004143,C102706,Term Life,2500,monthly,2024-09-07,False,,False,False
T1000004144,C102707,Term Life,2200,annual,2024-10-08,False,,False,False
T1000004145,C102708,Term Life,650,monthly,2015-01-26,False,,False,False
T1000004146,C102709,Endowment,10650,quarterly,2022-08-09,False,,False,False
T1000004147,C102709,Whole Life,5350,monthly,2015-02-03,False,,False,False
T1000004148,C102710,Health Rider,1150,quarterly,2020-10-11,True,credit_card,False,False
T1000004149,C102711,Health Rider,1700,annual,2020-08-24,False,,False,False
T1000004150,C102712,Health Rider,1650,monthly,2019-12-09,False,,False,False
T1000004151,C102713,Unit Linked,3050,monthly,2021-12-30,True,credit_card,False,False
T1000004152,C102714,Endowment,3150,monthly,2022-04-24,False,,False,True
T1000004153,C102715,Term Life,2900,annual,2019-07-01,True,bank_debit,True,False
T1000004154,C102716,Term Life,1450,semi-annual,2024-09-10,False,,False,False
T1000004155,C102717,Personal Accident,900,quarterly,2020-04-23,False,,False,False
T1000004156,C102718,Whole Life,6000,quarterly,2020-06-23,False,,False,False
T1000004157,C102718,Health Rider,700,annual,2018-06-29,False,,False,False
T1000004158,C102719,Whole Life,11250,annual,2024-01-22,False,,False,False
T1000004159,C102719,Health Rider,1200,monthly,2017-06-06,False,,True,False
T1000004160,C102720,Health Rider,600,annual,2024-07-14,False,,False,False
T1000004161,C102720,Unit Linked,12050,quarterly,2022-08-12,True,credit_card,True,False
T1000004162,C102721,Health Rider,1550,annual,2021-09-03,False,,False,False
T1000004163,C102721,Personal Accident,200,annual,2019-02-02,False,,False,False
T1000004164,C102722,Endowment,10900,monthly,2023-11-14,True,credit_card,False,False
T1000004165,C102722,Term Life,2550,monthly,2025-03-26,False,,False,False
T1000004166,C102723,Whole Life,9650,monthly,2021-07-20,False,,False,False
T1000004167,C102724,Health Rider,850,semi-annual,2021-11-03,False,,False,False
T1000004168,C102725,Health Rider,400,quarterly,2024-12-28,False,,False,False
T1000004169,C102726,Unit Linked,4000,monthly,2022-04-14,False,,False,False
T1000004170,C102727,Term Life,2350,annual,2023-07-01,True,bank_debit,True,False
T1000004171,C102727,Endowment,5700,monthly,2024-03-03,False,,False,False
T1000004172,C102727,Unit Linked,12250,monthly,2024-11-12,True,bank_debit,True,False
T1000004173,C102728,Unit Linked,8100,monthly,2024-03-04,True,credit_card,False,False
T1000004174,C102729,Health Rider,1350,monthly,2022-08-22,False,,False,False
T1000004175,C102729,Health Rider,1550,semi-annual,2016-02-15,False,,False,False
T1000004176,C102730,Whole Life,3900,quarterly,2023-10-25,True,credit_card,False,False
T1000004177,C102731,Unit Linked,3850,quarterly,2022-02-03,True,bank_debit,True,False
T1000004178,C102732,Unit Linked,18500,monthly,2024-07-27,True,bank_debit,True,False
T1000004179,C102733,Health Rider,850,monthly,2016-07-10,True,bank_debit,True,False
T1000004180,C102734,Personal Accident,600,monthly,2022-10-18,False,,False,False
T1000004181,C102735,Endowment,8600,monthly,2022-04-08,False,,False,False
T1000004182,C102735,Unit Linked,17450,annual,2018-12-06,False,,False,False
T1000004183,C102736,Personal Accident,700,quarterly,2017-12-18,False,,False,False
T1000004184,C102737,Health Rider,1950,quarterly,2021-04-20,False,,False,False
T1000004185,C102737,Term Life,650,monthly,2022-09-30,True,credit_card,False,False
T1000004186,C102738,Whole Life,9650,monthly,2020-12-30,True,credit_card,False,False
T1000004187,C102738,Term Life,2900,quarterly,2021-12-01,True,bank_debit,True,False
T1000004188,C102738,Endowment,10150,quarterly,2022-03-25,True,bank_debit,True,False
T1000004189,C102739,Term Life,1550,annual,2024-11-07,False,,True,False
T1000004190,C102740,Health Rider,1250,semi-annual,2016-07-23,True,bank_debit,True,False
T1000004191,C102740,Endowment,8450,monthly,2018-10-11,True,credit_card,False,False
T1000004192,C102740,Personal Accident,500,annual,2016-02-29,True,credit_card,False,False
T1000004193,C102741,Health Rider,1800,semi-annual,2018-12-19,False,,False,False
T1000004194,C102742,Term Life,1900,annual,2023-04-11,True,bank_debit,True,False
T1000004195,C102743,Term Life,2150,monthly,2022-09-01,False,,False,False
T1000004196,C102744,Term Life,2300,quarterly,2022-01-17,True,bank_debit,True,False
T1000004197,C102745,Unit Linked,10500,annual,2024-12-04,True,credit_card,False,False
T1000004198,C102746,Endowment,7300,monthly,2019-11-14,True,credit_card,False,False
T1000004199,C102747,Unit Linked,3050,monthly,2024-01-25,True,credit_card,False,False
T1000004200,C102747,Term Life,1800,semi-annual,2024-08-15,True,credit_card,False,False
T1000004201,C102748,Whole Life,5650,quarterly,2023-05-30,False,,False,False
T1000004202,C102749,Term Life,2600,quarterly,2025-06-28,True,bank_debit,True,False
T1000004203,C102749,Personal Accident,600,monthly,2024-12-26,False,,False,False
T1000004204,C102750,Term Life,2900,monthly,2025-09-22,True,credit_card,False,False
T1000004205,C102751,Term Life,2300,annual,2024-07-28,True,credit_card,False,False
T1000004206,C102752,Health Rider,600,annual,2023-03-20,False,,False,False
T1000004207,C102753,Endowment,8400,quarterly,2023-03-03,False,,False,False
T1000004208,C102754,Health Rider,350,semi-annual,2019-11-07,True,credit_card,False,False
T1000004209,C102755,Term Life,2100,quarterly,2022-10-07,True,bank_debit,True,False
T1000004210,C102755,Endowment,9950,monthly,2022-01-28,True,bank_debit,True,False
T1000004211,C102756,Unit Linked,11600,semi-annual,2019-05-29,True,bank_debit,True,False
T1000004212,C102757,Endowment,6900,monthly,2022-06-06,True,bank_debit,True,False
T1000004213,C102758,Personal Accident,900,annual,2023-03-29,False,,False,False
T1000004214,C102758,Unit Linked,15650,quarterly,2024-08-04,False,,False,False
T1000004215,C102759,Unit Linked,7200,monthly,2023-11-17,False,,False,False
T1000004216,C102759,Endowment,10750,quarterly,2019-09-25,False,,False,False
T1000004217,C102760,Health Rider,500,monthly,2024-06-17,False,,False,False
T1000004218,C102760,Health Rider,1400,monthly,2025-05-02,False,,False,False
T1000004219,C102760,Personal Accident,850,monthly,2025-03-08,True,bank_debit,True,False
T1000004220,C102761,Health Rider,500,quarterly,2018-05-01,False,,False,False
T1000004221,C102762,Whole Life,7400,quarterly,2023-06-10,True,bank_debit,True,False
T1000004222,C102762,Health Rider,1000,annual,2025-05-14,True,bank_debit,True,False
T1000004223,C102763,Unit Linked,9100,quarterly,2017-07-30,True,bank_debit,True,False
T1000004224,C102764,Whole Life,5350,quarterly,2024-02-21,True,credit_card,False,False
T1000004225,C102764,Health Rider,1550,monthly,2022-10-09,False,,False,False
T1000004226,C102765,Whole Life,5400,monthly,2021-05-28,False,,False,False
T1000004227,C102766,Health Rider,400,semi-annual,2024-06-13,True,bank_debit,True,False
T1000004228,C102767,Term Life,1300,monthly,2023-01-05,False,,False,False
T1000004229,C102767,Personal Accident,950,monthly,2022-06-20,True,credit_card,False,False
T1000004230,C102767,Term Life,1450,quarterly,2024-02-04,False,,False,False
T1000004231,C102768,Term Life,1000,quarterly,2019-11-13,False,,True,False
T1000004232,C102768,Health Rider,350,quarterly,2021-06-27,False,,False,False
T1000004233,C102769,Health Rider,1700,monthly,2016-12-18,False,,False,False
T1000004234,C102769,Health Rider,600,monthly,2016-05-01,True,bank_debit,True,False
T1000004235,C102770,Personal Accident,950,monthly,2023-03-03,False,,True,False
T1000004236,C102771,Whole Life,4900,annual,2022-06-14,True,credit_card,True,False
T1000004237,C102771,Endowment,5150,monthly,2023-12-22,True,credit_card,False,False
T1000004238,C102772,Personal Accident,750,monthly,2012-03-19,False,,False,False
T1000004239,C102773,Health Rider,1250,semi-annual,2021-03-12,False,,False,False
T1000004240,C102774,Health Rider,1250,monthly,2017-11-03,False,,True,False
T1000004241,C102775,Unit Linked,10100,monthly,2023-02-13,False,,False,False
T1000004242,C102776,Health Rider,600,quarterly,2018-06-14,False,,False,False
T1000004243,C102777,Health Rider,1800,monthly,2025-11-06,False,,True,False
T1000004244,C102777,Unit Linked,10050,quarterly,2025-11-03,True,bank_debit,True,False
T1000004245,C102778,Health Rider,1350,quarterly,2024-03-01,True,bank_debit,True,False
T1000004246,C102779,Unit Linked,3200,monthly,2019-07-04,False,,False,False
T1000004247,C102779,Term Life,2200,annual,2022-07-29,False,,False,False
T1000004248,C102780,Whole Life,4900,semi-annual,2025-07-26,True,credit_card,False,False
T1000004249,C102780,Unit Linked,13400,quarterly,2024-06-16,False,,False,False
T1000004250,C102780,Term Life,2450,annual,2024-12-05,True,bank_debit,True,False
T1000004251,C102781,Term Life,850,monthly,2023-09-01,True,credit_card,False,False
T1000004252,C102782,Unit Linked,15350,quarterly,2017-03-12,False,,False,False
T1000004253,C102782,Health Rider,700,quarterly,2017-05-25,True,bank_debit,True,False
T1000004254,C102783,Term Life,1550,annual,2021-12-03,True,bank_debit,True,False
T1000004255,C102784,Health Rider,1450,quarterly,2025-03-13,False,,False,False
T1000004256,C102784,Whole Life,3100,annual,2023-12-07,True,bank_debit,True,False
T1000004257,C102784,Personal Accident,600,monthly,2024-08-30,True,credit_card,False,False
T1000004258,C102785,Whole Life,3850,monthly,2023-05-11,False,,False,False
T1000004259,C102786,Whole Life,7700,annual,2023-04-10,False,,False,False
T1000004260,C102787,Health Rider,1400,monthly,2021-04-13,False,,False,False
T1000004261,C102788,Endowment,6000,quarterly,2023-10-18,True,credit_card,False,False
T1000004262,C102788,Whole Life,4400,monthly,2022-12-24,False,,False,True
T1000004263,C102788,Unit Linked,4500,monthly,2020-02-18,False,,False,False
T1000004264,C102789,Health Rider,900,annual,2022-05-24,True,credit_card,False,False
T1000004265,C102790,Personal Accident,500,annual,2014-01-10,False,,False,False
T1000004266,C102790,Personal Accident,650,monthly,2022-10-06,True,bank_debit,True,False
T1000004267,C102791,Whole Life,10750,monthly,2024-12-04,True,bank_debit,True,False
T1000004268,C102792,Unit Linked,10250,annual,2017-08-16,False,,False,False
T1000004269,C102792,Health Rider,1550,annual,2017-02-11,False,,False,False
T1000004270,C102793,Personal Accident,650,monthly,2024-05-01,False,,False,False
T1000004271,C102794,Personal Accident,550,annual,2021-08-19,False,,False,False
T1000004272,C102795,Term Life,1600,monthly,2019-09-15,False,,False,False
T1000004273,C102796,Health Rider,450,monthly,2021-07-24,True,credit_card,False,False
T1000004274,C102797,Health Rider,1500,semi-annual,2021-08-12,False,,True,False
T1000004275,C102797,Health Rider,1100,annual,2021-05-05,True,credit_card,True,False
T1000004276,C102798,Health Rider,1450,annual,2020-09-11,True,bank_debit,True,False
T1000004277,C102798,Term Life,1650,monthly,2019-06-26,True,bank_debit,True,False
T1000004278,C102799,Whole Life,13600,semi-annual,2021-04-08,False,,False,False
T1000004279,C102800,Health Rider,500,monthly,2023-01-12,False,,False,False
T1000004280,C102801,Unit Linked,18350,annual,2020-07-19,True,credit_card,False,False
T1000004281,C102802,Health Rider,1900,quarterly,2022-11-17,True,credit_card,True,False
T1000004282,C102802,Unit Linked,9400,quarterly,2016-08-03,True,credit_card,False,False
T1000004283,C102803,Health Rider,450,monthly,2023-04-06,True,credit_card,False,False
T1000004284,C102803,Whole Life,13200,semi-annual,2017-11-27,False,,False,False
T1000004285,C102804,Personal Accident,550,quarterly,2021-11-06,False,,False,False
T1000004286,C102804,Endowment,4300,semi-annual,2018-03-28,False,,False,False
T1000004287,C102805,Term Life,950,monthly,2017-04-18,False,,False,False
T1000004288,C102805,Term Life,2900,monthly,2021-08-13,True,bank_debit,True,False
T1000004289,C102806,Term Life,2350,monthly,2025-03-18,True,bank_debit,True,False
T1000004290,C102807,Endowment,7500,quarterly,2023-12-26,False,,False,False
T1000004291,C102808,Health Rider,1850,monthly,2025-03-02,True,credit_card,False,False
T1000004292,C102808,Term Life,600,monthly,2024-02-25,False,,False,False
T1000004293,C102809,Endowment,10250,annual,2023-12-04,False,,False,False
T1000004294,C102810,Term Life,900,monthly,2022-03-08,True,credit_card,False,False
T1000004295,C102811,Unit Linked,17550,annual,2021-09-25,False,,False,False
T1000004296,C102812,Endowment,11550,annual,2024-06-07,True,bank_debit,True,False
T1000004297,C102812,Term Life,2050,monthly,2023-05-08,True,bank_debit,True,False
T1000004298,C102813,Health Rider,1900,monthly,2019-10-15,True,bank_debit,True,False
T1000004299,C102813,Term Life,1250,semi-annual,2021-05-11,False,,False,False
T1000004300,C102814,Personal Accident,500,monthly,2025-02-28,False,,False,False
T1000004301,C102814,Term Life,1650,annual,2024-11-09,False,,False,False
T1000004302,C102814,Health Rider,1800,monthly,2025-01-21,False,,False,False
T1000004303,C102815,Unit Linked,11650,monthly,2022-03-16,True,bank_debit,True,False
T1000004304,C102816,Term Life,1350,annual,2019-07-26,False,,False,False
T1000004305,C102817,Unit Linked,16600,annual,2020-07-23,True,bank_debit,True,False
T1000004306,C102818,Term Life,650,monthly,2025-09-29,True,bank_debit,True,False
T1000004307,C102818,Endowment,3900,semi-annual,2025-05-08,False,,False,False
T1000004308,C102819,Whole Life,12000,quarterly,2020-07-24,False,,False,True
T1000004309,C102820,Term Life,2400,quarterly,2023-09-07,True,bank_debit,True,False
T1000004310,C102820,Term Life,1700,monthly,2021-11-21,False,,False,False
T1000004311,C102820,Endowment,10800,annual,2021-03-02,False,,False,True
T1000004312,C102821,Whole Life,2550,quarterly,2021-02-07,False,,True,False
T1000004313,C102822,Health Rider,1550,monthly,2024-11-08,True,bank_debit,True,False
T1000004314,C102822,Endowment,10000,annual,2024-06-20,True,bank_debit,True,False
T1000004315,C102823,Health Rider,400,semi-annual,2020-05-05,True,credit_card,False,False
T1000004316,C102823,Health Rider,450,semi-annual,2016-01-15,True,credit_card,False,False
T1000004317,C102824,Whole Life,9050,monthly,2014-11-07,False,,False,False
T1000004318,C102825,Health Rider,650,monthly,2024-08-24,False,,False,False
T1000004319,C102825,Endowment,6300,monthly,2024-02-01,False,,False,False
T1000004320,C102826,Endowment,10200,semi-annual,2021-03-04,True,credit_card,False,False
T1000004321,C102827,Health Rider,750,monthly,2019-01-20,True,credit_card,False,False
T1000004322,C102827,Personal Accident,700,quarterly,2017-08-06,False,,True,False
T1000004323,C102828,Unit Linked,5550,annual,2023-10-12,False,,False,False
T1000004324,C102828,Term Life,1600,monthly,2025-01-31,True,credit_card,True,False
T1000004325,C102829,Personal Accident,450,monthly,2023-05-09,True,credit_card,False,False
T1000004326,C102830,Endowment,4600,monthly,2022-03-31,True,bank_debit,True,False
T1000004327,C102831,Health Rider,850,quarterly,2021-02-28,True,credit_card,False,False
T1000004328,C102831,Term Life,1400,semi-annual,2022-07-01,False,,False,False
T1000004329,C102831,Unit Linked,18400,quarterly,2021-12-21,False,,False,False
T1000004330,C102832,Unit Linked,13400,annual,2018-11-08,False,,False,False
T1000004331,C102832,Health Rider,850,quarterly,2020-11-05,True,credit_card,False,False
T1000004332,C102832,Health Rider,950,monthly,2021-02-11,False,,False,False
T1000004333,C102833,Health Rider,1650,monthly,2024-08-18,True,bank_debit,True,False
T1000004334,C102833,Unit Linked,6900,monthly,2022-03-05,False,,False,False
T1000004335,C102834,Health Rider,750,monthly,2024-03-20,False,,False,False
T1000004336,C102834,Personal Accident,400,monthly,2024-05-17,False,,False,False
T1000004337,C102834,Term Life,1750,monthly,2021-01-04,True,bank_debit,True,False
T1000004338,C102835,Health Rider,550,monthly,2024-04-26,True,credit_card,False,False
T1000004339,C102836,Health Rider,1250,monthly,2024-05-02,False,,False,False
T1000004340,C102837,Health Rider,1150,annual,2021-11-28,False,,False,False
T1000004341,C102838,Personal Accident,900,monthly,2020-08-09,True,credit_card,False,False
T1000004342,C102839,Term Life,550,annual,2021-02-12,True,bank_debit,True,False
T1000004343,C102840,Health Rider,800,annual,2022-05-14,False,,True,False
T1000004344,C102840,Personal Accident,650,annual,2022-06-08,False,,True,False
T1000004345,C102841,Health Rider,600,quarterly,2025-10-12,True,credit_card,False,False
T1000004346,C102842,Unit Linked,13300,monthly,2023-10-07,False,,False,False
T1000004347,C102843,Personal Accident,600,monthly,2023-03-21,False,,False,False
T1000004348,C102843,Health Rider,1300,annual,2023-06-07,False,,False,False
T1000004349,C102844,Unit Linked,6700,annual,2024-09-04,False,,False,False
T1000004350,C102844,Endowment,9850,annual,2024-07-20,True,credit_card,False,False
T1000004351,C102845,Term Life,550,monthly,2018-01-05,False,,False,False
T1000004352,C102845,Endowment,11350,monthly,2021-09-04,False,,False,False
T1000004353,C102845,Health Rider,800,quarterly,2014-04-24,True,credit_card,False,False
T1000004354,C102846,Health Rider,950,quarterly,2021-09-16,True,bank_debit,True,False
T1000004355,C102847,Health Rider,1700,monthly,2020-01-28,True,credit_card,False,False
T1000004356,C102847,Health Rider,1200,monthly,2022-11-14,True,credit_card,False,False
T1000004357,C102848,Term Life,650,monthly,2022-12-15,False,,False,False
T1000004358,C102849,Whole Life,6900,semi-annual,2021-03-15,False,,True,False
T1000004359,C102850,Term Life,2450,monthly,2024-05-11,False,,False,False
T1000004360,C102850,Whole Life,3950,annual,2025-03-18,True,credit_card,False,False
T1000004361,C102851,Term Life,1600,monthly,2024-03-19,True,credit_card,False,False
T1000004362,C102852,Health Rider,800,monthly,2023-12-09,True,credit_card,False,False
T1000004363,C102852,Personal Accident,900,quarterly,2024-06-19,False,,False,False
T1000004364,C102853,Health Rider,850,quarterly,2022-09-12,True,bank_debit,True,False
T1000004365,C102854,Whole Life,6850,quarterly,2025-11-27,False,,False,False
T1000004366,C102855,Health Rider,350,semi-annual,2024-08-06,False,,False,False
T1000004367,C102856,Term Life,2150,monthly,2019-11-23,True,credit_card,False,False
T1000004368,C102857,Personal Accident,200,monthly,2019-12-08,False,,False,False
T1000004369,C102858,Endowment,11900,monthly,2019-12-16,True,bank_debit,True,False
T1000004370,C102859,Whole Life,6950,monthly,2019-09-05,False,,False,False
T1000004371,C102860,Endowment,9850,annual,2020-02-02,True,credit_card,False,False
T1000004372,C102860,Term Life,500,monthly,2023-03-15,True,credit_card,False,False
T1000004373,C102861,Whole Life,2200,quarterly,2023-06-13,False,,False,False
T1000004374,C102862,Term Life,950,annual,2024-08-28,False,,False,False
T1000004375,C102862,Term Life,1100,semi-annual,2025-02-17,True,bank_debit,True,False
T1000004376,C102863,Whole Life,12300,annual,2014-05-29,True,credit_card,False,False
T1000004377,C102864,Whole Life,12700,monthly,2021-01-10,False,,False,False
T1000004378,C102865,Term Life,850,quarterly,2013-05-02,True,credit_card,False,False
T1000004379,C102866,Health Rider,500,monthly,2022-11-09,True,bank_debit,True,False
T1000004380,C102866,Unit Linked,7700,monthly,2024-04-25,False,,False,False
T1000004381,C102867,Term Life,1150,semi-annual,2018-10-23,True,credit_card,False,False
T1000004382,C102867,Whole Life,11000,annual,2011-04-07,True,credit_card,False,False
T1000004383,C102868,Term Life,2250,annual,2024-03-15,True,credit_card,False,False
T1000004384,C102869,Unit Linked,16300,semi-annual,2016-01-03,True,bank_debit,True,False
T1000004385,C102869,Health Rider,1050,semi-annual,2022-10-29,False,,False,False
T1000004386,C102870,Health Rider,400,monthly,2019-09-28,True,credit_card,False,False
T1000004387,C102871,Term Life,600,quarterly,2025-05-16,True,credit_card,False,False
T1000004388,C102872,Health Rider,1950,annual,2022-05-05,False,,False,False
T1000004389,C102873,Unit Linked,14250,monthly,2024-12-18,True,bank_debit,True,False
T1000004390,C102874,Term Life,2450,semi-annual,2024-09-02,False,,True,False
T1000004391,C102875,Whole Life,4200,annual,2017-12-12,False,,False,False
T1000004392,C102876,Whole Life,3250,semi-annual,2022-05-14,False,,False,False
T1000004393,C102877,Health Rider,1900,semi-annual,2021-09-21,False,,False,False
T1000004394,C102878,Whole Life,9350,monthly,2019-07-31,False,,False,False
T1000004395,C102879,Unit Linked,6200,semi-annual,2025-12-07,False,,False,False
T1000004396,C102879,Whole Life,5350,monthly,2025-10-03,True,bank_debit,True,False
T1000004397,C102880,Term Life,2400,semi-annual,2018-05-20,False,,False,False
T1000004398,C102880,Term Life,1550,monthly,2021-01-09,True,credit_card,False,False
T1000004399,C102881,Personal Accident,400,quarterly,2021-07-01,False,,False,False
T1000004400,C102882,Term Life,1500,monthly,2024-01-03,False,,False,False
T1000004401,C102883,Endowment,3550,semi-annual,2016-09-22,True,credit_card,False,True
T1000004402,C102884,Personal Accident,750,quarterly,2021-12-03,False,,True,False
T1000004403,C102884,Term Life,2250,quarterly,2016-11-26,True,credit_card,False,False
T1000004404,C102885,Personal Accident,250,monthly,2022-01-13,False,,False,False
T1000004405,C102886,Term Life,1800,monthly,2025-09-18,True,credit_card,False,False
T1000004406,C102887,Whole Life,12100,monthly,2023-04-23,True,credit_card,False,False
T1000004407,C102887,Endowment,7700,quarterly,2024-06-22,True,bank_debit,True,False
T1000004408,C102887,Unit Linked,13900,semi-annual,2023-05-27,False,,False,False
T1000004409,C102888,Whole Life,14050,semi-annual,2021-02-16,True,bank_debit,True,False
T1000004410,C102889,Health Rider,1400,monthly,2024-02-26,False,,False,False
T1000004411,C102890,Health Rider,1300,semi-annual,2023-08-12,True,bank_debit,True,False
T1000004412,C102890,Unit Linked,12900,semi-annual,2020-09-28,False,,False,False
T1000004413,C102891,Term Life,2000,quarterly,2023-07-26,False,,False,False
T1000004414,C102891,Personal Accident,850,quarterly,2024-05-04,False,,False,False
T1000004415,C102891,Personal Accident,450,monthly,2022-02-07,True,bank_debit,True,False
T1000004416,C102892,Health Rider,650,monthly,2025-03-06,True,bank_debit,True,False
T1000004417,C102893,Endowment,6700,monthly,2022-04-15,False,,False,False
T1000004418,C102894,Whole Life,11000,monthly,2024-05-24,False,,False,False
T1000004419,C102895,Personal Accident,650,monthly,2021-10-02,False,,False,False
T1000004420,C102896,Unit Linked,11950,monthly,2024-02-26,False,,False,False
T1000004421,C102897,Term Life,550,monthly,2022-06-14,False,,False,False
T1000004422,C102898,Whole Life,7950,quarterly,2021-01-19,False,,False,False
T1000004423,C102898,Whole Life,2450,quarterly,2022-06-22,False,,True,True
T1000004424,C102899,Whole Life,11550,semi-annual,2023-09-30,True,credit_card,True,False
T1000004425,C102899,Endowment,6500,monthly,2023-08-14,False,,False,False
T1000004426,C102900,Health Rider,1900,monthly,2021-07-15,False,,False,False
T1000004427,C102900,Personal Accident,850,monthly,2023-09-21,False,,False,False
T1000004428,C102900,Term Life,600,monthly,2024-08-21,False,,True,False
T1000004429,C102901,Whole Life,14600,quarterly,2018-02-24,True,bank_debit,True,False
T1000004430,C102901,Personal Accident,750,annual,2024-01-07,True,credit_card,False,False
T1000004431,C102902,Whole Life,4200,annual,2021-12-15,True,bank_debit,True,False
T1000004432,C102903,Term Life,800,semi-annual,2022-11-28,False,,False,False
T1000004433,C102904,Term Life,2050,quarterly,2023-07-03,False,,False,False
T1000004434,C102905,Whole Life,11500,monthly,2022-08-28,True,bank_debit,True,False
T1000004435,C102906,Term Life,900,quarterly,2025-06-07,False,,False,False
T1000004436,C102907,Health Rider,1000,monthly,2024-02-27,False,,False,False
T1000004437,C102907,Personal Accident,400,monthly,2023-06-16,True,credit_card,False,False
T1000004438,C102908,Health Rider,450,monthly,2022-05-08,True,credit_card,False,False
T1000004439,C102909,Term Life,950,quarterly,2024-02-04,True,bank_debit,True,False
T1000004440,C102910,Unit Linked,17250,monthly,2025-01-28,False,,False,False
T1000004441,C102911,Endowment,5600,semi-annual,2025-10-22,True,bank_debit,True,False
T1000004442,C102911,Health Rider,800,quarterly,2025-10-08,False,,False,False
T1000004443,C102911,Endowment,9350,annual,2025-09-15,False,,False,False
T1000004444,C102912,Health Rider,950,annual,2025-03-29,False,,False,False
T1000004445,C102912,Term Life,1350,monthly,2025-01-19,False,,False,False
T1000004446,C102913,Term Life,2350,quarterly,2023-06-02,False,,False,False
T1000004447,C102914,Health Rider,650,annual,2020-11-16,True,bank_debit,True,False
T1000004448,C102915,Endowment,4500,annual,2023-02-22,True,bank_debit,True,False
T1000004449,C102915,Term Life,2150,monthly,2022-08-30,False,,False,False
T1000004450,C102915,Term Life,1850,annual,2024-10-25,False,,False,False
T1000004451,C102916,Term Life,1200,quarterly,2023-05-07,True,credit_card,False,False
T1000004452,C102917,Term Life,1250,monthly,2023-11-24,False,,False,False
T1000004453,C102917,Term Life,950,monthly,2021-12-13,False,,False,False
T1000004454,C102918,Endowment,6650,semi-annual,2016-04-07,False,,False,False
T1000004455,C102918,Endowment,6350,annual,2016-01-19,True,credit_card,False,True
T1000004456,C102919,Health Rider,1700,monthly,2020-10-08,True,bank_debit,True,False
T1000004457,C102919,Personal Accident,850,quarterly,2022-11-07,False,,False,False
T1000004458,C102920,Endowment,3450,monthly,2020-03-28,True,credit_card,False,False
T1000004459,C102921,Endowment,10250,annual,2021-05-22,True,credit_card,False,False
T1000004460,C102921,Whole Life,6550,quarterly,2020-03-13,False,,False,False
T1000004461,C102921,Unit Linked,4200,monthly,2022-04-19,True,bank_debit,True,False
T1000004462,C102922,Whole Life,4350,annual,2025-07-27,False,,False,False
T1000004463,C102923,Health Rider,650,monthly,2022-05-20,True,bank_debit,True,False
T1000004464,C102924,Endowment,8600,semi-annual,2025-03-02,True,credit_card,False,False
T1000004465,C102925,Health Rider,1700,quarterly,2022-09-07,False,,True,False
T1000004466,C102926,Term Life,2650,semi-annual,2023-04-22,True,credit_card,False,False
T1000004467,C102927,Term Life,1950,monthly,2022-03-25,True,bank_debit,True,False
T1000004468,C102927,Term Life,2250,monthly,2024-03-09,True,bank_debit,True,False
T1000004469,C102928,Health Rider,1700,semi-annual,2025-03-30,False,,False,False
T1000004470,C102928,Health Rider,1000,quarterly,2025-02-01,False,,False,False
T1000004471,C102929,Personal Accident,650,quarterly,2021-11-30,False,,False,False
T1000004472,C102930,Health Rider,900,quarterly,2022-01-14,False,,False,False
T1000004473,C102930,Health Rider,1100,monthly,2021-01-01,True,credit_card,False,False
T1000004474,C102931,Health Rider,1000,semi-annual,2016-01-23,False,,False,False
T1000004475,C102931,Whole Life,3650,quarterly,2020-09-27,False,,False,True
T1000004476,C102931,Health Rider,1750,annual,2022-03-07,True,bank_debit,True,False
T1000004477,C102932,Personal Accident,700,annual,2022-05-10,True,bank_debit,True,False
T1000004478,C102933,Term Life,1700,annual,2023-08-06,False,,False,False
T1000004479,C102933,Health Rider,650,quarterly,2020-10-16,True,credit_card,False,False
T1000004480,C102934,Whole Life,6850,monthly,2022-10-10,True,bank_debit,True,False
T1000004481,C102934,Personal Accident,350,annual,2023-03-06,True,bank_debit,True,False
T1000004482,C102934,Endowment,6700,semi-annual,2021-09-19,False,,False,False
T1000004483,C102935,Whole Life,3550,monthly,2022-06-04,False,,False,False
T1000004484,C102935,Whole Life,4900,quarterly,2022-08-28,True,bank_debit,True,False
T1000004485,C102936,Term Life,600,quarterly,2025-07-19,True,bank_debit,True,False
T1000004486,C102937,Personal Accident,900,quarterly,2024-10-12,True,credit_card,False,False
T1000004487,C102937,Term Life,550,monthly,2023-04-06,False,,False,False
T1000004488,C102938,Unit Linked,15850,semi-annual,2018-12-30,False,,True,False
T1000004489,C102938,Unit Linked,6800,semi-annual,2014-05-21,True,bank_debit,True,False
T1000004490,C102939,Term Life,1550,monthly,2023-12-29,False,,False,False
T1000004491,C102940,Term Life,1250,annual,2025-10-20,False,,False,False
T1000004492,C102941,Term Life,2900,semi-annual,2022-05-26,False,,False,False
T1000004493,C102942,Unit Linked,13300,annual,2025-09-15,False,,False,False
T1000004494,C102943,Endowment,10600,semi-annual,2018-10-10,False,,False,True
T1000004495,C102944,Unit Linked,9400,quarterly,2021-05-23,True,credit_card,False,False
T1000004496,C102945,Endowment,9900,monthly,2024-08-11,False,,False,False
T1000004497,C102945,Health Rider,1450,semi-annual,2023-11-05,False,,False,False
T1000004498,C102946,Health Rider,1200,quarterly,2023-12-30,True,bank_debit,True,False
T1000004499,C102946,Health Rider,900,semi-annual,2022-10-16,True,credit_card,False,False
T1000004500,C102947,Personal Accident,450,annual,2021-10-13,False,,False,False
T1000004501,C102948,Term Life,1350,quarterly,2025-09-28,False,,False,False
T1000004502,C102949,Endowment,11850,monthly,2024-09-16,True,bank_debit,True,False
T1000004503,C102950,Term Life,2950,quarterly,2023-10-06,False,,True,False
T1000004504,C102951,Personal Accident,500,annual,2022-08-12,True,credit_card,False,False
T1000004505,C102951,Health Rider,1050,semi-annual,2024-12-10,False,,False,False
T1000004506,C102952,Health Rider,1650,annual,2021-04-12,False,,False,False
T1000004507,C102953,Unit Linked,3700,annual,2025-04-10,False,,False,False
T1000004508,C102953,Term Life,1650,annual,2025-07-10,False,,False,False
T1000004509,C102953,Term Life,1850,monthly,2025-01-06,False,,False,False
T1000004510,C102954,Health Rider,550,semi-annual,2020-06-19,False,,False,False
T1000004511,C102955,Unit Linked,15350,annual,2022-01-26,True,credit_card,False,False
T1000004512,C102956,Health Rider,800,monthly,2018-07-03,True,bank_debit,True,False
T1000004513,C102956,Term Life,550,quarterly,2023-04-24,True,credit_card,False,False
T1000004514,C102957,Personal Accident,600,annual,2024-04-01,False,,False,False
T1000004515,C102958,Whole Life,14400,quarterly,2020-10-23,False,,False,False
T1000004516,C102959,Health Rider,500,quarterly,2025-09-12,False,,False,False
T1000004517,C102960,Personal Accident,950,monthly,2023-09-11,False,,False,False
T1000004518,C102960,Term Life,1950,quarterly,2020-02-17,False,,False,False
T1000004519,C102961,Term Life,1050,annual,2022-05-10,False,,True,False
T1000004520,C102962,Personal Accident,600,annual,2023-12-06,True,bank_debit,True,False
T1000004521,C102962,Term Life,2950,quarterly,2020-08-30,False,,False,False
T1000004522,C102963,Unit Linked,17500,semi-annual,2021-07-22,False,,False,False
T1000004523,C102963,Personal Accident,700,quarterly,2020-01-29,False,,False,False
T1000004524,C102964,Term Life,900,monthly,2024-03-20,True,bank_debit,True,False
T1000004525,C102964,Whole Life,8400,annual,2024-06-30,False,,True,False
T1000004526,C102965,Unit Linked,18950,monthly,2015-12-11,True,bank_debit,True,False
T1000004527,C102965,Whole Life,6600,monthly,2017-02-08,True,credit_card,False,False
T1000004528,C102966,Term Life,2150,annual,2015-01-13,False,,False,False
T1000004529,C102966,Endowment,12000,monthly,2020-09-19,True,credit_card,False,True
T1000004530,C102967,Term Life,1750,semi-annual,2016-09-02,False,,False,False
T1000004531,C102967,Unit Linked,14850,annual,2018-04-14,False,,False,False
T1000004532,C102968,Health Rider,1450,monthly,2023-09-11,True,bank_debit,True,False
T1000004533,C102969,Unit Linked,13900,annual,2025-09-16,True,bank_debit,True,False
T1000004534,C102969,Whole Life,14650,monthly,2025-11-10,True,bank_debit,True,False
T1000004535,C102970,Unit Linked,17900,semi-annual,2019-12-02,True,bank_debit,True,False
T1000004536,C102970,Endowment,6450,monthly,2018-06-23,True,bank_debit,True,False
T1000004537,C102971,Term Life,2300,monthly,2021-08-16,False,,False,False
T1000004538,C102972,Personal Accident,800,semi-annual,2022-08-09,False,,False,False
T1000004539,C102972,Unit Linked,17350,monthly,2022-05-08,True,bank_debit,True,False
T1000004540,C102973,Whole Life,12100,quarterly,2016-12-30,False,,False,False
T1000004541,C102974,Term Life,2050,annual,2024-09-28,False,,False,False
T1000004542,C102975,Unit Linked,16400,monthly,2024-09-16,False,,False,False
T1000004543,C102976,Term Life,1400,monthly,2023-11-01,False,,False,False
T1000004544,C102977,Health Rider,1200,monthly,2024-12-22,False,,False,False
T1000004545,C102978,Health Rider,1000,monthly,2020-05-04,False,,False,False
T1000004546,C102979,Unit Linked,15650,quarterly,2017-12-03,True,credit_card,False,False
T1000004547,C102980,Health Rider,350,quarterly,2019-09-17,True,bank_debit,True,False
T1000004548,C102981,Personal Accident,850,annual,2018-09-17,True,bank_debit,True,False
T1000004549,C102982,Health Rider,1700,quarterly,2019-11-24,False,,False,False
T1000004550,C102983,Whole Life,14550,quarterly,2020-05-12,False,,False,False
T1000004551,C102983,Unit Linked,13750,annual,2023-11-05,False,,False,False
T1000004552,C102983,Term Life,2250,monthly,2024-02-20,True,bank_debit,True,False
T1000004553,C102984,Whole Life,9700,monthly,2025-12-09,True,credit_card,False,False
T1000004554,C102984,Health Rider,1700,annual,2025-10-12,False,,False,False
T1000004555,C102985,Term Life,650,annual,2023-12-31,False,,False,False
T1000004556,C102986,Unit Linked,4600,monthly,2021-05-02,False,,False,False
T1000004557,C102987,Term Life,1300,annual,2025-03-04,False,,False,False
T1000004558,C102988,Term Life,1950,monthly,2023-04-06,True,credit_card,False,False
T1000004559,C102989,Whole Life,7550,quarterly,2019-11-18,False,,False,False
T1000004560,C102990,Term Life,2200,annual,2018-07-24,False,,True,False
T1000004561,C102990,Personal Accident,850,monthly,2016-07-13,True,credit_card,False,False
T1000004562,C102991,Unit Linked,11900,monthly,2021-11-01,False,,False,False
T1000004563,C102991,Personal Accident,950,annual,2024-06-04,False,,False,False
T1000004564,C102992,Unit Linked,19550,monthly,2024-06-28,False,,True,False
T1000004565,C102993,Whole Life,6250,semi-annual,2021-10-18,True,credit_card,False,False
T1000004566,C102993,Term Life,2650,monthly,2019-02-12,True,credit_card,False,False
T1000004567,C102994,Endowment,5050,monthly,2022-03-04,True,bank_debit,True,True
T1000004568,C102995,Term Life,950,annual,2023-04-04,True,bank_debit,True,False
T1000004569,C102995,Term Life,850,monthly,2023-10-24,False,,False,False
T1000004570,C102996,Unit Linked,18450,semi-annual,2022-03-01,False,,False,False
T1000004571,C102996,Unit Linked,5900,annual,2022-03-07,False,,False,False
T1000004572,C102996,Personal Accident,900,annual,2020-06-20,False,,False,False
T1000004573,C102997,Term Life,2450,monthly,2024-02-03,False,,False,False
T1000004574,C102998,Endowment,11400,monthly,2019-07-10,True,bank_debit,True,False
T1000004575,C102998,Whole Life,7400,semi-annual,2021-06-22,True,bank_debit,True,False
T1000004576,C102999,Endowment,3300,annual,2017-11-24,True,bank_debit,True,False
T1000004577,C102999,Term Life,2700,quarterly,2023-05-19,True,bank_debit,True,False
